id;name;geoid;geoname;value;datetime
600;Marginal price Day Ahead market Spain;3;Spain;134.49;2025-01-01T00:00:00+01:00
600;Marginal price Day Ahead market Spain;3;Spain;131.59;2025-01-01T01:00:00+01:00
600;Marginal price Day Ahead market Spain;3;Spain;131.49;2025-01-01T02:00:00+01:00
600;Marginal price Day Ahead market Spain;3;Spain;131.42;2025-01-01T03:00:00+01:00
600;Marginal price Day Ahead market Spain;3;Spain;120.49;2025-01-01T04:00:00+01:00
600;Marginal price Day Ahead market Spain;3;Spain;112.3;2025-01-01T05:00:00+01:00
600;Marginal price Day Ahead market Spain;3;Spain;112.3;2025-01-01T06:00:00+01:00
600;Marginal price Day Ahead market Spain;3;Spain;111.88;2025-01-01T07:00:00+01:00
600;Marginal price Day Ahead market Spain;3;Spain;112.09;2025-01-01T08:00:00+01:00
600;Marginal price Day Ahead market Spain;3;Spain;94.99;2025-01-01T09:00:00+01:00
600;Marginal price Day Ahead market Spain;3;Spain;35;2025-01-01T10:00:00+01:00
600;Marginal price Day Ahead market Spain;3;Spain;20.59;2025-01-01T11:00:00+01:00
600;Marginal price Day Ahead market Spain;3;Spain;28.11;2025-01-01T12:00:00+01:00
600;Marginal price Day Ahead market Spain;3;Spain;30;2025-01-01T13:00:00+01:00
600;Marginal price Day Ahead market Spain;3;Spain;21.5;2025-01-01T14:00:00+01:00
600;Marginal price Day Ahead market Spain;3;Spain;10.68;2025-01-01T15:00:00+01:00
600;Marginal price Day Ahead market Spain;3;Spain;72;2025-01-01T16:00:00+01:00
600;Marginal price Day Ahead market Spain;3;Spain;125.49;2025-01-01T17:00:00+01:00
600;Marginal price Day Ahead market Spain;3;Spain;149.72;2025-01-01T18:00:00+01:00
600;Marginal price Day Ahead market Spain;3;Spain;150.67;2025-01-01T19:00:00+01:00
600;Marginal price Day Ahead market Spain;3;Spain;152.99;2025-01-01T20:00:00+01:00
600;Marginal price Day Ahead market Spain;3;Spain;151.69;2025-01-01T21:00:00+01:00
600;Marginal price Day Ahead market Spain;3;Spain;147.75;2025-01-01T22:00:00+01:00
600;Marginal price Day Ahead market Spain;3;Spain;133.06;2025-01-01T23:00:00+01:00
600;Marginal price Day Ahead market Spain;3;Spain;137.12;2025-01-02T00:00:00+01:00
600;Marginal price Day Ahead market Spain;3;Spain;123.03;2025-01-02T01:00:00+01:00
600;Marginal price Day Ahead market Spain;3;Spain;100.2;2025-01-02T02:00:00+01:00
600;Marginal price Day Ahead market Spain;3;Spain;99.82;2025-01-02T03:00:00+01:00
600;Marginal price Day Ahead market Spain;3;Spain;99.82;2025-01-02T04:00:00+01:00
600;Marginal price Day Ahead market Spain;3;Spain;100.08;2025-01-02T05:00:00+01:00
600;Marginal price Day Ahead market Spain;3;Spain;128.44;2025-01-02T06:00:00+01:00
600;Marginal price Day Ahead market Spain;3;Spain;143.96;2025-01-02T07:00:00+01:00
600;Marginal price Day Ahead market Spain;3;Spain;152.92;2025-01-02T08:00:00+01:00
600;Marginal price Day Ahead market Spain;3;Spain;152.16;2025-01-02T09:00:00+01:00
600;Marginal price Day Ahead market Spain;3;Spain;129.04;2025-01-02T10:00:00+01:00
600;Marginal price Day Ahead market Spain;3;Spain;125.7;2025-01-02T11:00:00+01:00
600;Marginal price Day Ahead market Spain;3;Spain;125.72;2025-01-02T12:00:00+01:00
600;Marginal price Day Ahead market Spain;3;Spain;119.3;2025-01-02T13:00:00+01:00
600;Marginal price Day Ahead market Spain;3;Spain;124.65;2025-01-02T14:00:00+01:00
600;Marginal price Day Ahead market Spain;3;Spain;130.11;2025-01-02T15:00:00+01:00
600;Marginal price Day Ahead market Spain;3;Spain;139.5;2025-01-02T16:00:00+01:00
600;Marginal price Day Ahead market Spain;3;Spain;153.4;2025-01-02T17:00:00+01:00
600;Marginal price Day Ahead market Spain;3;Spain;159.18;2025-01-02T18:00:00+01:00
600;Marginal price Day Ahead market Spain;3;Spain;160.99;2025-01-02T19:00:00+01:00
600;Marginal price Day Ahead market Spain;3;Spain;161.1;2025-01-02T20:00:00+01:00
600;Marginal price Day Ahead market Spain;3;Spain;157.88;2025-01-02T21:00:00+01:00
600;Marginal price Day Ahead market Spain;3;Spain;152.44;2025-01-02T22:00:00+01:00
600;Marginal price Day Ahead market Spain;3;Spain;140;2025-01-02T23:00:00+01:00
600;Marginal price Day Ahead market Spain;3;Spain;121.52;2025-01-03T00:00:00+01:00
600;Marginal price Day Ahead market Spain;3;Spain;104.9;2025-01-03T01:00:00+01:00
600;Marginal price Day Ahead market Spain;3;Spain;93.94;2025-01-03T02:00:00+01:00
600;Marginal price Day Ahead market Spain;3;Spain;91.1;2025-01-03T03:00:00+01:00
600;Marginal price Day Ahead market Spain;3;Spain;88.46;2025-01-03T04:00:00+01:00
600;Marginal price Day Ahead market Spain;3;Spain;92.25;2025-01-03T05:00:00+01:00
600;Marginal price Day Ahead market Spain;3;Spain;100.14;2025-01-03T06:00:00+01:00
600;Marginal price Day Ahead market Spain;3;Spain;126;2025-01-03T07:00:00+01:00
600;Marginal price Day Ahead market Spain;3;Spain;141.2;2025-01-03T08:00:00+01:00
600;Marginal price Day Ahead market Spain;3;Spain;138;2025-01-03T09:00:00+01:00
600;Marginal price Day Ahead market Spain;3;Spain;130.52;2025-01-03T10:00:00+01:00
600;Marginal price Day Ahead market Spain;3;Spain;123.2;2025-01-03T11:00:00+01:00
600;Marginal price Day Ahead market Spain;3;Spain;113.51;2025-01-03T12:00:00+01:00
600;Marginal price Day Ahead market Spain;3;Spain;107.6;2025-01-03T13:00:00+01:00
600;Marginal price Day Ahead market Spain;3;Spain;105.88;2025-01-03T14:00:00+01:00
600;Marginal price Day Ahead market Spain;3;Spain;110.22;2025-01-03T15:00:00+01:00
600;Marginal price Day Ahead market Spain;3;Spain;123.2;2025-01-03T16:00:00+01:00
600;Marginal price Day Ahead market Spain;3;Spain;141.2;2025-01-03T17:00:00+01:00
600;Marginal price Day Ahead market Spain;3;Spain;149.62;2025-01-03T18:00:00+01:00
600;Marginal price Day Ahead market Spain;3;Spain;151.25;2025-01-03T19:00:00+01:00
600;Marginal price Day Ahead market Spain;3;Spain;151.25;2025-01-03T20:00:00+01:00
600;Marginal price Day Ahead market Spain;3;Spain;149.12;2025-01-03T21:00:00+01:00
600;Marginal price Day Ahead market Spain;3;Spain;145.58;2025-01-03T22:00:00+01:00
600;Marginal price Day Ahead market Spain;3;Spain;136.42;2025-01-03T23:00:00+01:00
600;Marginal price Day Ahead market Spain;3;Spain;109.06;2025-01-04T00:00:00+01:00
600;Marginal price Day Ahead market Spain;3;Spain;101;2025-01-04T01:00:00+01:00
600;Marginal price Day Ahead market Spain;3;Spain;95.53;2025-01-04T02:00:00+01:00
600;Marginal price Day Ahead market Spain;3;Spain;94.33;2025-01-04T03:00:00+01:00
600;Marginal price Day Ahead market Spain;3;Spain;96.62;2025-01-04T04:00:00+01:00
600;Marginal price Day Ahead market Spain;3;Spain;102.63;2025-01-04T05:00:00+01:00
600;Marginal price Day Ahead market Spain;3;Spain;110.89;2025-01-04T06:00:00+01:00
600;Marginal price Day Ahead market Spain;3;Spain;120.25;2025-01-04T07:00:00+01:00
600;Marginal price Day Ahead market Spain;3;Spain;128.39;2025-01-04T08:00:00+01:00
600;Marginal price Day Ahead market Spain;3;Spain;128.41;2025-01-04T09:00:00+01:00
600;Marginal price Day Ahead market Spain;3;Spain;118.99;2025-01-04T10:00:00+01:00
600;Marginal price Day Ahead market Spain;3;Spain;99;2025-01-04T11:00:00+01:00
600;Marginal price Day Ahead market Spain;3;Spain;82.52;2025-01-04T12:00:00+01:00
600;Marginal price Day Ahead market Spain;3;Spain;82.27;2025-01-04T13:00:00+01:00
600;Marginal price Day Ahead market Spain;3;Spain;88.22;2025-01-04T14:00:00+01:00
600;Marginal price Day Ahead market Spain;3;Spain;97.35;2025-01-04T15:00:00+01:00
600;Marginal price Day Ahead market Spain;3;Spain;119.47;2025-01-04T16:00:00+01:00
600;Marginal price Day Ahead market Spain;3;Spain;134.63;2025-01-04T17:00:00+01:00
600;Marginal price Day Ahead market Spain;3;Spain;145;2025-01-04T18:00:00+01:00
600;Marginal price Day Ahead market Spain;3;Spain;139.73;2025-01-04T19:00:00+01:00
600;Marginal price Day Ahead market Spain;3;Spain;130.49;2025-01-04T20:00:00+01:00
600;Marginal price Day Ahead market Spain;3;Spain;123.82;2025-01-04T21:00:00+01:00
600;Marginal price Day Ahead market Spain;3;Spain;119.23;2025-01-04T22:00:00+01:00
600;Marginal price Day Ahead market Spain;3;Spain;109.9;2025-01-04T23:00:00+01:00
600;Marginal price Day Ahead market Spain;3;Spain;101.77;2025-01-05T00:00:00+01:00
600;Marginal price Day Ahead market Spain;3;Spain;70.5;2025-01-05T01:00:00+01:00
600;Marginal price Day Ahead market Spain;3;Spain;64.81;2025-01-05T02:00:00+01:00
600;Marginal price Day Ahead market Spain;3;Spain;46.7;2025-01-05T03:00:00+01:00
600;Marginal price Day Ahead market Spain;3;Spain;43.87;2025-01-05T04:00:00+01:00
600;Marginal price Day Ahead market Spain;3;Spain;36.61;2025-01-05T05:00:00+01:00
600;Marginal price Day Ahead market Spain;3;Spain;34.04;2025-01-05T06:00:00+01:00
600;Marginal price Day Ahead market Spain;3;Spain;44;2025-01-05T07:00:00+01:00
600;Marginal price Day Ahead market Spain;3;Spain;51.27;2025-01-05T08:00:00+01:00
600;Marginal price Day Ahead market Spain;3;Spain;50;2025-01-05T09:00:00+01:00
600;Marginal price Day Ahead market Spain;3;Spain;49.81;2025-01-05T10:00:00+01:00
600;Marginal price Day Ahead market Spain;3;Spain;43.05;2025-01-05T11:00:00+01:00
600;Marginal price Day Ahead market Spain;3;Spain;45.74;2025-01-05T12:00:00+01:00
600;Marginal price Day Ahead market Spain;3;Spain;35.19;2025-01-05T13:00:00+01:00
600;Marginal price Day Ahead market Spain;3;Spain;30;2025-01-05T14:00:00+01:00
600;Marginal price Day Ahead market Spain;3;Spain;28;2025-01-05T15:00:00+01:00
600;Marginal price Day Ahead market Spain;3;Spain;35.22;2025-01-05T16:00:00+01:00
600;Marginal price Day Ahead market Spain;3;Spain;57.72;2025-01-05T17:00:00+01:00
600;Marginal price Day Ahead market Spain;3;Spain;64.81;2025-01-05T18:00:00+01:00
600;Marginal price Day Ahead market Spain;3;Spain;64.81;2025-01-05T19:00:00+01:00
600;Marginal price Day Ahead market Spain;3;Spain;65.2;2025-01-05T20:00:00+01:00
600;Marginal price Day Ahead market Spain;3;Spain;68.5;2025-01-05T21:00:00+01:00
600;Marginal price Day Ahead market Spain;3;Spain;60;2025-01-05T22:00:00+01:00
600;Marginal price Day Ahead market Spain;3;Spain;43.01;2025-01-05T23:00:00+01:00
600;Marginal price Day Ahead market Spain;3;Spain;13.28;2025-01-06T00:00:00+01:00
600;Marginal price Day Ahead market Spain;3;Spain;8.35;2025-01-06T01:00:00+01:00
600;Marginal price Day Ahead market Spain;3;Spain;5.23;2025-01-06T02:00:00+01:00
600;Marginal price Day Ahead market Spain;3;Spain;3.52;2025-01-06T03:00:00+01:00
600;Marginal price Day Ahead market Spain;3;Spain;3.52;2025-01-06T04:00:00+01:00
600;Marginal price Day Ahead market Spain;3;Spain;5.61;2025-01-06T05:00:00+01:00
600;Marginal price Day Ahead market Spain;3;Spain;11.27;2025-01-06T06:00:00+01:00
600;Marginal price Day Ahead market Spain;3;Spain;37;2025-01-06T07:00:00+01:00
600;Marginal price Day Ahead market Spain;3;Spain;58.15;2025-01-06T08:00:00+01:00
600;Marginal price Day Ahead market Spain;3;Spain;51.15;2025-01-06T09:00:00+01:00
600;Marginal price Day Ahead market Spain;3;Spain;40.81;2025-01-06T10:00:00+01:00
600;Marginal price Day Ahead market Spain;3;Spain;32.83;2025-01-06T11:00:00+01:00
600;Marginal price Day Ahead market Spain;3;Spain;31.28;2025-01-06T12:00:00+01:00
600;Marginal price Day Ahead market Spain;3;Spain;22.99;2025-01-06T13:00:00+01:00
600;Marginal price Day Ahead market Spain;3;Spain;14;2025-01-06T14:00:00+01:00
600;Marginal price Day Ahead market Spain;3;Spain;14;2025-01-06T15:00:00+01:00
600;Marginal price Day Ahead market Spain;3;Spain;38.49;2025-01-06T16:00:00+01:00
600;Marginal price Day Ahead market Spain;3;Spain;67.5;2025-01-06T17:00:00+01:00
600;Marginal price Day Ahead market Spain;3;Spain;91.4;2025-01-06T18:00:00+01:00
600;Marginal price Day Ahead market Spain;3;Spain;110;2025-01-06T19:00:00+01:00
600;Marginal price Day Ahead market Spain;3;Spain;116.2;2025-01-06T20:00:00+01:00
600;Marginal price Day Ahead market Spain;3;Spain;117.78;2025-01-06T21:00:00+01:00
600;Marginal price Day Ahead market Spain;3;Spain;105.93;2025-01-06T22:00:00+01:00
600;Marginal price Day Ahead market Spain;3;Spain;90;2025-01-06T23:00:00+01:00
600;Marginal price Day Ahead market Spain;3;Spain;64.07;2025-01-07T00:00:00+01:00
600;Marginal price Day Ahead market Spain;3;Spain;60;2025-01-07T01:00:00+01:00
600;Marginal price Day Ahead market Spain;3;Spain;49.9;2025-01-07T02:00:00+01:00
600;Marginal price Day Ahead market Spain;3;Spain;38.41;2025-01-07T03:00:00+01:00
600;Marginal price Day Ahead market Spain;3;Spain;19.2;2025-01-07T04:00:00+01:00
600;Marginal price Day Ahead market Spain;3;Spain;38.7;2025-01-07T05:00:00+01:00
600;Marginal price Day Ahead market Spain;3;Spain;60.08;2025-01-07T06:00:00+01:00
600;Marginal price Day Ahead market Spain;3;Spain;97.56;2025-01-07T07:00:00+01:00
600;Marginal price Day Ahead market Spain;3;Spain;115;2025-01-07T08:00:00+01:00
600;Marginal price Day Ahead market Spain;3;Spain;105.18;2025-01-07T09:00:00+01:00
600;Marginal price Day Ahead market Spain;3;Spain;93.49;2025-01-07T10:00:00+01:00
600;Marginal price Day Ahead market Spain;3;Spain;74.93;2025-01-07T11:00:00+01:00
600;Marginal price Day Ahead market Spain;3;Spain;71.25;2025-01-07T12:00:00+01:00
600;Marginal price Day Ahead market Spain;3;Spain;71.62;2025-01-07T13:00:00+01:00
600;Marginal price Day Ahead market Spain;3;Spain;72.57;2025-01-07T14:00:00+01:00
600;Marginal price Day Ahead market Spain;3;Spain;85;2025-01-07T15:00:00+01:00
600;Marginal price Day Ahead market Spain;3;Spain;100.64;2025-01-07T16:00:00+01:00
600;Marginal price Day Ahead market Spain;3;Spain;118.34;2025-01-07T17:00:00+01:00
600;Marginal price Day Ahead market Spain;3;Spain;128.87;2025-01-07T18:00:00+01:00
600;Marginal price Day Ahead market Spain;3;Spain;125;2025-01-07T19:00:00+01:00
600;Marginal price Day Ahead market Spain;3;Spain;113.97;2025-01-07T20:00:00+01:00
600;Marginal price Day Ahead market Spain;3;Spain;110.76;2025-01-07T21:00:00+01:00
600;Marginal price Day Ahead market Spain;3;Spain;98.53;2025-01-07T22:00:00+01:00
600;Marginal price Day Ahead market Spain;3;Spain;89.27;2025-01-07T23:00:00+01:00
600;Marginal price Day Ahead market Spain;3;Spain;74.23;2025-01-08T00:00:00+01:00
600;Marginal price Day Ahead market Spain;3;Spain;69.5;2025-01-08T01:00:00+01:00
600;Marginal price Day Ahead market Spain;3;Spain;59.97;2025-01-08T02:00:00+01:00
600;Marginal price Day Ahead market Spain;3;Spain;53;2025-01-08T03:00:00+01:00
600;Marginal price Day Ahead market Spain;3;Spain;59.52;2025-01-08T04:00:00+01:00
600;Marginal price Day Ahead market Spain;3;Spain;70.2;2025-01-08T05:00:00+01:00
600;Marginal price Day Ahead market Spain;3;Spain;97.41;2025-01-08T06:00:00+01:00
600;Marginal price Day Ahead market Spain;3;Spain;124.39;2025-01-08T07:00:00+01:00
600;Marginal price Day Ahead market Spain;3;Spain;135.01;2025-01-08T08:00:00+01:00
600;Marginal price Day Ahead market Spain;3;Spain;130.01;2025-01-08T09:00:00+01:00
600;Marginal price Day Ahead market Spain;3;Spain;108.8;2025-01-08T10:00:00+01:00
600;Marginal price Day Ahead market Spain;3;Spain;104.46;2025-01-08T11:00:00+01:00
600;Marginal price Day Ahead market Spain;3;Spain;97.57;2025-01-08T12:00:00+01:00
600;Marginal price Day Ahead market Spain;3;Spain;90.79;2025-01-08T13:00:00+01:00
600;Marginal price Day Ahead market Spain;3;Spain;88.81;2025-01-08T14:00:00+01:00
600;Marginal price Day Ahead market Spain;3;Spain;90.01;2025-01-08T15:00:00+01:00
600;Marginal price Day Ahead market Spain;3;Spain;105.48;2025-01-08T16:00:00+01:00
600;Marginal price Day Ahead market Spain;3;Spain;113.75;2025-01-08T17:00:00+01:00
600;Marginal price Day Ahead market Spain;3;Spain;122;2025-01-08T18:00:00+01:00
600;Marginal price Day Ahead market Spain;3;Spain;131;2025-01-08T19:00:00+01:00
600;Marginal price Day Ahead market Spain;3;Spain;124.81;2025-01-08T20:00:00+01:00
600;Marginal price Day Ahead market Spain;3;Spain;112.66;2025-01-08T21:00:00+01:00
600;Marginal price Day Ahead market Spain;3;Spain;111.9;2025-01-08T22:00:00+01:00
600;Marginal price Day Ahead market Spain;3;Spain;98.77;2025-01-08T23:00:00+01:00
600;Marginal price Day Ahead market Spain;3;Spain;60.38;2025-01-09T00:00:00+01:00
600;Marginal price Day Ahead market Spain;3;Spain;49.9;2025-01-09T01:00:00+01:00
600;Marginal price Day Ahead market Spain;3;Spain;40.52;2025-01-09T02:00:00+01:00
600;Marginal price Day Ahead market Spain;3;Spain;25.61;2025-01-09T03:00:00+01:00
600;Marginal price Day Ahead market Spain;3;Spain;13.01;2025-01-09T04:00:00+01:00
600;Marginal price Day Ahead market Spain;3;Spain;30.29;2025-01-09T05:00:00+01:00
600;Marginal price Day Ahead market Spain;3;Spain;60.08;2025-01-09T06:00:00+01:00
600;Marginal price Day Ahead market Spain;3;Spain;90.79;2025-01-09T07:00:00+01:00
600;Marginal price Day Ahead market Spain;3;Spain;100.99;2025-01-09T08:00:00+01:00
600;Marginal price Day Ahead market Spain;3;Spain;102.44;2025-01-09T09:00:00+01:00
600;Marginal price Day Ahead market Spain;3;Spain;97.45;2025-01-09T10:00:00+01:00
600;Marginal price Day Ahead market Spain;3;Spain;90.41;2025-01-09T11:00:00+01:00
600;Marginal price Day Ahead market Spain;3;Spain;88.34;2025-01-09T12:00:00+01:00
600;Marginal price Day Ahead market Spain;3;Spain;79.9;2025-01-09T13:00:00+01:00
600;Marginal price Day Ahead market Spain;3;Spain;79.05;2025-01-09T14:00:00+01:00
600;Marginal price Day Ahead market Spain;3;Spain;85.09;2025-01-09T15:00:00+01:00
600;Marginal price Day Ahead market Spain;3;Spain;109.4;2025-01-09T16:00:00+01:00
600;Marginal price Day Ahead market Spain;3;Spain;131.62;2025-01-09T17:00:00+01:00
600;Marginal price Day Ahead market Spain;3;Spain;135.73;2025-01-09T18:00:00+01:00
600;Marginal price Day Ahead market Spain;3;Spain;135.01;2025-01-09T19:00:00+01:00
600;Marginal price Day Ahead market Spain;3;Spain;141.27;2025-01-09T20:00:00+01:00
600;Marginal price Day Ahead market Spain;3;Spain;135.01;2025-01-09T21:00:00+01:00
600;Marginal price Day Ahead market Spain;3;Spain;114.38;2025-01-09T22:00:00+01:00
600;Marginal price Day Ahead market Spain;3;Spain;101;2025-01-09T23:00:00+01:00
600;Marginal price Day Ahead market Spain;3;Spain;98.11;2025-01-10T00:00:00+01:00
600;Marginal price Day Ahead market Spain;3;Spain;80.25;2025-01-10T01:00:00+01:00
600;Marginal price Day Ahead market Spain;3;Spain;72.09;2025-01-10T02:00:00+01:00
600;Marginal price Day Ahead market Spain;3;Spain;69.94;2025-01-10T03:00:00+01:00
600;Marginal price Day Ahead market Spain;3;Spain;70.07;2025-01-10T04:00:00+01:00
600;Marginal price Day Ahead market Spain;3;Spain;85.06;2025-01-10T05:00:00+01:00
600;Marginal price Day Ahead market Spain;3;Spain;101.8;2025-01-10T06:00:00+01:00
600;Marginal price Day Ahead market Spain;3;Spain;126.12;2025-01-10T07:00:00+01:00
600;Marginal price Day Ahead market Spain;3;Spain;140.33;2025-01-10T08:00:00+01:00
600;Marginal price Day Ahead market Spain;3;Spain;137.22;2025-01-10T09:00:00+01:00
600;Marginal price Day Ahead market Spain;3;Spain;123.57;2025-01-10T10:00:00+01:00
600;Marginal price Day Ahead market Spain;3;Spain;113.59;2025-01-10T11:00:00+01:00
600;Marginal price Day Ahead market Spain;3;Spain;107.43;2025-01-10T12:00:00+01:00
600;Marginal price Day Ahead market Spain;3;Spain;105.01;2025-01-10T13:00:00+01:00
600;Marginal price Day Ahead market Spain;3;Spain;108.18;2025-01-10T14:00:00+01:00
600;Marginal price Day Ahead market Spain;3;Spain;111.61;2025-01-10T15:00:00+01:00
600;Marginal price Day Ahead market Spain;3;Spain;118.76;2025-01-10T16:00:00+01:00
600;Marginal price Day Ahead market Spain;3;Spain;132.58;2025-01-10T17:00:00+01:00
600;Marginal price Day Ahead market Spain;3;Spain;144.28;2025-01-10T18:00:00+01:00
600;Marginal price Day Ahead market Spain;3;Spain;141.27;2025-01-10T19:00:00+01:00
600;Marginal price Day Ahead market Spain;3;Spain;134.83;2025-01-10T20:00:00+01:00
600;Marginal price Day Ahead market Spain;3;Spain;122.51;2025-01-10T21:00:00+01:00
600;Marginal price Day Ahead market Spain;3;Spain;119.79;2025-01-10T22:00:00+01:00
600;Marginal price Day Ahead market Spain;3;Spain;112;2025-01-10T23:00:00+01:00
600;Marginal price Day Ahead market Spain;3;Spain;112;2025-01-11T00:00:00+01:00
600;Marginal price Day Ahead market Spain;3;Spain;100.61;2025-01-11T01:00:00+01:00
600;Marginal price Day Ahead market Spain;3;Spain;96.32;2025-01-11T02:00:00+01:00
600;Marginal price Day Ahead market Spain;3;Spain;84.49;2025-01-11T03:00:00+01:00
600;Marginal price Day Ahead market Spain;3;Spain;79.78;2025-01-11T04:00:00+01:00
600;Marginal price Day Ahead market Spain;3;Spain;84.1;2025-01-11T05:00:00+01:00
600;Marginal price Day Ahead market Spain;3;Spain;95.46;2025-01-11T06:00:00+01:00
600;Marginal price Day Ahead market Spain;3;Spain;84.9;2025-01-11T07:00:00+01:00
600;Marginal price Day Ahead market Spain;3;Spain;97;2025-01-11T08:00:00+01:00
600;Marginal price Day Ahead market Spain;3;Spain;105.53;2025-01-11T09:00:00+01:00
600;Marginal price Day Ahead market Spain;3;Spain;109.71;2025-01-11T10:00:00+01:00
600;Marginal price Day Ahead market Spain;3;Spain;87.14;2025-01-11T11:00:00+01:00
600;Marginal price Day Ahead market Spain;3;Spain;78.78;2025-01-11T12:00:00+01:00
600;Marginal price Day Ahead market Spain;3;Spain;70;2025-01-11T13:00:00+01:00
600;Marginal price Day Ahead market Spain;3;Spain;64.75;2025-01-11T14:00:00+01:00
600;Marginal price Day Ahead market Spain;3;Spain;60.3;2025-01-11T15:00:00+01:00
600;Marginal price Day Ahead market Spain;3;Spain;78.91;2025-01-11T16:00:00+01:00
600;Marginal price Day Ahead market Spain;3;Spain;113.3;2025-01-11T17:00:00+01:00
600;Marginal price Day Ahead market Spain;3;Spain;118.87;2025-01-11T18:00:00+01:00
600;Marginal price Day Ahead market Spain;3;Spain;123.55;2025-01-11T19:00:00+01:00
600;Marginal price Day Ahead market Spain;3;Spain;119.95;2025-01-11T20:00:00+01:00
600;Marginal price Day Ahead market Spain;3;Spain;116.2;2025-01-11T21:00:00+01:00
600;Marginal price Day Ahead market Spain;3;Spain;113.27;2025-01-11T22:00:00+01:00
600;Marginal price Day Ahead market Spain;3;Spain;106.1;2025-01-11T23:00:00+01:00
600;Marginal price Day Ahead market Spain;3;Spain;110.36;2025-01-12T00:00:00+01:00
600;Marginal price Day Ahead market Spain;3;Spain;97.57;2025-01-12T01:00:00+01:00
600;Marginal price Day Ahead market Spain;3;Spain;90;2025-01-12T02:00:00+01:00
600;Marginal price Day Ahead market Spain;3;Spain;85.91;2025-01-12T03:00:00+01:00
600;Marginal price Day Ahead market Spain;3;Spain;85;2025-01-12T04:00:00+01:00
600;Marginal price Day Ahead market Spain;3;Spain;85.2;2025-01-12T05:00:00+01:00
600;Marginal price Day Ahead market Spain;3;Spain;85.65;2025-01-12T06:00:00+01:00
600;Marginal price Day Ahead market Spain;3;Spain;79.63;2025-01-12T07:00:00+01:00
600;Marginal price Day Ahead market Spain;3;Spain;85.2;2025-01-12T08:00:00+01:00
600;Marginal price Day Ahead market Spain;3;Spain;77.24;2025-01-12T09:00:00+01:00
600;Marginal price Day Ahead market Spain;3;Spain;40;2025-01-12T10:00:00+01:00
600;Marginal price Day Ahead market Spain;3;Spain;12.17;2025-01-12T11:00:00+01:00
600;Marginal price Day Ahead market Spain;3;Spain;3.6;2025-01-12T12:00:00+01:00
600;Marginal price Day Ahead market Spain;3;Spain;3.52;2025-01-12T13:00:00+01:00
600;Marginal price Day Ahead market Spain;3;Spain;3.52;2025-01-12T14:00:00+01:00
600;Marginal price Day Ahead market Spain;3;Spain;2.4;2025-01-12T15:00:00+01:00
600;Marginal price Day Ahead market Spain;3;Spain;10.96;2025-01-12T16:00:00+01:00
600;Marginal price Day Ahead market Spain;3;Spain;89.07;2025-01-12T17:00:00+01:00
600;Marginal price Day Ahead market Spain;3;Spain;116.28;2025-01-12T18:00:00+01:00
600;Marginal price Day Ahead market Spain;3;Spain;126.8;2025-01-12T19:00:00+01:00
600;Marginal price Day Ahead market Spain;3;Spain;124;2025-01-12T20:00:00+01:00
600;Marginal price Day Ahead market Spain;3;Spain;123.67;2025-01-12T21:00:00+01:00
600;Marginal price Day Ahead market Spain;3;Spain;116.73;2025-01-12T22:00:00+01:00
600;Marginal price Day Ahead market Spain;3;Spain;114.9;2025-01-12T23:00:00+01:00
600;Marginal price Day Ahead market Spain;3;Spain;112.39;2025-01-13T00:00:00+01:00
600;Marginal price Day Ahead market Spain;3;Spain;105.07;2025-01-13T01:00:00+01:00
600;Marginal price Day Ahead market Spain;3;Spain;104.46;2025-01-13T02:00:00+01:00
600;Marginal price Day Ahead market Spain;3;Spain;100.37;2025-01-13T03:00:00+01:00
600;Marginal price Day Ahead market Spain;3;Spain;100;2025-01-13T04:00:00+01:00
600;Marginal price Day Ahead market Spain;3;Spain;109.13;2025-01-13T05:00:00+01:00
600;Marginal price Day Ahead market Spain;3;Spain;127.14;2025-01-13T06:00:00+01:00
600;Marginal price Day Ahead market Spain;3;Spain;141.29;2025-01-13T07:00:00+01:00
600;Marginal price Day Ahead market Spain;3;Spain;180;2025-01-13T08:00:00+01:00
600;Marginal price Day Ahead market Spain;3;Spain;145.67;2025-01-13T09:00:00+01:00
600;Marginal price Day Ahead market Spain;3;Spain;128.38;2025-01-13T10:00:00+01:00
600;Marginal price Day Ahead market Spain;3;Spain;111.92;2025-01-13T11:00:00+01:00
600;Marginal price Day Ahead market Spain;3;Spain;105.22;2025-01-13T12:00:00+01:00
600;Marginal price Day Ahead market Spain;3;Spain;100.81;2025-01-13T13:00:00+01:00
600;Marginal price Day Ahead market Spain;3;Spain;104.91;2025-01-13T14:00:00+01:00
600;Marginal price Day Ahead market Spain;3;Spain;110.72;2025-01-13T15:00:00+01:00
600;Marginal price Day Ahead market Spain;3;Spain;126.64;2025-01-13T16:00:00+01:00
600;Marginal price Day Ahead market Spain;3;Spain;145.37;2025-01-13T17:00:00+01:00
600;Marginal price Day Ahead market Spain;3;Spain;157.07;2025-01-13T18:00:00+01:00
600;Marginal price Day Ahead market Spain;3;Spain;158.39;2025-01-13T19:00:00+01:00
600;Marginal price Day Ahead market Spain;3;Spain;146.39;2025-01-13T20:00:00+01:00
600;Marginal price Day Ahead market Spain;3;Spain;143.02;2025-01-13T21:00:00+01:00
600;Marginal price Day Ahead market Spain;3;Spain;135.01;2025-01-13T22:00:00+01:00
600;Marginal price Day Ahead market Spain;3;Spain;120.1;2025-01-13T23:00:00+01:00
600;Marginal price Day Ahead market Spain;3;Spain;122.19;2025-01-14T00:00:00+01:00
600;Marginal price Day Ahead market Spain;3;Spain;117.67;2025-01-14T01:00:00+01:00
600;Marginal price Day Ahead market Spain;3;Spain;114.53;2025-01-14T02:00:00+01:00
600;Marginal price Day Ahead market Spain;3;Spain;112.2;2025-01-14T03:00:00+01:00
600;Marginal price Day Ahead market Spain;3;Spain;112.2;2025-01-14T04:00:00+01:00
600;Marginal price Day Ahead market Spain;3;Spain;114.34;2025-01-14T05:00:00+01:00
600;Marginal price Day Ahead market Spain;3;Spain;138.52;2025-01-14T06:00:00+01:00
600;Marginal price Day Ahead market Spain;3;Spain;156;2025-01-14T07:00:00+01:00
600;Marginal price Day Ahead market Spain;3;Spain;186.54;2025-01-14T08:00:00+01:00
600;Marginal price Day Ahead market Spain;3;Spain;152.47;2025-01-14T09:00:00+01:00
600;Marginal price Day Ahead market Spain;3;Spain;133.76;2025-01-14T10:00:00+01:00
600;Marginal price Day Ahead market Spain;3;Spain;114.53;2025-01-14T11:00:00+01:00
600;Marginal price Day Ahead market Spain;3;Spain;112.37;2025-01-14T12:00:00+01:00
600;Marginal price Day Ahead market Spain;3;Spain;111.63;2025-01-14T13:00:00+01:00
600;Marginal price Day Ahead market Spain;3;Spain;114.53;2025-01-14T14:00:00+01:00
600;Marginal price Day Ahead market Spain;3;Spain;115.03;2025-01-14T15:00:00+01:00
600;Marginal price Day Ahead market Spain;3;Spain;132.53;2025-01-14T16:00:00+01:00
600;Marginal price Day Ahead market Spain;3;Spain;160.87;2025-01-14T17:00:00+01:00
600;Marginal price Day Ahead market Spain;3;Spain;188.31;2025-01-14T18:00:00+01:00
600;Marginal price Day Ahead market Spain;3;Spain;189.54;2025-01-14T19:00:00+01:00
600;Marginal price Day Ahead market Spain;3;Spain;165.57;2025-01-14T20:00:00+01:00
600;Marginal price Day Ahead market Spain;3;Spain;152;2025-01-14T21:00:00+01:00
600;Marginal price Day Ahead market Spain;3;Spain;148.68;2025-01-14T22:00:00+01:00
600;Marginal price Day Ahead market Spain;3;Spain;141.98;2025-01-14T23:00:00+01:00
600;Marginal price Day Ahead market Spain;3;Spain;132.4;2025-01-15T00:00:00+01:00
600;Marginal price Day Ahead market Spain;3;Spain;122.4;2025-01-15T01:00:00+01:00
600;Marginal price Day Ahead market Spain;3;Spain;118.6;2025-01-15T02:00:00+01:00
600;Marginal price Day Ahead market Spain;3;Spain;118.42;2025-01-15T03:00:00+01:00
600;Marginal price Day Ahead market Spain;3;Spain;118.13;2025-01-15T04:00:00+01:00
600;Marginal price Day Ahead market Spain;3;Spain;118.13;2025-01-15T05:00:00+01:00
600;Marginal price Day Ahead market Spain;3;Spain;135.56;2025-01-15T06:00:00+01:00
600;Marginal price Day Ahead market Spain;3;Spain;167.32;2025-01-15T07:00:00+01:00
600;Marginal price Day Ahead market Spain;3;Spain;225;2025-01-15T08:00:00+01:00
600;Marginal price Day Ahead market Spain;3;Spain;160;2025-01-15T09:00:00+01:00
600;Marginal price Day Ahead market Spain;3;Spain;138.92;2025-01-15T10:00:00+01:00
600;Marginal price Day Ahead market Spain;3;Spain;132.7;2025-01-15T11:00:00+01:00
600;Marginal price Day Ahead market Spain;3;Spain;126;2025-01-15T12:00:00+01:00
600;Marginal price Day Ahead market Spain;3;Spain;122.4;2025-01-15T13:00:00+01:00
600;Marginal price Day Ahead market Spain;3;Spain;115.58;2025-01-15T14:00:00+01:00
600;Marginal price Day Ahead market Spain;3;Spain;117.81;2025-01-15T15:00:00+01:00
600;Marginal price Day Ahead market Spain;3;Spain;135;2025-01-15T16:00:00+01:00
600;Marginal price Day Ahead market Spain;3;Spain;143.2;2025-01-15T17:00:00+01:00
600;Marginal price Day Ahead market Spain;3;Spain;167.32;2025-01-15T18:00:00+01:00
600;Marginal price Day Ahead market Spain;3;Spain;178.97;2025-01-15T19:00:00+01:00
600;Marginal price Day Ahead market Spain;3;Spain;168.78;2025-01-15T20:00:00+01:00
600;Marginal price Day Ahead market Spain;3;Spain;150.97;2025-01-15T21:00:00+01:00
600;Marginal price Day Ahead market Spain;3;Spain;138.77;2025-01-15T22:00:00+01:00
600;Marginal price Day Ahead market Spain;3;Spain;123.9;2025-01-15T23:00:00+01:00
600;Marginal price Day Ahead market Spain;3;Spain;124.33;2025-01-16T00:00:00+01:00
600;Marginal price Day Ahead market Spain;3;Spain;118.41;2025-01-16T01:00:00+01:00
600;Marginal price Day Ahead market Spain;3;Spain;114;2025-01-16T02:00:00+01:00
600;Marginal price Day Ahead market Spain;3;Spain;108.58;2025-01-16T03:00:00+01:00
600;Marginal price Day Ahead market Spain;3;Spain;108.59;2025-01-16T04:00:00+01:00
600;Marginal price Day Ahead market Spain;3;Spain;118.1;2025-01-16T05:00:00+01:00
600;Marginal price Day Ahead market Spain;3;Spain;130.8;2025-01-16T06:00:00+01:00
600;Marginal price Day Ahead market Spain;3;Spain;148.04;2025-01-16T07:00:00+01:00
600;Marginal price Day Ahead market Spain;3;Spain;199.94;2025-01-16T08:00:00+01:00
600;Marginal price Day Ahead market Spain;3;Spain;155.11;2025-01-16T09:00:00+01:00
600;Marginal price Day Ahead market Spain;3;Spain;129.9;2025-01-16T10:00:00+01:00
600;Marginal price Day Ahead market Spain;3;Spain;114;2025-01-16T11:00:00+01:00
600;Marginal price Day Ahead market Spain;3;Spain;116;2025-01-16T12:00:00+01:00
600;Marginal price Day Ahead market Spain;3;Spain;120.5;2025-01-16T13:00:00+01:00
600;Marginal price Day Ahead market Spain;3;Spain;115.14;2025-01-16T14:00:00+01:00
600;Marginal price Day Ahead market Spain;3;Spain;119.64;2025-01-16T15:00:00+01:00
600;Marginal price Day Ahead market Spain;3;Spain;120.34;2025-01-16T16:00:00+01:00
600;Marginal price Day Ahead market Spain;3;Spain;148.04;2025-01-16T17:00:00+01:00
600;Marginal price Day Ahead market Spain;3;Spain;184.32;2025-01-16T18:00:00+01:00
600;Marginal price Day Ahead market Spain;3;Spain;179.97;2025-01-16T19:00:00+01:00
600;Marginal price Day Ahead market Spain;3;Spain;159.6;2025-01-16T20:00:00+01:00
600;Marginal price Day Ahead market Spain;3;Spain;148.33;2025-01-16T21:00:00+01:00
600;Marginal price Day Ahead market Spain;3;Spain;136.02;2025-01-16T22:00:00+01:00
600;Marginal price Day Ahead market Spain;3;Spain;124.44;2025-01-16T23:00:00+01:00
600;Marginal price Day Ahead market Spain;3;Spain;124.83;2025-01-17T00:00:00+01:00
600;Marginal price Day Ahead market Spain;3;Spain;121.32;2025-01-17T01:00:00+01:00
600;Marginal price Day Ahead market Spain;3;Spain;118.2;2025-01-17T02:00:00+01:00
600;Marginal price Day Ahead market Spain;3;Spain;117.49;2025-01-17T03:00:00+01:00
600;Marginal price Day Ahead market Spain;3;Spain;117.26;2025-01-17T04:00:00+01:00
600;Marginal price Day Ahead market Spain;3;Spain;119.99;2025-01-17T05:00:00+01:00
600;Marginal price Day Ahead market Spain;3;Spain;137.1;2025-01-17T06:00:00+01:00
600;Marginal price Day Ahead market Spain;3;Spain;150.84;2025-01-17T07:00:00+01:00
600;Marginal price Day Ahead market Spain;3;Spain;200;2025-01-17T08:00:00+01:00
600;Marginal price Day Ahead market Spain;3;Spain;155.1;2025-01-17T09:00:00+01:00
600;Marginal price Day Ahead market Spain;3;Spain;129.87;2025-01-17T10:00:00+01:00
600;Marginal price Day Ahead market Spain;3;Spain;116.44;2025-01-17T11:00:00+01:00
600;Marginal price Day Ahead market Spain;3;Spain;115.2;2025-01-17T12:00:00+01:00
600;Marginal price Day Ahead market Spain;3;Spain;108.5;2025-01-17T13:00:00+01:00
600;Marginal price Day Ahead market Spain;3;Spain;106.5;2025-01-17T14:00:00+01:00
600;Marginal price Day Ahead market Spain;3;Spain;115;2025-01-17T15:00:00+01:00
600;Marginal price Day Ahead market Spain;3;Spain;118.38;2025-01-17T16:00:00+01:00
600;Marginal price Day Ahead market Spain;3;Spain;145.12;2025-01-17T17:00:00+01:00
600;Marginal price Day Ahead market Spain;3;Spain;175;2025-01-17T18:00:00+01:00
600;Marginal price Day Ahead market Spain;3;Spain;174.22;2025-01-17T19:00:00+01:00
600;Marginal price Day Ahead market Spain;3;Spain;157.91;2025-01-17T20:00:00+01:00
600;Marginal price Day Ahead market Spain;3;Spain;153.27;2025-01-17T21:00:00+01:00
600;Marginal price Day Ahead market Spain;3;Spain;139.97;2025-01-17T22:00:00+01:00
600;Marginal price Day Ahead market Spain;3;Spain;137.34;2025-01-17T23:00:00+01:00
600;Marginal price Day Ahead market Spain;3;Spain;135.56;2025-01-18T00:00:00+01:00
600;Marginal price Day Ahead market Spain;3;Spain;130.01;2025-01-18T01:00:00+01:00
600;Marginal price Day Ahead market Spain;3;Spain;129.73;2025-01-18T02:00:00+01:00
600;Marginal price Day Ahead market Spain;3;Spain;124.9;2025-01-18T03:00:00+01:00
600;Marginal price Day Ahead market Spain;3;Spain;117;2025-01-18T04:00:00+01:00
600;Marginal price Day Ahead market Spain;3;Spain;119.78;2025-01-18T05:00:00+01:00
600;Marginal price Day Ahead market Spain;3;Spain;120;2025-01-18T06:00:00+01:00
600;Marginal price Day Ahead market Spain;3;Spain;133.8;2025-01-18T07:00:00+01:00
600;Marginal price Day Ahead market Spain;3;Spain;145.69;2025-01-18T08:00:00+01:00
600;Marginal price Day Ahead market Spain;3;Spain;144.1;2025-01-18T09:00:00+01:00
600;Marginal price Day Ahead market Spain;3;Spain;131.7;2025-01-18T10:00:00+01:00
600;Marginal price Day Ahead market Spain;3;Spain;110.2;2025-01-18T11:00:00+01:00
600;Marginal price Day Ahead market Spain;3;Spain;113.97;2025-01-18T12:00:00+01:00
600;Marginal price Day Ahead market Spain;3;Spain;114.17;2025-01-18T13:00:00+01:00
600;Marginal price Day Ahead market Spain;3;Spain;114.17;2025-01-18T14:00:00+01:00
600;Marginal price Day Ahead market Spain;3;Spain;113.97;2025-01-18T15:00:00+01:00
600;Marginal price Day Ahead market Spain;3;Spain;120.9;2025-01-18T16:00:00+01:00
600;Marginal price Day Ahead market Spain;3;Spain;145.65;2025-01-18T17:00:00+01:00
600;Marginal price Day Ahead market Spain;3;Spain;167.57;2025-01-18T18:00:00+01:00
600;Marginal price Day Ahead market Spain;3;Spain;167.85;2025-01-18T19:00:00+01:00
600;Marginal price Day Ahead market Spain;3;Spain;156.12;2025-01-18T20:00:00+01:00
600;Marginal price Day Ahead market Spain;3;Spain;149.61;2025-01-18T21:00:00+01:00
600;Marginal price Day Ahead market Spain;3;Spain;147.25;2025-01-18T22:00:00+01:00
600;Marginal price Day Ahead market Spain;3;Spain;142.19;2025-01-18T23:00:00+01:00
600;Marginal price Day Ahead market Spain;3;Spain;134.46;2025-01-19T00:00:00+01:00
600;Marginal price Day Ahead market Spain;3;Spain;125.51;2025-01-19T01:00:00+01:00
600;Marginal price Day Ahead market Spain;3;Spain;123.17;2025-01-19T02:00:00+01:00
600;Marginal price Day Ahead market Spain;3;Spain;121.24;2025-01-19T03:00:00+01:00
600;Marginal price Day Ahead market Spain;3;Spain;120.18;2025-01-19T04:00:00+01:00
600;Marginal price Day Ahead market Spain;3;Spain;120;2025-01-19T05:00:00+01:00
600;Marginal price Day Ahead market Spain;3;Spain;121.59;2025-01-19T06:00:00+01:00
600;Marginal price Day Ahead market Spain;3;Spain;123.47;2025-01-19T07:00:00+01:00
600;Marginal price Day Ahead market Spain;3;Spain;123.61;2025-01-19T08:00:00+01:00
600;Marginal price Day Ahead market Spain;3;Spain;125.33;2025-01-19T09:00:00+01:00
600;Marginal price Day Ahead market Spain;3;Spain;103;2025-01-19T10:00:00+01:00
600;Marginal price Day Ahead market Spain;3;Spain;102.35;2025-01-19T11:00:00+01:00
600;Marginal price Day Ahead market Spain;3;Spain;103;2025-01-19T12:00:00+01:00
600;Marginal price Day Ahead market Spain;3;Spain;105.1;2025-01-19T13:00:00+01:00
600;Marginal price Day Ahead market Spain;3;Spain;105.5;2025-01-19T14:00:00+01:00
600;Marginal price Day Ahead market Spain;3;Spain;108.53;2025-01-19T15:00:00+01:00
600;Marginal price Day Ahead market Spain;3;Spain;115.79;2025-01-19T16:00:00+01:00
600;Marginal price Day Ahead market Spain;3;Spain;140;2025-01-19T17:00:00+01:00
600;Marginal price Day Ahead market Spain;3;Spain;159.68;2025-01-19T18:00:00+01:00
600;Marginal price Day Ahead market Spain;3;Spain;157.33;2025-01-19T19:00:00+01:00
600;Marginal price Day Ahead market Spain;3;Spain;151.47;2025-01-19T20:00:00+01:00
600;Marginal price Day Ahead market Spain;3;Spain;150.86;2025-01-19T21:00:00+01:00
600;Marginal price Day Ahead market Spain;3;Spain;138.43;2025-01-19T22:00:00+01:00
600;Marginal price Day Ahead market Spain;3;Spain;123.12;2025-01-19T23:00:00+01:00
600;Marginal price Day Ahead market Spain;3;Spain;122.3;2025-01-20T00:00:00+01:00
600;Marginal price Day Ahead market Spain;3;Spain;119.5;2025-01-20T01:00:00+01:00
600;Marginal price Day Ahead market Spain;3;Spain;116.57;2025-01-20T02:00:00+01:00
600;Marginal price Day Ahead market Spain;3;Spain;114.41;2025-01-20T03:00:00+01:00
600;Marginal price Day Ahead market Spain;3;Spain;115.45;2025-01-20T04:00:00+01:00
600;Marginal price Day Ahead market Spain;3;Spain;116.1;2025-01-20T05:00:00+01:00
600;Marginal price Day Ahead market Spain;3;Spain;137.33;2025-01-20T06:00:00+01:00
600;Marginal price Day Ahead market Spain;3;Spain;151.06;2025-01-20T07:00:00+01:00
600;Marginal price Day Ahead market Spain;3;Spain;154.06;2025-01-20T08:00:00+01:00
600;Marginal price Day Ahead market Spain;3;Spain;154.15;2025-01-20T09:00:00+01:00
600;Marginal price Day Ahead market Spain;3;Spain;153.1;2025-01-20T10:00:00+01:00
600;Marginal price Day Ahead market Spain;3;Spain;154.73;2025-01-20T11:00:00+01:00
600;Marginal price Day Ahead market Spain;3;Spain;155;2025-01-20T12:00:00+01:00
600;Marginal price Day Ahead market Spain;3;Spain;155;2025-01-20T13:00:00+01:00
600;Marginal price Day Ahead market Spain;3;Spain;155.01;2025-01-20T14:00:00+01:00
600;Marginal price Day Ahead market Spain;3;Spain;155.13;2025-01-20T15:00:00+01:00
600;Marginal price Day Ahead market Spain;3;Spain;153.58;2025-01-20T16:00:00+01:00
600;Marginal price Day Ahead market Spain;3;Spain;153.34;2025-01-20T17:00:00+01:00
600;Marginal price Day Ahead market Spain;3;Spain;154.93;2025-01-20T18:00:00+01:00
600;Marginal price Day Ahead market Spain;3;Spain;159.15;2025-01-20T19:00:00+01:00
600;Marginal price Day Ahead market Spain;3;Spain;165.6;2025-01-20T20:00:00+01:00
600;Marginal price Day Ahead market Spain;3;Spain;170;2025-01-20T21:00:00+01:00
600;Marginal price Day Ahead market Spain;3;Spain;153.58;2025-01-20T22:00:00+01:00
600;Marginal price Day Ahead market Spain;3;Spain;139;2025-01-20T23:00:00+01:00
600;Marginal price Day Ahead market Spain;3;Spain;136;2025-01-21T00:00:00+01:00
600;Marginal price Day Ahead market Spain;3;Spain;130.65;2025-01-21T01:00:00+01:00
600;Marginal price Day Ahead market Spain;3;Spain;124.35;2025-01-21T02:00:00+01:00
600;Marginal price Day Ahead market Spain;3;Spain;117.05;2025-01-21T03:00:00+01:00
600;Marginal price Day Ahead market Spain;3;Spain;115.3;2025-01-21T04:00:00+01:00
600;Marginal price Day Ahead market Spain;3;Spain;123.83;2025-01-21T05:00:00+01:00
600;Marginal price Day Ahead market Spain;3;Spain;138.86;2025-01-21T06:00:00+01:00
600;Marginal price Day Ahead market Spain;3;Spain;147.08;2025-01-21T07:00:00+01:00
600;Marginal price Day Ahead market Spain;3;Spain;160;2025-01-21T08:00:00+01:00
600;Marginal price Day Ahead market Spain;3;Spain;155.1;2025-01-21T09:00:00+01:00
600;Marginal price Day Ahead market Spain;3;Spain;147.78;2025-01-21T10:00:00+01:00
600;Marginal price Day Ahead market Spain;3;Spain;146.69;2025-01-21T11:00:00+01:00
600;Marginal price Day Ahead market Spain;3;Spain;144.57;2025-01-21T12:00:00+01:00
600;Marginal price Day Ahead market Spain;3;Spain;140.34;2025-01-21T13:00:00+01:00
600;Marginal price Day Ahead market Spain;3;Spain;135.25;2025-01-21T14:00:00+01:00
600;Marginal price Day Ahead market Spain;3;Spain;135.53;2025-01-21T15:00:00+01:00
600;Marginal price Day Ahead market Spain;3;Spain;145.1;2025-01-21T16:00:00+01:00
600;Marginal price Day Ahead market Spain;3;Spain;147.29;2025-01-21T17:00:00+01:00
600;Marginal price Day Ahead market Spain;3;Spain;150.19;2025-01-21T18:00:00+01:00
600;Marginal price Day Ahead market Spain;3;Spain;164.22;2025-01-21T19:00:00+01:00
600;Marginal price Day Ahead market Spain;3;Spain;159.5;2025-01-21T20:00:00+01:00
600;Marginal price Day Ahead market Spain;3;Spain;147.08;2025-01-21T21:00:00+01:00
600;Marginal price Day Ahead market Spain;3;Spain;137;2025-01-21T22:00:00+01:00
600;Marginal price Day Ahead market Spain;3;Spain;125.75;2025-01-21T23:00:00+01:00
600;Marginal price Day Ahead market Spain;3;Spain;123.53;2025-01-22T00:00:00+01:00
600;Marginal price Day Ahead market Spain;3;Spain;116.3;2025-01-22T01:00:00+01:00
600;Marginal price Day Ahead market Spain;3;Spain;106.78;2025-01-22T02:00:00+01:00
600;Marginal price Day Ahead market Spain;3;Spain;104.45;2025-01-22T03:00:00+01:00
600;Marginal price Day Ahead market Spain;3;Spain;103.6;2025-01-22T04:00:00+01:00
600;Marginal price Day Ahead market Spain;3;Spain;107;2025-01-22T05:00:00+01:00
600;Marginal price Day Ahead market Spain;3;Spain;120.57;2025-01-22T06:00:00+01:00
600;Marginal price Day Ahead market Spain;3;Spain;140.33;2025-01-22T07:00:00+01:00
600;Marginal price Day Ahead market Spain;3;Spain;153;2025-01-22T08:00:00+01:00
600;Marginal price Day Ahead market Spain;3;Spain;152.19;2025-01-22T09:00:00+01:00
600;Marginal price Day Ahead market Spain;3;Spain;144.38;2025-01-22T10:00:00+01:00
600;Marginal price Day Ahead market Spain;3;Spain;137;2025-01-22T11:00:00+01:00
600;Marginal price Day Ahead market Spain;3;Spain;132.61;2025-01-22T12:00:00+01:00
600;Marginal price Day Ahead market Spain;3;Spain;127.14;2025-01-22T13:00:00+01:00
600;Marginal price Day Ahead market Spain;3;Spain;126.99;2025-01-22T14:00:00+01:00
600;Marginal price Day Ahead market Spain;3;Spain;131.35;2025-01-22T15:00:00+01:00
600;Marginal price Day Ahead market Spain;3;Spain;139.57;2025-01-22T16:00:00+01:00
600;Marginal price Day Ahead market Spain;3;Spain;149.03;2025-01-22T17:00:00+01:00
600;Marginal price Day Ahead market Spain;3;Spain;159.6;2025-01-22T18:00:00+01:00
600;Marginal price Day Ahead market Spain;3;Spain;167.72;2025-01-22T19:00:00+01:00
600;Marginal price Day Ahead market Spain;3;Spain;155.82;2025-01-22T20:00:00+01:00
600;Marginal price Day Ahead market Spain;3;Spain;155.1;2025-01-22T21:00:00+01:00
600;Marginal price Day Ahead market Spain;3;Spain;145;2025-01-22T22:00:00+01:00
600;Marginal price Day Ahead market Spain;3;Spain;139.87;2025-01-22T23:00:00+01:00
600;Marginal price Day Ahead market Spain;3;Spain;125.01;2025-01-23T00:00:00+01:00
600;Marginal price Day Ahead market Spain;3;Spain;120.53;2025-01-23T01:00:00+01:00
600;Marginal price Day Ahead market Spain;3;Spain;118.7;2025-01-23T02:00:00+01:00
600;Marginal price Day Ahead market Spain;3;Spain;113.1;2025-01-23T03:00:00+01:00
600;Marginal price Day Ahead market Spain;3;Spain;112.97;2025-01-23T04:00:00+01:00
600;Marginal price Day Ahead market Spain;3;Spain;118.08;2025-01-23T05:00:00+01:00
600;Marginal price Day Ahead market Spain;3;Spain;130.01;2025-01-23T06:00:00+01:00
600;Marginal price Day Ahead market Spain;3;Spain;142.28;2025-01-23T07:00:00+01:00
600;Marginal price Day Ahead market Spain;3;Spain;160.34;2025-01-23T08:00:00+01:00
600;Marginal price Day Ahead market Spain;3;Spain;157.26;2025-01-23T09:00:00+01:00
600;Marginal price Day Ahead market Spain;3;Spain;147.32;2025-01-23T10:00:00+01:00
600;Marginal price Day Ahead market Spain;3;Spain;142.28;2025-01-23T11:00:00+01:00
600;Marginal price Day Ahead market Spain;3;Spain;135.72;2025-01-23T12:00:00+01:00
600;Marginal price Day Ahead market Spain;3;Spain;125.1;2025-01-23T13:00:00+01:00
600;Marginal price Day Ahead market Spain;3;Spain;121.2;2025-01-23T14:00:00+01:00
600;Marginal price Day Ahead market Spain;3;Spain;123.54;2025-01-23T15:00:00+01:00
600;Marginal price Day Ahead market Spain;3;Spain;135.72;2025-01-23T16:00:00+01:00
600;Marginal price Day Ahead market Spain;3;Spain;152.4;2025-01-23T17:00:00+01:00
600;Marginal price Day Ahead market Spain;3;Spain;165;2025-01-23T18:00:00+01:00
600;Marginal price Day Ahead market Spain;3;Spain;196.51;2025-01-23T19:00:00+01:00
600;Marginal price Day Ahead market Spain;3;Spain;187.92;2025-01-23T20:00:00+01:00
600;Marginal price Day Ahead market Spain;3;Spain;162.27;2025-01-23T21:00:00+01:00
600;Marginal price Day Ahead market Spain;3;Spain;150.1;2025-01-23T22:00:00+01:00
600;Marginal price Day Ahead market Spain;3;Spain;129.9;2025-01-23T23:00:00+01:00
600;Marginal price Day Ahead market Spain;3;Spain;94;2025-01-24T00:00:00+01:00
600;Marginal price Day Ahead market Spain;3;Spain;88.74;2025-01-24T01:00:00+01:00
600;Marginal price Day Ahead market Spain;3;Spain;82.03;2025-01-24T02:00:00+01:00
600;Marginal price Day Ahead market Spain;3;Spain;77.65;2025-01-24T03:00:00+01:00
600;Marginal price Day Ahead market Spain;3;Spain;77.39;2025-01-24T04:00:00+01:00
600;Marginal price Day Ahead market Spain;3;Spain;78.2;2025-01-24T05:00:00+01:00
600;Marginal price Day Ahead market Spain;3;Spain;88.74;2025-01-24T06:00:00+01:00
600;Marginal price Day Ahead market Spain;3;Spain;105;2025-01-24T07:00:00+01:00
600;Marginal price Day Ahead market Spain;3;Spain;122;2025-01-24T08:00:00+01:00
600;Marginal price Day Ahead market Spain;3;Spain;114.78;2025-01-24T09:00:00+01:00
600;Marginal price Day Ahead market Spain;3;Spain;94.17;2025-01-24T10:00:00+01:00
600;Marginal price Day Ahead market Spain;3;Spain;81.93;2025-01-24T11:00:00+01:00
600;Marginal price Day Ahead market Spain;3;Spain;79.68;2025-01-24T12:00:00+01:00
600;Marginal price Day Ahead market Spain;3;Spain;77.26;2025-01-24T13:00:00+01:00
600;Marginal price Day Ahead market Spain;3;Spain;75.07;2025-01-24T14:00:00+01:00
600;Marginal price Day Ahead market Spain;3;Spain;77.26;2025-01-24T15:00:00+01:00
600;Marginal price Day Ahead market Spain;3;Spain;77.13;2025-01-24T16:00:00+01:00
600;Marginal price Day Ahead market Spain;3;Spain;92.7;2025-01-24T17:00:00+01:00
600;Marginal price Day Ahead market Spain;3;Spain;102;2025-01-24T18:00:00+01:00
600;Marginal price Day Ahead market Spain;3;Spain;111.9;2025-01-24T19:00:00+01:00
600;Marginal price Day Ahead market Spain;3;Spain;112.45;2025-01-24T20:00:00+01:00
600;Marginal price Day Ahead market Spain;3;Spain;103.35;2025-01-24T21:00:00+01:00
600;Marginal price Day Ahead market Spain;3;Spain;97.78;2025-01-24T22:00:00+01:00
600;Marginal price Day Ahead market Spain;3;Spain;90.7;2025-01-24T23:00:00+01:00
600;Marginal price Day Ahead market Spain;3;Spain;57.03;2025-01-25T00:00:00+01:00
600;Marginal price Day Ahead market Spain;3;Spain;35;2025-01-25T01:00:00+01:00
600;Marginal price Day Ahead market Spain;3;Spain;25.2;2025-01-25T02:00:00+01:00
600;Marginal price Day Ahead market Spain;3;Spain;19.71;2025-01-25T03:00:00+01:00
600;Marginal price Day Ahead market Spain;3;Spain;16.8;2025-01-25T04:00:00+01:00
600;Marginal price Day Ahead market Spain;3;Spain;17.72;2025-01-25T05:00:00+01:00
600;Marginal price Day Ahead market Spain;3;Spain;25;2025-01-25T06:00:00+01:00
600;Marginal price Day Ahead market Spain;3;Spain;49.29;2025-01-25T07:00:00+01:00
600;Marginal price Day Ahead market Spain;3;Spain;37.7;2025-01-25T08:00:00+01:00
600;Marginal price Day Ahead market Spain;3;Spain;33.01;2025-01-25T09:00:00+01:00
600;Marginal price Day Ahead market Spain;3;Spain;24.08;2025-01-25T10:00:00+01:00
600;Marginal price Day Ahead market Spain;3;Spain;45.08;2025-01-25T11:00:00+01:00
600;Marginal price Day Ahead market Spain;3;Spain;35;2025-01-25T12:00:00+01:00
600;Marginal price Day Ahead market Spain;3;Spain;19.71;2025-01-25T13:00:00+01:00
600;Marginal price Day Ahead market Spain;3;Spain;10.94;2025-01-25T14:00:00+01:00
600;Marginal price Day Ahead market Spain;3;Spain;3.6;2025-01-25T15:00:00+01:00
600;Marginal price Day Ahead market Spain;3;Spain;20.2;2025-01-25T16:00:00+01:00
600;Marginal price Day Ahead market Spain;3;Spain;30;2025-01-25T17:00:00+01:00
600;Marginal price Day Ahead market Spain;3;Spain;76.8;2025-01-25T18:00:00+01:00
600;Marginal price Day Ahead market Spain;3;Spain;91;2025-01-25T19:00:00+01:00
600;Marginal price Day Ahead market Spain;3;Spain;96.37;2025-01-25T20:00:00+01:00
600;Marginal price Day Ahead market Spain;3;Spain;87.38;2025-01-25T21:00:00+01:00
600;Marginal price Day Ahead market Spain;3;Spain;86.5;2025-01-25T22:00:00+01:00
600;Marginal price Day Ahead market Spain;3;Spain;77.35;2025-01-25T23:00:00+01:00
600;Marginal price Day Ahead market Spain;3;Spain;41.18;2025-01-26T00:00:00+01:00
600;Marginal price Day Ahead market Spain;3;Spain;35.2;2025-01-26T01:00:00+01:00
600;Marginal price Day Ahead market Spain;3;Spain;29.7;2025-01-26T02:00:00+01:00
600;Marginal price Day Ahead market Spain;3;Spain;29.03;2025-01-26T03:00:00+01:00
600;Marginal price Day Ahead market Spain;3;Spain;26.21;2025-01-26T04:00:00+01:00
600;Marginal price Day Ahead market Spain;3;Spain;25.95;2025-01-26T05:00:00+01:00
600;Marginal price Day Ahead market Spain;3;Spain;26.21;2025-01-26T06:00:00+01:00
600;Marginal price Day Ahead market Spain;3;Spain;29.03;2025-01-26T07:00:00+01:00
600;Marginal price Day Ahead market Spain;3;Spain;29.54;2025-01-26T08:00:00+01:00
600;Marginal price Day Ahead market Spain;3;Spain;26.21;2025-01-26T09:00:00+01:00
600;Marginal price Day Ahead market Spain;3;Spain;25.95;2025-01-26T10:00:00+01:00
600;Marginal price Day Ahead market Spain;3;Spain;24.99;2025-01-26T11:00:00+01:00
600;Marginal price Day Ahead market Spain;3;Spain;9.89;2025-01-26T12:00:00+01:00
600;Marginal price Day Ahead market Spain;3;Spain;7.19;2025-01-26T13:00:00+01:00
600;Marginal price Day Ahead market Spain;3;Spain;6.99;2025-01-26T14:00:00+01:00
600;Marginal price Day Ahead market Spain;3;Spain;6.93;2025-01-26T15:00:00+01:00
600;Marginal price Day Ahead market Spain;3;Spain;13.45;2025-01-26T16:00:00+01:00
600;Marginal price Day Ahead market Spain;3;Spain;25.2;2025-01-26T17:00:00+01:00
600;Marginal price Day Ahead market Spain;3;Spain;39.4;2025-01-26T18:00:00+01:00
600;Marginal price Day Ahead market Spain;3;Spain;44.38;2025-01-26T19:00:00+01:00
600;Marginal price Day Ahead market Spain;3;Spain;39.06;2025-01-26T20:00:00+01:00
600;Marginal price Day Ahead market Spain;3;Spain;33.78;2025-01-26T21:00:00+01:00
600;Marginal price Day Ahead market Spain;3;Spain;32.35;2025-01-26T22:00:00+01:00
600;Marginal price Day Ahead market Spain;3;Spain;26.32;2025-01-26T23:00:00+01:00
600;Marginal price Day Ahead market Spain;3;Spain;12;2025-01-27T00:00:00+01:00
600;Marginal price Day Ahead market Spain;3;Spain;3.52;2025-01-27T01:00:00+01:00
600;Marginal price Day Ahead market Spain;3;Spain;3.52;2025-01-27T02:00:00+01:00
600;Marginal price Day Ahead market Spain;3;Spain;3.52;2025-01-27T03:00:00+01:00
600;Marginal price Day Ahead market Spain;3;Spain;0.65;2025-01-27T04:00:00+01:00
600;Marginal price Day Ahead market Spain;3;Spain;3.52;2025-01-27T05:00:00+01:00
600;Marginal price Day Ahead market Spain;3;Spain;6.99;2025-01-27T06:00:00+01:00
600;Marginal price Day Ahead market Spain;3;Spain;31.84;2025-01-27T07:00:00+01:00
600;Marginal price Day Ahead market Spain;3;Spain;48.01;2025-01-27T08:00:00+01:00
600;Marginal price Day Ahead market Spain;3;Spain;43.06;2025-01-27T09:00:00+01:00
600;Marginal price Day Ahead market Spain;3;Spain;35.72;2025-01-27T10:00:00+01:00
600;Marginal price Day Ahead market Spain;3;Spain;26.23;2025-01-27T11:00:00+01:00
600;Marginal price Day Ahead market Spain;3;Spain;14.53;2025-01-27T12:00:00+01:00
600;Marginal price Day Ahead market Spain;3;Spain;4.31;2025-01-27T13:00:00+01:00
600;Marginal price Day Ahead market Spain;3;Spain;3.6;2025-01-27T14:00:00+01:00
600;Marginal price Day Ahead market Spain;3;Spain;5;2025-01-27T15:00:00+01:00
600;Marginal price Day Ahead market Spain;3;Spain;14;2025-01-27T16:00:00+01:00
600;Marginal price Day Ahead market Spain;3;Spain;32;2025-01-27T17:00:00+01:00
600;Marginal price Day Ahead market Spain;3;Spain;40.78;2025-01-27T18:00:00+01:00
600;Marginal price Day Ahead market Spain;3;Spain;53.37;2025-01-27T19:00:00+01:00
600;Marginal price Day Ahead market Spain;3;Spain;40.9;2025-01-27T20:00:00+01:00
600;Marginal price Day Ahead market Spain;3;Spain;37.68;2025-01-27T21:00:00+01:00
600;Marginal price Day Ahead market Spain;3;Spain;32;2025-01-27T22:00:00+01:00
600;Marginal price Day Ahead market Spain;3;Spain;26.23;2025-01-27T23:00:00+01:00
600;Marginal price Day Ahead market Spain;3;Spain;3.52;2025-01-28T00:00:00+01:00
600;Marginal price Day Ahead market Spain;3;Spain;2;2025-01-28T01:00:00+01:00
600;Marginal price Day Ahead market Spain;3;Spain;0.65;2025-01-28T02:00:00+01:00
600;Marginal price Day Ahead market Spain;3;Spain;0.66;2025-01-28T03:00:00+01:00
600;Marginal price Day Ahead market Spain;3;Spain;0.65;2025-01-28T04:00:00+01:00
600;Marginal price Day Ahead market Spain;3;Spain;0.65;2025-01-28T05:00:00+01:00
600;Marginal price Day Ahead market Spain;3;Spain;3.52;2025-01-28T06:00:00+01:00
600;Marginal price Day Ahead market Spain;3;Spain;14;2025-01-28T07:00:00+01:00
600;Marginal price Day Ahead market Spain;3;Spain;30.54;2025-01-28T08:00:00+01:00
600;Marginal price Day Ahead market Spain;3;Spain;23.54;2025-01-28T09:00:00+01:00
600;Marginal price Day Ahead market Spain;3;Spain;3.52;2025-01-28T10:00:00+01:00
600;Marginal price Day Ahead market Spain;3;Spain;2;2025-01-28T11:00:00+01:00
600;Marginal price Day Ahead market Spain;3;Spain;0.65;2025-01-28T12:00:00+01:00
600;Marginal price Day Ahead market Spain;3;Spain;0.65;2025-01-28T13:00:00+01:00
600;Marginal price Day Ahead market Spain;3;Spain;0.65;2025-01-28T14:00:00+01:00
600;Marginal price Day Ahead market Spain;3;Spain;0.65;2025-01-28T15:00:00+01:00
600;Marginal price Day Ahead market Spain;3;Spain;3.52;2025-01-28T16:00:00+01:00
600;Marginal price Day Ahead market Spain;3;Spain;14;2025-01-28T17:00:00+01:00
600;Marginal price Day Ahead market Spain;3;Spain;51.32;2025-01-28T18:00:00+01:00
600;Marginal price Day Ahead market Spain;3;Spain;69.5;2025-01-28T19:00:00+01:00
600;Marginal price Day Ahead market Spain;3;Spain;60;2025-01-28T20:00:00+01:00
600;Marginal price Day Ahead market Spain;3;Spain;48.03;2025-01-28T21:00:00+01:00
600;Marginal price Day Ahead market Spain;3;Spain;34.22;2025-01-28T22:00:00+01:00
600;Marginal price Day Ahead market Spain;3;Spain;26.28;2025-01-28T23:00:00+01:00
600;Marginal price Day Ahead market Spain;3;Spain;17.47;2025-01-29T00:00:00+01:00
600;Marginal price Day Ahead market Spain;3;Spain;7.4;2025-01-29T01:00:00+01:00
600;Marginal price Day Ahead market Spain;3;Spain;3.52;2025-01-29T02:00:00+01:00
600;Marginal price Day Ahead market Spain;3;Spain;3.52;2025-01-29T03:00:00+01:00
600;Marginal price Day Ahead market Spain;3;Spain;3.52;2025-01-29T04:00:00+01:00
600;Marginal price Day Ahead market Spain;3;Spain;3.52;2025-01-29T05:00:00+01:00
600;Marginal price Day Ahead market Spain;3;Spain;38.16;2025-01-29T06:00:00+01:00
600;Marginal price Day Ahead market Spain;3;Spain;76.46;2025-01-29T07:00:00+01:00
600;Marginal price Day Ahead market Spain;3;Spain;103.61;2025-01-29T08:00:00+01:00
600;Marginal price Day Ahead market Spain;3;Spain;69.2;2025-01-29T09:00:00+01:00
600;Marginal price Day Ahead market Spain;3;Spain;45;2025-01-29T10:00:00+01:00
600;Marginal price Day Ahead market Spain;3;Spain;46.02;2025-01-29T11:00:00+01:00
600;Marginal price Day Ahead market Spain;3;Spain;29.9;2025-01-29T12:00:00+01:00
600;Marginal price Day Ahead market Spain;3;Spain;10.21;2025-01-29T13:00:00+01:00
600;Marginal price Day Ahead market Spain;3;Spain;9.23;2025-01-29T14:00:00+01:00
600;Marginal price Day Ahead market Spain;3;Spain;12.18;2025-01-29T15:00:00+01:00
600;Marginal price Day Ahead market Spain;3;Spain;36.66;2025-01-29T16:00:00+01:00
600;Marginal price Day Ahead market Spain;3;Spain;50.1;2025-01-29T17:00:00+01:00
600;Marginal price Day Ahead market Spain;3;Spain;83.06;2025-01-29T18:00:00+01:00
600;Marginal price Day Ahead market Spain;3;Spain;123.99;2025-01-29T19:00:00+01:00
600;Marginal price Day Ahead market Spain;3;Spain;133.85;2025-01-29T20:00:00+01:00
600;Marginal price Day Ahead market Spain;3;Spain;118.57;2025-01-29T21:00:00+01:00
600;Marginal price Day Ahead market Spain;3;Spain;94.67;2025-01-29T22:00:00+01:00
600;Marginal price Day Ahead market Spain;3;Spain;51.08;2025-01-29T23:00:00+01:00
600;Marginal price Day Ahead market Spain;3;Spain;60.08;2025-01-30T00:00:00+01:00
600;Marginal price Day Ahead market Spain;3;Spain;45.7;2025-01-30T01:00:00+01:00
600;Marginal price Day Ahead market Spain;3;Spain;38.34;2025-01-30T02:00:00+01:00
600;Marginal price Day Ahead market Spain;3;Spain;14;2025-01-30T03:00:00+01:00
600;Marginal price Day Ahead market Spain;3;Spain;7.44;2025-01-30T04:00:00+01:00
600;Marginal price Day Ahead market Spain;3;Spain;7.4;2025-01-30T05:00:00+01:00
600;Marginal price Day Ahead market Spain;3;Spain;38.34;2025-01-30T06:00:00+01:00
600;Marginal price Day Ahead market Spain;3;Spain;60.3;2025-01-30T07:00:00+01:00
600;Marginal price Day Ahead market Spain;3;Spain;90.35;2025-01-30T08:00:00+01:00
600;Marginal price Day Ahead market Spain;3;Spain;50.24;2025-01-30T09:00:00+01:00
600;Marginal price Day Ahead market Spain;3;Spain;5;2025-01-30T10:00:00+01:00
600;Marginal price Day Ahead market Spain;3;Spain;2.4;2025-01-30T11:00:00+01:00
600;Marginal price Day Ahead market Spain;3;Spain;0.1;2025-01-30T12:00:00+01:00
600;Marginal price Day Ahead market Spain;3;Spain;0.01;2025-01-30T13:00:00+01:00
600;Marginal price Day Ahead market Spain;3;Spain;0;2025-01-30T14:00:00+01:00
600;Marginal price Day Ahead market Spain;3;Spain;0.13;2025-01-30T15:00:00+01:00
600;Marginal price Day Ahead market Spain;3;Spain;3.52;2025-01-30T16:00:00+01:00
600;Marginal price Day Ahead market Spain;3;Spain;25.17;2025-01-30T17:00:00+01:00
600;Marginal price Day Ahead market Spain;3;Spain;80.3;2025-01-30T18:00:00+01:00
600;Marginal price Day Ahead market Spain;3;Spain;91.66;2025-01-30T19:00:00+01:00
600;Marginal price Day Ahead market Spain;3;Spain;114;2025-01-30T20:00:00+01:00
600;Marginal price Day Ahead market Spain;3;Spain;108.04;2025-01-30T21:00:00+01:00
600;Marginal price Day Ahead market Spain;3;Spain;96.02;2025-01-30T22:00:00+01:00
600;Marginal price Day Ahead market Spain;3;Spain;79;2025-01-30T23:00:00+01:00
600;Marginal price Day Ahead market Spain;3;Spain;61;2025-01-31T00:00:00+01:00
600;Marginal price Day Ahead market Spain;3;Spain;70.47;2025-01-31T01:00:00+01:00
600;Marginal price Day Ahead market Spain;3;Spain;70.21;2025-01-31T02:00:00+01:00
600;Marginal price Day Ahead market Spain;3;Spain;70.34;2025-01-31T03:00:00+01:00
600;Marginal price Day Ahead market Spain;3;Spain;70.47;2025-01-31T04:00:00+01:00
600;Marginal price Day Ahead market Spain;3;Spain;84;2025-01-31T05:00:00+01:00
600;Marginal price Day Ahead market Spain;3;Spain;92.85;2025-01-31T06:00:00+01:00
600;Marginal price Day Ahead market Spain;3;Spain;118.86;2025-01-31T07:00:00+01:00
600;Marginal price Day Ahead market Spain;3;Spain;150;2025-01-31T08:00:00+01:00
600;Marginal price Day Ahead market Spain;3;Spain;100;2025-01-31T09:00:00+01:00
600;Marginal price Day Ahead market Spain;3;Spain;70.21;2025-01-31T10:00:00+01:00
600;Marginal price Day Ahead market Spain;3;Spain;45.3;2025-01-31T11:00:00+01:00
600;Marginal price Day Ahead market Spain;3;Spain;44.12;2025-01-31T12:00:00+01:00
600;Marginal price Day Ahead market Spain;3;Spain;44.97;2025-01-31T13:00:00+01:00
600;Marginal price Day Ahead market Spain;3;Spain;39;2025-01-31T14:00:00+01:00
600;Marginal price Day Ahead market Spain;3;Spain;45.19;2025-01-31T15:00:00+01:00
600;Marginal price Day Ahead market Spain;3;Spain;65;2025-01-31T16:00:00+01:00
600;Marginal price Day Ahead market Spain;3;Spain;114.89;2025-01-31T17:00:00+01:00
600;Marginal price Day Ahead market Spain;3;Spain;184.48;2025-01-31T18:00:00+01:00
600;Marginal price Day Ahead market Spain;3;Spain;178.99;2025-01-31T19:00:00+01:00
600;Marginal price Day Ahead market Spain;3;Spain;162.66;2025-01-31T20:00:00+01:00
600;Marginal price Day Ahead market Spain;3;Spain;152.7;2025-01-31T21:00:00+01:00
600;Marginal price Day Ahead market Spain;3;Spain;145.02;2025-01-31T22:00:00+01:00
600;Marginal price Day Ahead market Spain;3;Spain;131.29;2025-01-31T23:00:00+01:00
600;Marginal price Day Ahead market Spain;3;Spain;137.18;2025-02-01T00:00:00+01:00
600;Marginal price Day Ahead market Spain;3;Spain;129.61;2025-02-01T01:00:00+01:00
600;Marginal price Day Ahead market Spain;3;Spain;124.38;2025-02-01T02:00:00+01:00
600;Marginal price Day Ahead market Spain;3;Spain;116.96;2025-02-01T03:00:00+01:00
600;Marginal price Day Ahead market Spain;3;Spain;104.73;2025-02-01T04:00:00+01:00
600;Marginal price Day Ahead market Spain;3;Spain;108.17;2025-02-01T05:00:00+01:00
600;Marginal price Day Ahead market Spain;3;Spain;107.49;2025-02-01T06:00:00+01:00
600;Marginal price Day Ahead market Spain;3;Spain;100.85;2025-02-01T07:00:00+01:00
600;Marginal price Day Ahead market Spain;3;Spain;115.28;2025-02-01T08:00:00+01:00
600;Marginal price Day Ahead market Spain;3;Spain;109.93;2025-02-01T09:00:00+01:00
600;Marginal price Day Ahead market Spain;3;Spain;65.27;2025-02-01T10:00:00+01:00
600;Marginal price Day Ahead market Spain;3;Spain;20.1;2025-02-01T11:00:00+01:00
600;Marginal price Day Ahead market Spain;3;Spain;5.3;2025-02-01T12:00:00+01:00
600;Marginal price Day Ahead market Spain;3;Spain;5.2;2025-02-01T13:00:00+01:00
600;Marginal price Day Ahead market Spain;3;Spain;5.06;2025-02-01T14:00:00+01:00
600;Marginal price Day Ahead market Spain;3;Spain;5.2;2025-02-01T15:00:00+01:00
600;Marginal price Day Ahead market Spain;3;Spain;41.88;2025-02-01T16:00:00+01:00
600;Marginal price Day Ahead market Spain;3;Spain;105;2025-02-01T17:00:00+01:00
600;Marginal price Day Ahead market Spain;3;Spain;140.34;2025-02-01T18:00:00+01:00
600;Marginal price Day Ahead market Spain;3;Spain;162.98;2025-02-01T19:00:00+01:00
600;Marginal price Day Ahead market Spain;3;Spain;156.6;2025-02-01T20:00:00+01:00
600;Marginal price Day Ahead market Spain;3;Spain;145.24;2025-02-01T21:00:00+01:00
600;Marginal price Day Ahead market Spain;3;Spain;141.73;2025-02-01T22:00:00+01:00
600;Marginal price Day Ahead market Spain;3;Spain;131.74;2025-02-01T23:00:00+01:00
600;Marginal price Day Ahead market Spain;3;Spain;133.26;2025-02-02T00:00:00+01:00
600;Marginal price Day Ahead market Spain;3;Spain;126.91;2025-02-02T01:00:00+01:00
600;Marginal price Day Ahead market Spain;3;Spain;116.91;2025-02-02T02:00:00+01:00
600;Marginal price Day Ahead market Spain;3;Spain;113.64;2025-02-02T03:00:00+01:00
600;Marginal price Day Ahead market Spain;3;Spain;108;2025-02-02T04:00:00+01:00
600;Marginal price Day Ahead market Spain;3;Spain;116.91;2025-02-02T05:00:00+01:00
600;Marginal price Day Ahead market Spain;3;Spain;113.5;2025-02-02T06:00:00+01:00
600;Marginal price Day Ahead market Spain;3;Spain;120.42;2025-02-02T07:00:00+01:00
600;Marginal price Day Ahead market Spain;3;Spain;133.56;2025-02-02T08:00:00+01:00
600;Marginal price Day Ahead market Spain;3;Spain;133.38;2025-02-02T09:00:00+01:00
600;Marginal price Day Ahead market Spain;3;Spain;121.75;2025-02-02T10:00:00+01:00
600;Marginal price Day Ahead market Spain;3;Spain;100.08;2025-02-02T11:00:00+01:00
600;Marginal price Day Ahead market Spain;3;Spain;92.88;2025-02-02T12:00:00+01:00
600;Marginal price Day Ahead market Spain;3;Spain;95;2025-02-02T13:00:00+01:00
600;Marginal price Day Ahead market Spain;3;Spain;95;2025-02-02T14:00:00+01:00
600;Marginal price Day Ahead market Spain;3;Spain;99.45;2025-02-02T15:00:00+01:00
600;Marginal price Day Ahead market Spain;3;Spain;101.26;2025-02-02T16:00:00+01:00
600;Marginal price Day Ahead market Spain;3;Spain;130.78;2025-02-02T17:00:00+01:00
600;Marginal price Day Ahead market Spain;3;Spain;164.14;2025-02-02T18:00:00+01:00
600;Marginal price Day Ahead market Spain;3;Spain;173.95;2025-02-02T19:00:00+01:00
600;Marginal price Day Ahead market Spain;3;Spain;165.5;2025-02-02T20:00:00+01:00
600;Marginal price Day Ahead market Spain;3;Spain;155.77;2025-02-02T21:00:00+01:00
600;Marginal price Day Ahead market Spain;3;Spain;148.44;2025-02-02T22:00:00+01:00
600;Marginal price Day Ahead market Spain;3;Spain;133.24;2025-02-02T23:00:00+01:00
600;Marginal price Day Ahead market Spain;3;Spain;116.41;2025-02-03T00:00:00+01:00
600;Marginal price Day Ahead market Spain;3;Spain;102.53;2025-02-03T01:00:00+01:00
600;Marginal price Day Ahead market Spain;3;Spain;102.19;2025-02-03T02:00:00+01:00
600;Marginal price Day Ahead market Spain;3;Spain;102.53;2025-02-03T03:00:00+01:00
600;Marginal price Day Ahead market Spain;3;Spain;102.45;2025-02-03T04:00:00+01:00
600;Marginal price Day Ahead market Spain;3;Spain;106.87;2025-02-03T05:00:00+01:00
600;Marginal price Day Ahead market Spain;3;Spain;102.19;2025-02-03T06:00:00+01:00
600;Marginal price Day Ahead market Spain;3;Spain;144.3;2025-02-03T07:00:00+01:00
600;Marginal price Day Ahead market Spain;3;Spain;165;2025-02-03T08:00:00+01:00
600;Marginal price Day Ahead market Spain;3;Spain;145.1;2025-02-03T09:00:00+01:00
600;Marginal price Day Ahead market Spain;3;Spain;111;2025-02-03T10:00:00+01:00
600;Marginal price Day Ahead market Spain;3;Spain;102.6;2025-02-03T11:00:00+01:00
600;Marginal price Day Ahead market Spain;3;Spain;102.49;2025-02-03T12:00:00+01:00
600;Marginal price Day Ahead market Spain;3;Spain;102.45;2025-02-03T13:00:00+01:00
600;Marginal price Day Ahead market Spain;3;Spain;102.45;2025-02-03T14:00:00+01:00
600;Marginal price Day Ahead market Spain;3;Spain;112;2025-02-03T15:00:00+01:00
600;Marginal price Day Ahead market Spain;3;Spain;123.52;2025-02-03T16:00:00+01:00
600;Marginal price Day Ahead market Spain;3;Spain;145.05;2025-02-03T17:00:00+01:00
600;Marginal price Day Ahead market Spain;3;Spain;200.73;2025-02-03T18:00:00+01:00
600;Marginal price Day Ahead market Spain;3;Spain;201.1;2025-02-03T19:00:00+01:00
600;Marginal price Day Ahead market Spain;3;Spain;227.51;2025-02-03T20:00:00+01:00
600;Marginal price Day Ahead market Spain;3;Spain;186;2025-02-03T21:00:00+01:00
600;Marginal price Day Ahead market Spain;3;Spain;150.92;2025-02-03T22:00:00+01:00
600;Marginal price Day Ahead market Spain;3;Spain;135.81;2025-02-03T23:00:00+01:00
600;Marginal price Day Ahead market Spain;3;Spain;132.4;2025-02-04T00:00:00+01:00
600;Marginal price Day Ahead market Spain;3;Spain;125.54;2025-02-04T01:00:00+01:00
600;Marginal price Day Ahead market Spain;3;Spain;123.18;2025-02-04T02:00:00+01:00
600;Marginal price Day Ahead market Spain;3;Spain;123.99;2025-02-04T03:00:00+01:00
600;Marginal price Day Ahead market Spain;3;Spain;123.25;2025-02-04T04:00:00+01:00
600;Marginal price Day Ahead market Spain;3;Spain;127.63;2025-02-04T05:00:00+01:00
600;Marginal price Day Ahead market Spain;3;Spain;146.18;2025-02-04T06:00:00+01:00
600;Marginal price Day Ahead market Spain;3;Spain;187.5;2025-02-04T07:00:00+01:00
600;Marginal price Day Ahead market Spain;3;Spain;211.99;2025-02-04T08:00:00+01:00
600;Marginal price Day Ahead market Spain;3;Spain;162.11;2025-02-04T09:00:00+01:00
600;Marginal price Day Ahead market Spain;3;Spain;133.32;2025-02-04T10:00:00+01:00
600;Marginal price Day Ahead market Spain;3;Spain;113.99;2025-02-04T11:00:00+01:00
600;Marginal price Day Ahead market Spain;3;Spain;103.77;2025-02-04T12:00:00+01:00
600;Marginal price Day Ahead market Spain;3;Spain;102.5;2025-02-04T13:00:00+01:00
600;Marginal price Day Ahead market Spain;3;Spain;100.39;2025-02-04T14:00:00+01:00
600;Marginal price Day Ahead market Spain;3;Spain;100.52;2025-02-04T15:00:00+01:00
600;Marginal price Day Ahead market Spain;3;Spain;106.5;2025-02-04T16:00:00+01:00
600;Marginal price Day Ahead market Spain;3;Spain;134.32;2025-02-04T17:00:00+01:00
600;Marginal price Day Ahead market Spain;3;Spain;175;2025-02-04T18:00:00+01:00
600;Marginal price Day Ahead market Spain;3;Spain;216.38;2025-02-04T19:00:00+01:00
600;Marginal price Day Ahead market Spain;3;Spain;240;2025-02-04T20:00:00+01:00
600;Marginal price Day Ahead market Spain;3;Spain;164.07;2025-02-04T21:00:00+01:00
600;Marginal price Day Ahead market Spain;3;Spain;146.18;2025-02-04T22:00:00+01:00
600;Marginal price Day Ahead market Spain;3;Spain;140.56;2025-02-04T23:00:00+01:00
600;Marginal price Day Ahead market Spain;3;Spain;128.44;2025-02-05T00:00:00+01:00
600;Marginal price Day Ahead market Spain;3;Spain;119.39;2025-02-05T01:00:00+01:00
600;Marginal price Day Ahead market Spain;3;Spain;116.59;2025-02-05T02:00:00+01:00
600;Marginal price Day Ahead market Spain;3;Spain;115.64;2025-02-05T03:00:00+01:00
600;Marginal price Day Ahead market Spain;3;Spain;117.33;2025-02-05T04:00:00+01:00
600;Marginal price Day Ahead market Spain;3;Spain;123.05;2025-02-05T05:00:00+01:00
600;Marginal price Day Ahead market Spain;3;Spain;140.34;2025-02-05T06:00:00+01:00
600;Marginal price Day Ahead market Spain;3;Spain;168.48;2025-02-05T07:00:00+01:00
600;Marginal price Day Ahead market Spain;3;Spain;180.81;2025-02-05T08:00:00+01:00
600;Marginal price Day Ahead market Spain;3;Spain;146.13;2025-02-05T09:00:00+01:00
600;Marginal price Day Ahead market Spain;3;Spain;100.21;2025-02-05T10:00:00+01:00
600;Marginal price Day Ahead market Spain;3;Spain;48;2025-02-05T11:00:00+01:00
600;Marginal price Day Ahead market Spain;3;Spain;30.3;2025-02-05T12:00:00+01:00
600;Marginal price Day Ahead market Spain;3;Spain;35.2;2025-02-05T13:00:00+01:00
600;Marginal price Day Ahead market Spain;3;Spain;30;2025-02-05T14:00:00+01:00
600;Marginal price Day Ahead market Spain;3;Spain;40;2025-02-05T15:00:00+01:00
600;Marginal price Day Ahead market Spain;3;Spain;69.99;2025-02-05T16:00:00+01:00
600;Marginal price Day Ahead market Spain;3;Spain;124.71;2025-02-05T17:00:00+01:00
600;Marginal price Day Ahead market Spain;3;Spain;189.9;2025-02-05T18:00:00+01:00
600;Marginal price Day Ahead market Spain;3;Spain;189.63;2025-02-05T19:00:00+01:00
600;Marginal price Day Ahead market Spain;3;Spain;170;2025-02-05T20:00:00+01:00
600;Marginal price Day Ahead market Spain;3;Spain;155.42;2025-02-05T21:00:00+01:00
600;Marginal price Day Ahead market Spain;3;Spain;143.7;2025-02-05T22:00:00+01:00
600;Marginal price Day Ahead market Spain;3;Spain;136.95;2025-02-05T23:00:00+01:00
600;Marginal price Day Ahead market Spain;3;Spain;133.67;2025-02-06T00:00:00+01:00
600;Marginal price Day Ahead market Spain;3;Spain;131.51;2025-02-06T01:00:00+01:00
600;Marginal price Day Ahead market Spain;3;Spain;126.48;2025-02-06T02:00:00+01:00
600;Marginal price Day Ahead market Spain;3;Spain;125.01;2025-02-06T03:00:00+01:00
600;Marginal price Day Ahead market Spain;3;Spain;125.01;2025-02-06T04:00:00+01:00
600;Marginal price Day Ahead market Spain;3;Spain;131.33;2025-02-06T05:00:00+01:00
600;Marginal price Day Ahead market Spain;3;Spain;144.92;2025-02-06T06:00:00+01:00
600;Marginal price Day Ahead market Spain;3;Spain;180.09;2025-02-06T07:00:00+01:00
600;Marginal price Day Ahead market Spain;3;Spain;210.56;2025-02-06T08:00:00+01:00
600;Marginal price Day Ahead market Spain;3;Spain;157.59;2025-02-06T09:00:00+01:00
600;Marginal price Day Ahead market Spain;3;Spain;115.97;2025-02-06T10:00:00+01:00
600;Marginal price Day Ahead market Spain;3;Spain;93.49;2025-02-06T11:00:00+01:00
600;Marginal price Day Ahead market Spain;3;Spain;91.5;2025-02-06T12:00:00+01:00
600;Marginal price Day Ahead market Spain;3;Spain;89.99;2025-02-06T13:00:00+01:00
600;Marginal price Day Ahead market Spain;3;Spain;85.3;2025-02-06T14:00:00+01:00
600;Marginal price Day Ahead market Spain;3;Spain;87;2025-02-06T15:00:00+01:00
600;Marginal price Day Ahead market Spain;3;Spain;108.56;2025-02-06T16:00:00+01:00
600;Marginal price Day Ahead market Spain;3;Spain;141.02;2025-02-06T17:00:00+01:00
600;Marginal price Day Ahead market Spain;3;Spain;170.78;2025-02-06T18:00:00+01:00
600;Marginal price Day Ahead market Spain;3;Spain;191.81;2025-02-06T19:00:00+01:00
600;Marginal price Day Ahead market Spain;3;Spain;231;2025-02-06T20:00:00+01:00
600;Marginal price Day Ahead market Spain;3;Spain;163;2025-02-06T21:00:00+01:00
600;Marginal price Day Ahead market Spain;3;Spain;149.86;2025-02-06T22:00:00+01:00
600;Marginal price Day Ahead market Spain;3;Spain;141.02;2025-02-06T23:00:00+01:00
600;Marginal price Day Ahead market Spain;3;Spain;126.05;2025-02-07T00:00:00+01:00
600;Marginal price Day Ahead market Spain;3;Spain;112.7;2025-02-07T01:00:00+01:00
600;Marginal price Day Ahead market Spain;3;Spain;108.82;2025-02-07T02:00:00+01:00
600;Marginal price Day Ahead market Spain;3;Spain;105;2025-02-07T03:00:00+01:00
600;Marginal price Day Ahead market Spain;3;Spain;105.85;2025-02-07T04:00:00+01:00
600;Marginal price Day Ahead market Spain;3;Spain;107.23;2025-02-07T05:00:00+01:00
600;Marginal price Day Ahead market Spain;3;Spain;118.01;2025-02-07T06:00:00+01:00
600;Marginal price Day Ahead market Spain;3;Spain;145.68;2025-02-07T07:00:00+01:00
600;Marginal price Day Ahead market Spain;3;Spain;164.3;2025-02-07T08:00:00+01:00
600;Marginal price Day Ahead market Spain;3;Spain;143.28;2025-02-07T09:00:00+01:00
600;Marginal price Day Ahead market Spain;3;Spain;107;2025-02-07T10:00:00+01:00
600;Marginal price Day Ahead market Spain;3;Spain;99;2025-02-07T11:00:00+01:00
600;Marginal price Day Ahead market Spain;3;Spain;93.49;2025-02-07T12:00:00+01:00
600;Marginal price Day Ahead market Spain;3;Spain;90.34;2025-02-07T13:00:00+01:00
600;Marginal price Day Ahead market Spain;3;Spain;87.89;2025-02-07T14:00:00+01:00
600;Marginal price Day Ahead market Spain;3;Spain;90.34;2025-02-07T15:00:00+01:00
600;Marginal price Day Ahead market Spain;3;Spain;91;2025-02-07T16:00:00+01:00
600;Marginal price Day Ahead market Spain;3;Spain;107.94;2025-02-07T17:00:00+01:00
600;Marginal price Day Ahead market Spain;3;Spain;141.26;2025-02-07T18:00:00+01:00
600;Marginal price Day Ahead market Spain;3;Spain;150.93;2025-02-07T19:00:00+01:00
600;Marginal price Day Ahead market Spain;3;Spain;145.36;2025-02-07T20:00:00+01:00
600;Marginal price Day Ahead market Spain;3;Spain;133.8;2025-02-07T21:00:00+01:00
600;Marginal price Day Ahead market Spain;3;Spain;133.06;2025-02-07T22:00:00+01:00
600;Marginal price Day Ahead market Spain;3;Spain;120.55;2025-02-07T23:00:00+01:00
600;Marginal price Day Ahead market Spain;3;Spain;106.74;2025-02-08T00:00:00+01:00
600;Marginal price Day Ahead market Spain;3;Spain;97.67;2025-02-08T01:00:00+01:00
600;Marginal price Day Ahead market Spain;3;Spain;89.5;2025-02-08T02:00:00+01:00
600;Marginal price Day Ahead market Spain;3;Spain;94.34;2025-02-08T03:00:00+01:00
600;Marginal price Day Ahead market Spain;3;Spain;89.69;2025-02-08T04:00:00+01:00
600;Marginal price Day Ahead market Spain;3;Spain;90.99;2025-02-08T05:00:00+01:00
600;Marginal price Day Ahead market Spain;3;Spain;97.15;2025-02-08T06:00:00+01:00
600;Marginal price Day Ahead market Spain;3;Spain;115;2025-02-08T07:00:00+01:00
600;Marginal price Day Ahead market Spain;3;Spain;119.08;2025-02-08T08:00:00+01:00
600;Marginal price Day Ahead market Spain;3;Spain;108;2025-02-08T09:00:00+01:00
600;Marginal price Day Ahead market Spain;3;Spain;82;2025-02-08T10:00:00+01:00
600;Marginal price Day Ahead market Spain;3;Spain;93.49;2025-02-08T11:00:00+01:00
600;Marginal price Day Ahead market Spain;3;Spain;64;2025-02-08T12:00:00+01:00
600;Marginal price Day Ahead market Spain;3;Spain;55;2025-02-08T13:00:00+01:00
600;Marginal price Day Ahead market Spain;3;Spain;50;2025-02-08T14:00:00+01:00
600;Marginal price Day Ahead market Spain;3;Spain;45.04;2025-02-08T15:00:00+01:00
600;Marginal price Day Ahead market Spain;3;Spain;68.71;2025-02-08T16:00:00+01:00
600;Marginal price Day Ahead market Spain;3;Spain;119;2025-02-08T17:00:00+01:00
600;Marginal price Day Ahead market Spain;3;Spain;160.49;2025-02-08T18:00:00+01:00
600;Marginal price Day Ahead market Spain;3;Spain;166.9;2025-02-08T19:00:00+01:00
600;Marginal price Day Ahead market Spain;3;Spain;164.04;2025-02-08T20:00:00+01:00
600;Marginal price Day Ahead market Spain;3;Spain;151.09;2025-02-08T21:00:00+01:00
600;Marginal price Day Ahead market Spain;3;Spain;149.1;2025-02-08T22:00:00+01:00
600;Marginal price Day Ahead market Spain;3;Spain;145.31;2025-02-08T23:00:00+01:00
600;Marginal price Day Ahead market Spain;3;Spain;129.97;2025-02-09T00:00:00+01:00
600;Marginal price Day Ahead market Spain;3;Spain;110.82;2025-02-09T01:00:00+01:00
600;Marginal price Day Ahead market Spain;3;Spain;101.86;2025-02-09T02:00:00+01:00
600;Marginal price Day Ahead market Spain;3;Spain;97;2025-02-09T03:00:00+01:00
600;Marginal price Day Ahead market Spain;3;Spain;90;2025-02-09T04:00:00+01:00
600;Marginal price Day Ahead market Spain;3;Spain;90.2;2025-02-09T05:00:00+01:00
600;Marginal price Day Ahead market Spain;3;Spain;99;2025-02-09T06:00:00+01:00
600;Marginal price Day Ahead market Spain;3;Spain;110.21;2025-02-09T07:00:00+01:00
600;Marginal price Day Ahead market Spain;3;Spain;110.47;2025-02-09T08:00:00+01:00
600;Marginal price Day Ahead market Spain;3;Spain;94.47;2025-02-09T09:00:00+01:00
600;Marginal price Day Ahead market Spain;3;Spain;74.85;2025-02-09T10:00:00+01:00
600;Marginal price Day Ahead market Spain;3;Spain;66.7;2025-02-09T11:00:00+01:00
600;Marginal price Day Ahead market Spain;3;Spain;64;2025-02-09T12:00:00+01:00
600;Marginal price Day Ahead market Spain;3;Spain;70;2025-02-09T13:00:00+01:00
600;Marginal price Day Ahead market Spain;3;Spain;70;2025-02-09T14:00:00+01:00
600;Marginal price Day Ahead market Spain;3;Spain;70;2025-02-09T15:00:00+01:00
600;Marginal price Day Ahead market Spain;3;Spain;94.31;2025-02-09T16:00:00+01:00
600;Marginal price Day Ahead market Spain;3;Spain;111.14;2025-02-09T17:00:00+01:00
600;Marginal price Day Ahead market Spain;3;Spain;162.96;2025-02-09T18:00:00+01:00
600;Marginal price Day Ahead market Spain;3;Spain;169.86;2025-02-09T19:00:00+01:00
600;Marginal price Day Ahead market Spain;3;Spain;187.99;2025-02-09T20:00:00+01:00
600;Marginal price Day Ahead market Spain;3;Spain;170.14;2025-02-09T21:00:00+01:00
600;Marginal price Day Ahead market Spain;3;Spain;150.3;2025-02-09T22:00:00+01:00
600;Marginal price Day Ahead market Spain;3;Spain;134.04;2025-02-09T23:00:00+01:00
600;Marginal price Day Ahead market Spain;3;Spain;124.35;2025-02-10T00:00:00+01:00
600;Marginal price Day Ahead market Spain;3;Spain;125.05;2025-02-10T01:00:00+01:00
600;Marginal price Day Ahead market Spain;3;Spain;122.01;2025-02-10T02:00:00+01:00
600;Marginal price Day Ahead market Spain;3;Spain;114.75;2025-02-10T03:00:00+01:00
600;Marginal price Day Ahead market Spain;3;Spain;114.48;2025-02-10T04:00:00+01:00
600;Marginal price Day Ahead market Spain;3;Spain;119.98;2025-02-10T05:00:00+01:00
600;Marginal price Day Ahead market Spain;3;Spain;145.78;2025-02-10T06:00:00+01:00
600;Marginal price Day Ahead market Spain;3;Spain;166.14;2025-02-10T07:00:00+01:00
600;Marginal price Day Ahead market Spain;3;Spain;181.36;2025-02-10T08:00:00+01:00
600;Marginal price Day Ahead market Spain;3;Spain;163.18;2025-02-10T09:00:00+01:00
600;Marginal price Day Ahead market Spain;3;Spain;146.02;2025-02-10T10:00:00+01:00
600;Marginal price Day Ahead market Spain;3;Spain;117.44;2025-02-10T11:00:00+01:00
600;Marginal price Day Ahead market Spain;3;Spain;115.61;2025-02-10T12:00:00+01:00
600;Marginal price Day Ahead market Spain;3;Spain;116.52;2025-02-10T13:00:00+01:00
600;Marginal price Day Ahead market Spain;3;Spain;112.5;2025-02-10T14:00:00+01:00
600;Marginal price Day Ahead market Spain;3;Spain;116.8;2025-02-10T15:00:00+01:00
600;Marginal price Day Ahead market Spain;3;Spain;116.79;2025-02-10T16:00:00+01:00
600;Marginal price Day Ahead market Spain;3;Spain;140.83;2025-02-10T17:00:00+01:00
600;Marginal price Day Ahead market Spain;3;Spain;166.34;2025-02-10T18:00:00+01:00
600;Marginal price Day Ahead market Spain;3;Spain;183.73;2025-02-10T19:00:00+01:00
600;Marginal price Day Ahead market Spain;3;Spain;200;2025-02-10T20:00:00+01:00
600;Marginal price Day Ahead market Spain;3;Spain;160.89;2025-02-10T21:00:00+01:00
600;Marginal price Day Ahead market Spain;3;Spain;151.69;2025-02-10T22:00:00+01:00
600;Marginal price Day Ahead market Spain;3;Spain;131.51;2025-02-10T23:00:00+01:00
600;Marginal price Day Ahead market Spain;3;Spain;120;2025-02-11T00:00:00+01:00
600;Marginal price Day Ahead market Spain;3;Spain;120;2025-02-11T01:00:00+01:00
600;Marginal price Day Ahead market Spain;3;Spain;114.65;2025-02-11T02:00:00+01:00
600;Marginal price Day Ahead market Spain;3;Spain;109.91;2025-02-11T03:00:00+01:00
600;Marginal price Day Ahead market Spain;3;Spain;106.01;2025-02-11T04:00:00+01:00
600;Marginal price Day Ahead market Spain;3;Spain;107;2025-02-11T05:00:00+01:00
600;Marginal price Day Ahead market Spain;3;Spain;120.13;2025-02-11T06:00:00+01:00
600;Marginal price Day Ahead market Spain;3;Spain;150.79;2025-02-11T07:00:00+01:00
600;Marginal price Day Ahead market Spain;3;Spain;159.06;2025-02-11T08:00:00+01:00
600;Marginal price Day Ahead market Spain;3;Spain;146.54;2025-02-11T09:00:00+01:00
600;Marginal price Day Ahead market Spain;3;Spain;120.62;2025-02-11T10:00:00+01:00
600;Marginal price Day Ahead market Spain;3;Spain;120.62;2025-02-11T11:00:00+01:00
600;Marginal price Day Ahead market Spain;3;Spain;109.99;2025-02-11T12:00:00+01:00
600;Marginal price Day Ahead market Spain;3;Spain;107.5;2025-02-11T13:00:00+01:00
600;Marginal price Day Ahead market Spain;3;Spain;110;2025-02-11T14:00:00+01:00
600;Marginal price Day Ahead market Spain;3;Spain;111.7;2025-02-11T15:00:00+01:00
600;Marginal price Day Ahead market Spain;3;Spain;120.62;2025-02-11T16:00:00+01:00
600;Marginal price Day Ahead market Spain;3;Spain;146.54;2025-02-11T17:00:00+01:00
600;Marginal price Day Ahead market Spain;3;Spain;174.57;2025-02-11T18:00:00+01:00
600;Marginal price Day Ahead market Spain;3;Spain;190;2025-02-11T19:00:00+01:00
600;Marginal price Day Ahead market Spain;3;Spain;194.5;2025-02-11T20:00:00+01:00
600;Marginal price Day Ahead market Spain;3;Spain;158.02;2025-02-11T21:00:00+01:00
600;Marginal price Day Ahead market Spain;3;Spain;146.38;2025-02-11T22:00:00+01:00
600;Marginal price Day Ahead market Spain;3;Spain;130.58;2025-02-11T23:00:00+01:00
600;Marginal price Day Ahead market Spain;3;Spain;121.06;2025-02-12T00:00:00+01:00
600;Marginal price Day Ahead market Spain;3;Spain;110;2025-02-12T01:00:00+01:00
600;Marginal price Day Ahead market Spain;3;Spain;105;2025-02-12T02:00:00+01:00
600;Marginal price Day Ahead market Spain;3;Spain;107.35;2025-02-12T03:00:00+01:00
600;Marginal price Day Ahead market Spain;3;Spain;104.5;2025-02-12T04:00:00+01:00
600;Marginal price Day Ahead market Spain;3;Spain;108.56;2025-02-12T05:00:00+01:00
600;Marginal price Day Ahead market Spain;3;Spain;115;2025-02-12T06:00:00+01:00
600;Marginal price Day Ahead market Spain;3;Spain;157.55;2025-02-12T07:00:00+01:00
600;Marginal price Day Ahead market Spain;3;Spain;180;2025-02-12T08:00:00+01:00
600;Marginal price Day Ahead market Spain;3;Spain;148.82;2025-02-12T09:00:00+01:00
600;Marginal price Day Ahead market Spain;3;Spain;107.35;2025-02-12T10:00:00+01:00
600;Marginal price Day Ahead market Spain;3;Spain;82.5;2025-02-12T11:00:00+01:00
600;Marginal price Day Ahead market Spain;3;Spain;70;2025-02-12T12:00:00+01:00
600;Marginal price Day Ahead market Spain;3;Spain;78;2025-02-12T13:00:00+01:00
600;Marginal price Day Ahead market Spain;3;Spain;63.74;2025-02-12T14:00:00+01:00
600;Marginal price Day Ahead market Spain;3;Spain;62;2025-02-12T15:00:00+01:00
600;Marginal price Day Ahead market Spain;3;Spain;81.5;2025-02-12T16:00:00+01:00
600;Marginal price Day Ahead market Spain;3;Spain;104.37;2025-02-12T17:00:00+01:00
600;Marginal price Day Ahead market Spain;3;Spain;148.34;2025-02-12T18:00:00+01:00
600;Marginal price Day Ahead market Spain;3;Spain;194.44;2025-02-12T19:00:00+01:00
600;Marginal price Day Ahead market Spain;3;Spain;177.52;2025-02-12T20:00:00+01:00
600;Marginal price Day Ahead market Spain;3;Spain;157.55;2025-02-12T21:00:00+01:00
600;Marginal price Day Ahead market Spain;3;Spain;152.08;2025-02-12T22:00:00+01:00
600;Marginal price Day Ahead market Spain;3;Spain;139.41;2025-02-12T23:00:00+01:00
600;Marginal price Day Ahead market Spain;3;Spain;129;2025-02-13T00:00:00+01:00
600;Marginal price Day Ahead market Spain;3;Spain;121.06;2025-02-13T01:00:00+01:00
600;Marginal price Day Ahead market Spain;3;Spain;126.09;2025-02-13T02:00:00+01:00
600;Marginal price Day Ahead market Spain;3;Spain;118.59;2025-02-13T03:00:00+01:00
600;Marginal price Day Ahead market Spain;3;Spain;114.3;2025-02-13T04:00:00+01:00
600;Marginal price Day Ahead market Spain;3;Spain;105.67;2025-02-13T05:00:00+01:00
600;Marginal price Day Ahead market Spain;3;Spain;131.34;2025-02-13T06:00:00+01:00
600;Marginal price Day Ahead market Spain;3;Spain;160.05;2025-02-13T07:00:00+01:00
600;Marginal price Day Ahead market Spain;3;Spain;195.2;2025-02-13T08:00:00+01:00
600;Marginal price Day Ahead market Spain;3;Spain;148.5;2025-02-13T09:00:00+01:00
600;Marginal price Day Ahead market Spain;3;Spain;100;2025-02-13T10:00:00+01:00
600;Marginal price Day Ahead market Spain;3;Spain;92.24;2025-02-13T11:00:00+01:00
600;Marginal price Day Ahead market Spain;3;Spain;90.86;2025-02-13T12:00:00+01:00
600;Marginal price Day Ahead market Spain;3;Spain;83.5;2025-02-13T13:00:00+01:00
600;Marginal price Day Ahead market Spain;3;Spain;80;2025-02-13T14:00:00+01:00
600;Marginal price Day Ahead market Spain;3;Spain;83.5;2025-02-13T15:00:00+01:00
600;Marginal price Day Ahead market Spain;3;Spain;92.5;2025-02-13T16:00:00+01:00
600;Marginal price Day Ahead market Spain;3;Spain;127.5;2025-02-13T17:00:00+01:00
600;Marginal price Day Ahead market Spain;3;Spain;186.96;2025-02-13T18:00:00+01:00
600;Marginal price Day Ahead market Spain;3;Spain;196.52;2025-02-13T19:00:00+01:00
600;Marginal price Day Ahead market Spain;3;Spain;200;2025-02-13T20:00:00+01:00
600;Marginal price Day Ahead market Spain;3;Spain;168;2025-02-13T21:00:00+01:00
600;Marginal price Day Ahead market Spain;3;Spain;153.12;2025-02-13T22:00:00+01:00
600;Marginal price Day Ahead market Spain;3;Spain;139;2025-02-13T23:00:00+01:00
600;Marginal price Day Ahead market Spain;3;Spain;128.76;2025-02-14T00:00:00+01:00
600;Marginal price Day Ahead market Spain;3;Spain;127;2025-02-14T01:00:00+01:00
600;Marginal price Day Ahead market Spain;3;Spain;117.56;2025-02-14T02:00:00+01:00
600;Marginal price Day Ahead market Spain;3;Spain;111.58;2025-02-14T03:00:00+01:00
600;Marginal price Day Ahead market Spain;3;Spain;107;2025-02-14T04:00:00+01:00
600;Marginal price Day Ahead market Spain;3;Spain;117.47;2025-02-14T05:00:00+01:00
600;Marginal price Day Ahead market Spain;3;Spain;131.21;2025-02-14T06:00:00+01:00
600;Marginal price Day Ahead market Spain;3;Spain;158.73;2025-02-14T07:00:00+01:00
600;Marginal price Day Ahead market Spain;3;Spain;189.79;2025-02-14T08:00:00+01:00
600;Marginal price Day Ahead market Spain;3;Spain;131.21;2025-02-14T09:00:00+01:00
600;Marginal price Day Ahead market Spain;3;Spain;92.9;2025-02-14T10:00:00+01:00
600;Marginal price Day Ahead market Spain;3;Spain;70;2025-02-14T11:00:00+01:00
600;Marginal price Day Ahead market Spain;3;Spain;60.3;2025-02-14T12:00:00+01:00
600;Marginal price Day Ahead market Spain;3;Spain;65;2025-02-14T13:00:00+01:00
600;Marginal price Day Ahead market Spain;3;Spain;55;2025-02-14T14:00:00+01:00
600;Marginal price Day Ahead market Spain;3;Spain;55;2025-02-14T15:00:00+01:00
600;Marginal price Day Ahead market Spain;3;Spain;65;2025-02-14T16:00:00+01:00
600;Marginal price Day Ahead market Spain;3;Spain;114;2025-02-14T17:00:00+01:00
600;Marginal price Day Ahead market Spain;3;Spain;169.84;2025-02-14T18:00:00+01:00
600;Marginal price Day Ahead market Spain;3;Spain;201.66;2025-02-14T19:00:00+01:00
600;Marginal price Day Ahead market Spain;3;Spain;183.55;2025-02-14T20:00:00+01:00
600;Marginal price Day Ahead market Spain;3;Spain;160.06;2025-02-14T21:00:00+01:00
600;Marginal price Day Ahead market Spain;3;Spain;153;2025-02-14T22:00:00+01:00
600;Marginal price Day Ahead market Spain;3;Spain;140.03;2025-02-14T23:00:00+01:00
600;Marginal price Day Ahead market Spain;3;Spain;122.58;2025-02-15T00:00:00+01:00
600;Marginal price Day Ahead market Spain;3;Spain;117.99;2025-02-15T01:00:00+01:00
600;Marginal price Day Ahead market Spain;3;Spain;105.67;2025-02-15T02:00:00+01:00
600;Marginal price Day Ahead market Spain;3;Spain;100.11;2025-02-15T03:00:00+01:00
600;Marginal price Day Ahead market Spain;3;Spain;100.11;2025-02-15T04:00:00+01:00
600;Marginal price Day Ahead market Spain;3;Spain;100.11;2025-02-15T05:00:00+01:00
600;Marginal price Day Ahead market Spain;3;Spain;100.11;2025-02-15T06:00:00+01:00
600;Marginal price Day Ahead market Spain;3;Spain;106.64;2025-02-15T07:00:00+01:00
600;Marginal price Day Ahead market Spain;3;Spain;104.99;2025-02-15T08:00:00+01:00
600;Marginal price Day Ahead market Spain;3;Spain;90.61;2025-02-15T09:00:00+01:00
600;Marginal price Day Ahead market Spain;3;Spain;71;2025-02-15T10:00:00+01:00
600;Marginal price Day Ahead market Spain;3;Spain;55.44;2025-02-15T11:00:00+01:00
600;Marginal price Day Ahead market Spain;3;Spain;40.08;2025-02-15T12:00:00+01:00
600;Marginal price Day Ahead market Spain;3;Spain;33;2025-02-15T13:00:00+01:00
600;Marginal price Day Ahead market Spain;3;Spain;25.46;2025-02-15T14:00:00+01:00
600;Marginal price Day Ahead market Spain;3;Spain;33;2025-02-15T15:00:00+01:00
600;Marginal price Day Ahead market Spain;3;Spain;50.24;2025-02-15T16:00:00+01:00
600;Marginal price Day Ahead market Spain;3;Spain;75;2025-02-15T17:00:00+01:00
600;Marginal price Day Ahead market Spain;3;Spain;110;2025-02-15T18:00:00+01:00
600;Marginal price Day Ahead market Spain;3;Spain;131.51;2025-02-15T19:00:00+01:00
600;Marginal price Day Ahead market Spain;3;Spain;131.51;2025-02-15T20:00:00+01:00
600;Marginal price Day Ahead market Spain;3;Spain;125;2025-02-15T21:00:00+01:00
600;Marginal price Day Ahead market Spain;3;Spain;123.06;2025-02-15T22:00:00+01:00
600;Marginal price Day Ahead market Spain;3;Spain;117.14;2025-02-15T23:00:00+01:00
600;Marginal price Day Ahead market Spain;3;Spain;99;2025-02-16T00:00:00+01:00
600;Marginal price Day Ahead market Spain;3;Spain;89.76;2025-02-16T01:00:00+01:00
600;Marginal price Day Ahead market Spain;3;Spain;91.78;2025-02-16T02:00:00+01:00
600;Marginal price Day Ahead market Spain;3;Spain;93.29;2025-02-16T03:00:00+01:00
600;Marginal price Day Ahead market Spain;3;Spain;89.5;2025-02-16T04:00:00+01:00
600;Marginal price Day Ahead market Spain;3;Spain;90.3;2025-02-16T05:00:00+01:00
600;Marginal price Day Ahead market Spain;3;Spain;98.05;2025-02-16T06:00:00+01:00
600;Marginal price Day Ahead market Spain;3;Spain;106.64;2025-02-16T07:00:00+01:00
600;Marginal price Day Ahead market Spain;3;Spain;105.59;2025-02-16T08:00:00+01:00
600;Marginal price Day Ahead market Spain;3;Spain;74.5;2025-02-16T09:00:00+01:00
600;Marginal price Day Ahead market Spain;3;Spain;61.4;2025-02-16T10:00:00+01:00
600;Marginal price Day Ahead market Spain;3;Spain;50.24;2025-02-16T11:00:00+01:00
600;Marginal price Day Ahead market Spain;3;Spain;39.75;2025-02-16T12:00:00+01:00
600;Marginal price Day Ahead market Spain;3;Spain;33.9;2025-02-16T13:00:00+01:00
600;Marginal price Day Ahead market Spain;3;Spain;20;2025-02-16T14:00:00+01:00
600;Marginal price Day Ahead market Spain;3;Spain;12;2025-02-16T15:00:00+01:00
600;Marginal price Day Ahead market Spain;3;Spain;40.3;2025-02-16T16:00:00+01:00
600;Marginal price Day Ahead market Spain;3;Spain;74.37;2025-02-16T17:00:00+01:00
600;Marginal price Day Ahead market Spain;3;Spain;122.99;2025-02-16T18:00:00+01:00
600;Marginal price Day Ahead market Spain;3;Spain;161.56;2025-02-16T19:00:00+01:00
600;Marginal price Day Ahead market Spain;3;Spain;154.95;2025-02-16T20:00:00+01:00
600;Marginal price Day Ahead market Spain;3;Spain;138.77;2025-02-16T21:00:00+01:00
600;Marginal price Day Ahead market Spain;3;Spain;137.12;2025-02-16T22:00:00+01:00
600;Marginal price Day Ahead market Spain;3;Spain;131.51;2025-02-16T23:00:00+01:00
600;Marginal price Day Ahead market Spain;3;Spain;127.87;2025-02-17T00:00:00+01:00
600;Marginal price Day Ahead market Spain;3;Spain;121.06;2025-02-17T01:00:00+01:00
600;Marginal price Day Ahead market Spain;3;Spain;120.34;2025-02-17T02:00:00+01:00
600;Marginal price Day Ahead market Spain;3;Spain;115.97;2025-02-17T03:00:00+01:00
600;Marginal price Day Ahead market Spain;3;Spain;116.23;2025-02-17T04:00:00+01:00
600;Marginal price Day Ahead market Spain;3;Spain;121.21;2025-02-17T05:00:00+01:00
600;Marginal price Day Ahead market Spain;3;Spain;130;2025-02-17T06:00:00+01:00
600;Marginal price Day Ahead market Spain;3;Spain;204.74;2025-02-17T07:00:00+01:00
600;Marginal price Day Ahead market Spain;3;Spain;209.79;2025-02-17T08:00:00+01:00
600;Marginal price Day Ahead market Spain;3;Spain;139.36;2025-02-17T09:00:00+01:00
600;Marginal price Day Ahead market Spain;3;Spain;120.58;2025-02-17T10:00:00+01:00
600;Marginal price Day Ahead market Spain;3;Spain;117.26;2025-02-17T11:00:00+01:00
600;Marginal price Day Ahead market Spain;3;Spain;109.9;2025-02-17T12:00:00+01:00
600;Marginal price Day Ahead market Spain;3;Spain;100;2025-02-17T13:00:00+01:00
600;Marginal price Day Ahead market Spain;3;Spain;98.97;2025-02-17T14:00:00+01:00
600;Marginal price Day Ahead market Spain;3;Spain;100;2025-02-17T15:00:00+01:00
600;Marginal price Day Ahead market Spain;3;Spain;110.97;2025-02-17T16:00:00+01:00
600;Marginal price Day Ahead market Spain;3;Spain;130;2025-02-17T17:00:00+01:00
600;Marginal price Day Ahead market Spain;3;Spain;180;2025-02-17T18:00:00+01:00
600;Marginal price Day Ahead market Spain;3;Spain;215.52;2025-02-17T19:00:00+01:00
600;Marginal price Day Ahead market Spain;3;Spain;200;2025-02-17T20:00:00+01:00
600;Marginal price Day Ahead market Spain;3;Spain;155.62;2025-02-17T21:00:00+01:00
600;Marginal price Day Ahead market Spain;3;Spain;140;2025-02-17T22:00:00+01:00
600;Marginal price Day Ahead market Spain;3;Spain;130.6;2025-02-17T23:00:00+01:00
600;Marginal price Day Ahead market Spain;3;Spain;103.84;2025-02-18T00:00:00+01:00
600;Marginal price Day Ahead market Spain;3;Spain;87.5;2025-02-18T01:00:00+01:00
600;Marginal price Day Ahead market Spain;3;Spain;75.2;2025-02-18T02:00:00+01:00
600;Marginal price Day Ahead market Spain;3;Spain;64.98;2025-02-18T03:00:00+01:00
600;Marginal price Day Ahead market Spain;3;Spain;59.4;2025-02-18T04:00:00+01:00
600;Marginal price Day Ahead market Spain;3;Spain;60.01;2025-02-18T05:00:00+01:00
600;Marginal price Day Ahead market Spain;3;Spain;65.24;2025-02-18T06:00:00+01:00
600;Marginal price Day Ahead market Spain;3;Spain;101;2025-02-18T07:00:00+01:00
600;Marginal price Day Ahead market Spain;3;Spain;109.11;2025-02-18T08:00:00+01:00
600;Marginal price Day Ahead market Spain;3;Spain;80;2025-02-18T09:00:00+01:00
600;Marginal price Day Ahead market Spain;3;Spain;65.37;2025-02-18T10:00:00+01:00
600;Marginal price Day Ahead market Spain;3;Spain;49.6;2025-02-18T11:00:00+01:00
600;Marginal price Day Ahead market Spain;3;Spain;15.36;2025-02-18T12:00:00+01:00
600;Marginal price Day Ahead market Spain;3;Spain;7.03;2025-02-18T13:00:00+01:00
600;Marginal price Day Ahead market Spain;3;Spain;9.99;2025-02-18T14:00:00+01:00
600;Marginal price Day Ahead market Spain;3;Spain;26.1;2025-02-18T15:00:00+01:00
600;Marginal price Day Ahead market Spain;3;Spain;60.01;2025-02-18T16:00:00+01:00
600;Marginal price Day Ahead market Spain;3;Spain;80.82;2025-02-18T17:00:00+01:00
600;Marginal price Day Ahead market Spain;3;Spain;115;2025-02-18T18:00:00+01:00
600;Marginal price Day Ahead market Spain;3;Spain;159.88;2025-02-18T19:00:00+01:00
600;Marginal price Day Ahead market Spain;3;Spain;144.4;2025-02-18T20:00:00+01:00
600;Marginal price Day Ahead market Spain;3;Spain;133.54;2025-02-18T21:00:00+01:00
600;Marginal price Day Ahead market Spain;3;Spain;124.02;2025-02-18T22:00:00+01:00
600;Marginal price Day Ahead market Spain;3;Spain;116.23;2025-02-18T23:00:00+01:00
600;Marginal price Day Ahead market Spain;3;Spain;106.48;2025-02-19T00:00:00+01:00
600;Marginal price Day Ahead market Spain;3;Spain;101.18;2025-02-19T01:00:00+01:00
600;Marginal price Day Ahead market Spain;3;Spain;101.3;2025-02-19T02:00:00+01:00
600;Marginal price Day Ahead market Spain;3;Spain;99;2025-02-19T03:00:00+01:00
600;Marginal price Day Ahead market Spain;3;Spain;96.06;2025-02-19T04:00:00+01:00
600;Marginal price Day Ahead market Spain;3;Spain;101.83;2025-02-19T05:00:00+01:00
600;Marginal price Day Ahead market Spain;3;Spain;120.18;2025-02-19T06:00:00+01:00
600;Marginal price Day Ahead market Spain;3;Spain;149.5;2025-02-19T07:00:00+01:00
600;Marginal price Day Ahead market Spain;3;Spain;167.39;2025-02-19T08:00:00+01:00
600;Marginal price Day Ahead market Spain;3;Spain;133.73;2025-02-19T09:00:00+01:00
600;Marginal price Day Ahead market Spain;3;Spain;114.37;2025-02-19T10:00:00+01:00
600;Marginal price Day Ahead market Spain;3;Spain;105.57;2025-02-19T11:00:00+01:00
600;Marginal price Day Ahead market Spain;3;Spain;104.24;2025-02-19T12:00:00+01:00
600;Marginal price Day Ahead market Spain;3;Spain;97.23;2025-02-19T13:00:00+01:00
600;Marginal price Day Ahead market Spain;3;Spain;90.01;2025-02-19T14:00:00+01:00
600;Marginal price Day Ahead market Spain;3;Spain;90.01;2025-02-19T15:00:00+01:00
600;Marginal price Day Ahead market Spain;3;Spain;105;2025-02-19T16:00:00+01:00
600;Marginal price Day Ahead market Spain;3;Spain;121.14;2025-02-19T17:00:00+01:00
600;Marginal price Day Ahead market Spain;3;Spain;150;2025-02-19T18:00:00+01:00
600;Marginal price Day Ahead market Spain;3;Spain;183.5;2025-02-19T19:00:00+01:00
600;Marginal price Day Ahead market Spain;3;Spain;203.2;2025-02-19T20:00:00+01:00
600;Marginal price Day Ahead market Spain;3;Spain;169.37;2025-02-19T21:00:00+01:00
600;Marginal price Day Ahead market Spain;3;Spain;139.21;2025-02-19T22:00:00+01:00
600;Marginal price Day Ahead market Spain;3;Spain;115.82;2025-02-19T23:00:00+01:00
600;Marginal price Day Ahead market Spain;3;Spain;100.05;2025-02-20T00:00:00+01:00
600;Marginal price Day Ahead market Spain;3;Spain;94.5;2025-02-20T01:00:00+01:00
600;Marginal price Day Ahead market Spain;3;Spain;94;2025-02-20T02:00:00+01:00
600;Marginal price Day Ahead market Spain;3;Spain;87.03;2025-02-20T03:00:00+01:00
600;Marginal price Day Ahead market Spain;3;Spain;85.89;2025-02-20T04:00:00+01:00
600;Marginal price Day Ahead market Spain;3;Spain;87.98;2025-02-20T05:00:00+01:00
600;Marginal price Day Ahead market Spain;3;Spain;98.19;2025-02-20T06:00:00+01:00
600;Marginal price Day Ahead market Spain;3;Spain;113.87;2025-02-20T07:00:00+01:00
600;Marginal price Day Ahead market Spain;3;Spain;131.1;2025-02-20T08:00:00+01:00
600;Marginal price Day Ahead market Spain;3;Spain;103.53;2025-02-20T09:00:00+01:00
600;Marginal price Day Ahead market Spain;3;Spain;77;2025-02-20T10:00:00+01:00
600;Marginal price Day Ahead market Spain;3;Spain;53.5;2025-02-20T11:00:00+01:00
600;Marginal price Day Ahead market Spain;3;Spain;34.97;2025-02-20T12:00:00+01:00
600;Marginal price Day Ahead market Spain;3;Spain;28.3;2025-02-20T13:00:00+01:00
600;Marginal price Day Ahead market Spain;3;Spain;20.33;2025-02-20T14:00:00+01:00
600;Marginal price Day Ahead market Spain;3;Spain;28.3;2025-02-20T15:00:00+01:00
600;Marginal price Day Ahead market Spain;3;Spain;50;2025-02-20T16:00:00+01:00
600;Marginal price Day Ahead market Spain;3;Spain;78;2025-02-20T17:00:00+01:00
600;Marginal price Day Ahead market Spain;3;Spain;125;2025-02-20T18:00:00+01:00
600;Marginal price Day Ahead market Spain;3;Spain;141.5;2025-02-20T19:00:00+01:00
600;Marginal price Day Ahead market Spain;3;Spain;150.56;2025-02-20T20:00:00+01:00
600;Marginal price Day Ahead market Spain;3;Spain;130;2025-02-20T21:00:00+01:00
600;Marginal price Day Ahead market Spain;3;Spain;100.05;2025-02-20T22:00:00+01:00
600;Marginal price Day Ahead market Spain;3;Spain;88;2025-02-20T23:00:00+01:00
600;Marginal price Day Ahead market Spain;3;Spain;72.88;2025-02-21T00:00:00+01:00
600;Marginal price Day Ahead market Spain;3;Spain;70;2025-02-21T01:00:00+01:00
600;Marginal price Day Ahead market Spain;3;Spain;52.5;2025-02-21T02:00:00+01:00
600;Marginal price Day Ahead market Spain;3;Spain;51.98;2025-02-21T03:00:00+01:00
600;Marginal price Day Ahead market Spain;3;Spain;40.7;2025-02-21T04:00:00+01:00
600;Marginal price Day Ahead market Spain;3;Spain;38.71;2025-02-21T05:00:00+01:00
600;Marginal price Day Ahead market Spain;3;Spain;52.5;2025-02-21T06:00:00+01:00
600;Marginal price Day Ahead market Spain;3;Spain;69.96;2025-02-21T07:00:00+01:00
600;Marginal price Day Ahead market Spain;3;Spain;72.88;2025-02-21T08:00:00+01:00
600;Marginal price Day Ahead market Spain;3;Spain;67.52;2025-02-21T09:00:00+01:00
600;Marginal price Day Ahead market Spain;3;Spain;45.2;2025-02-21T10:00:00+01:00
600;Marginal price Day Ahead market Spain;3;Spain;13.48;2025-02-21T11:00:00+01:00
600;Marginal price Day Ahead market Spain;3;Spain;3.52;2025-02-21T12:00:00+01:00
600;Marginal price Day Ahead market Spain;3;Spain;3.52;2025-02-21T13:00:00+01:00
600;Marginal price Day Ahead market Spain;3;Spain;3.52;2025-02-21T14:00:00+01:00
600;Marginal price Day Ahead market Spain;3;Spain;3.52;2025-02-21T15:00:00+01:00
600;Marginal price Day Ahead market Spain;3;Spain;5;2025-02-21T16:00:00+01:00
600;Marginal price Day Ahead market Spain;3;Spain;42.2;2025-02-21T17:00:00+01:00
600;Marginal price Day Ahead market Spain;3;Spain;52.37;2025-02-21T18:00:00+01:00
600;Marginal price Day Ahead market Spain;3;Spain;93.83;2025-02-21T19:00:00+01:00
600;Marginal price Day Ahead market Spain;3;Spain;84.97;2025-02-21T20:00:00+01:00
600;Marginal price Day Ahead market Spain;3;Spain;70.94;2025-02-21T21:00:00+01:00
600;Marginal price Day Ahead market Spain;3;Spain;69.96;2025-02-21T22:00:00+01:00
600;Marginal price Day Ahead market Spain;3;Spain;70.17;2025-02-21T23:00:00+01:00
600;Marginal price Day Ahead market Spain;3;Spain;59.05;2025-02-22T00:00:00+01:00
600;Marginal price Day Ahead market Spain;3;Spain;53.92;2025-02-22T01:00:00+01:00
600;Marginal price Day Ahead market Spain;3;Spain;52.12;2025-02-22T02:00:00+01:00
600;Marginal price Day Ahead market Spain;3;Spain;45.5;2025-02-22T03:00:00+01:00
600;Marginal price Day Ahead market Spain;3;Spain;44.72;2025-02-22T04:00:00+01:00
600;Marginal price Day Ahead market Spain;3;Spain;55.54;2025-02-22T05:00:00+01:00
600;Marginal price Day Ahead market Spain;3;Spain;61.03;2025-02-22T06:00:00+01:00
600;Marginal price Day Ahead market Spain;3;Spain;70.83;2025-02-22T07:00:00+01:00
600;Marginal price Day Ahead market Spain;3;Spain;73.33;2025-02-22T08:00:00+01:00
600;Marginal price Day Ahead market Spain;3;Spain;72.86;2025-02-22T09:00:00+01:00
600;Marginal price Day Ahead market Spain;3;Spain;64.48;2025-02-22T10:00:00+01:00
600;Marginal price Day Ahead market Spain;3;Spain;63;2025-02-22T11:00:00+01:00
600;Marginal price Day Ahead market Spain;3;Spain;50.24;2025-02-22T12:00:00+01:00
600;Marginal price Day Ahead market Spain;3;Spain;43.2;2025-02-22T13:00:00+01:00
600;Marginal price Day Ahead market Spain;3;Spain;39.94;2025-02-22T14:00:00+01:00
600;Marginal price Day Ahead market Spain;3;Spain;39.68;2025-02-22T15:00:00+01:00
600;Marginal price Day Ahead market Spain;3;Spain;43.2;2025-02-22T16:00:00+01:00
600;Marginal price Day Ahead market Spain;3;Spain;72.38;2025-02-22T17:00:00+01:00
600;Marginal price Day Ahead market Spain;3;Spain;122.94;2025-02-22T18:00:00+01:00
600;Marginal price Day Ahead market Spain;3;Spain;130.72;2025-02-22T19:00:00+01:00
600;Marginal price Day Ahead market Spain;3;Spain;121.47;2025-02-22T20:00:00+01:00
600;Marginal price Day Ahead market Spain;3;Spain;110.79;2025-02-22T21:00:00+01:00
600;Marginal price Day Ahead market Spain;3;Spain;107.11;2025-02-22T22:00:00+01:00
600;Marginal price Day Ahead market Spain;3;Spain;102.2;2025-02-22T23:00:00+01:00
600;Marginal price Day Ahead market Spain;3;Spain;90.2;2025-02-23T00:00:00+01:00
600;Marginal price Day Ahead market Spain;3;Spain;81;2025-02-23T01:00:00+01:00
600;Marginal price Day Ahead market Spain;3;Spain;80.82;2025-02-23T02:00:00+01:00
600;Marginal price Day Ahead market Spain;3;Spain;77.83;2025-02-23T03:00:00+01:00
600;Marginal price Day Ahead market Spain;3;Spain;75.54;2025-02-23T04:00:00+01:00
600;Marginal price Day Ahead market Spain;3;Spain;76.45;2025-02-23T05:00:00+01:00
600;Marginal price Day Ahead market Spain;3;Spain;79.98;2025-02-23T06:00:00+01:00
600;Marginal price Day Ahead market Spain;3;Spain;80.1;2025-02-23T07:00:00+01:00
600;Marginal price Day Ahead market Spain;3;Spain;76.74;2025-02-23T08:00:00+01:00
600;Marginal price Day Ahead market Spain;3;Spain;61.58;2025-02-23T09:00:00+01:00
600;Marginal price Day Ahead market Spain;3;Spain;29.5;2025-02-23T10:00:00+01:00
600;Marginal price Day Ahead market Spain;3;Spain;15;2025-02-23T11:00:00+01:00
600;Marginal price Day Ahead market Spain;3;Spain;5.93;2025-02-23T12:00:00+01:00
600;Marginal price Day Ahead market Spain;3;Spain;10.95;2025-02-23T13:00:00+01:00
600;Marginal price Day Ahead market Spain;3;Spain;10.95;2025-02-23T14:00:00+01:00
600;Marginal price Day Ahead market Spain;3;Spain;3.52;2025-02-23T15:00:00+01:00
600;Marginal price Day Ahead market Spain;3;Spain;10.96;2025-02-23T16:00:00+01:00
600;Marginal price Day Ahead market Spain;3;Spain;50;2025-02-23T17:00:00+01:00
600;Marginal price Day Ahead market Spain;3;Spain;100.9;2025-02-23T18:00:00+01:00
600;Marginal price Day Ahead market Spain;3;Spain;122.94;2025-02-23T19:00:00+01:00
600;Marginal price Day Ahead market Spain;3;Spain;134.7;2025-02-23T20:00:00+01:00
600;Marginal price Day Ahead market Spain;3;Spain;123.25;2025-02-23T21:00:00+01:00
600;Marginal price Day Ahead market Spain;3;Spain;100.9;2025-02-23T22:00:00+01:00
600;Marginal price Day Ahead market Spain;3;Spain;79.7;2025-02-23T23:00:00+01:00
600;Marginal price Day Ahead market Spain;3;Spain;79.21;2025-02-24T00:00:00+01:00
600;Marginal price Day Ahead market Spain;3;Spain;67.94;2025-02-24T01:00:00+01:00
600;Marginal price Day Ahead market Spain;3;Spain;56.2;2025-02-24T02:00:00+01:00
600;Marginal price Day Ahead market Spain;3;Spain;49;2025-02-24T03:00:00+01:00
600;Marginal price Day Ahead market Spain;3;Spain;46.25;2025-02-24T04:00:00+01:00
600;Marginal price Day Ahead market Spain;3;Spain;56.03;2025-02-24T05:00:00+01:00
600;Marginal price Day Ahead market Spain;3;Spain;74.78;2025-02-24T06:00:00+01:00
600;Marginal price Day Ahead market Spain;3;Spain;103.33;2025-02-24T07:00:00+01:00
600;Marginal price Day Ahead market Spain;3;Spain;116.86;2025-02-24T08:00:00+01:00
600;Marginal price Day Ahead market Spain;3;Spain;100;2025-02-24T09:00:00+01:00
600;Marginal price Day Ahead market Spain;3;Spain;88.64;2025-02-24T10:00:00+01:00
600;Marginal price Day Ahead market Spain;3;Spain;74.78;2025-02-24T11:00:00+01:00
600;Marginal price Day Ahead market Spain;3;Spain;56.2;2025-02-24T12:00:00+01:00
600;Marginal price Day Ahead market Spain;3;Spain;40.56;2025-02-24T13:00:00+01:00
600;Marginal price Day Ahead market Spain;3;Spain;32.64;2025-02-24T14:00:00+01:00
600;Marginal price Day Ahead market Spain;3;Spain;34;2025-02-24T15:00:00+01:00
600;Marginal price Day Ahead market Spain;3;Spain;43.76;2025-02-24T16:00:00+01:00
600;Marginal price Day Ahead market Spain;3;Spain;67.94;2025-02-24T17:00:00+01:00
600;Marginal price Day Ahead market Spain;3;Spain;107.59;2025-02-24T18:00:00+01:00
600;Marginal price Day Ahead market Spain;3;Spain;159.17;2025-02-24T19:00:00+01:00
600;Marginal price Day Ahead market Spain;3;Spain;134.91;2025-02-24T20:00:00+01:00
600;Marginal price Day Ahead market Spain;3;Spain;115.28;2025-02-24T21:00:00+01:00
600;Marginal price Day Ahead market Spain;3;Spain;100.54;2025-02-24T22:00:00+01:00
600;Marginal price Day Ahead market Spain;3;Spain;79.98;2025-02-24T23:00:00+01:00
600;Marginal price Day Ahead market Spain;3;Spain;71.98;2025-02-25T00:00:00+01:00
600;Marginal price Day Ahead market Spain;3;Spain;72.11;2025-02-25T01:00:00+01:00
600;Marginal price Day Ahead market Spain;3;Spain;71;2025-02-25T02:00:00+01:00
600;Marginal price Day Ahead market Spain;3;Spain;71.98;2025-02-25T03:00:00+01:00
600;Marginal price Day Ahead market Spain;3;Spain;79.98;2025-02-25T04:00:00+01:00
600;Marginal price Day Ahead market Spain;3;Spain;89.26;2025-02-25T05:00:00+01:00
600;Marginal price Day Ahead market Spain;3;Spain;101;2025-02-25T06:00:00+01:00
600;Marginal price Day Ahead market Spain;3;Spain;123.75;2025-02-25T07:00:00+01:00
600;Marginal price Day Ahead market Spain;3;Spain;136.97;2025-02-25T08:00:00+01:00
600;Marginal price Day Ahead market Spain;3;Spain;125.48;2025-02-25T09:00:00+01:00
600;Marginal price Day Ahead market Spain;3;Spain;106;2025-02-25T10:00:00+01:00
600;Marginal price Day Ahead market Spain;3;Spain;88;2025-02-25T11:00:00+01:00
600;Marginal price Day Ahead market Spain;3;Spain;76;2025-02-25T12:00:00+01:00
600;Marginal price Day Ahead market Spain;3;Spain;72.24;2025-02-25T13:00:00+01:00
600;Marginal price Day Ahead market Spain;3;Spain;60.17;2025-02-25T14:00:00+01:00
600;Marginal price Day Ahead market Spain;3;Spain;57.56;2025-02-25T15:00:00+01:00
600;Marginal price Day Ahead market Spain;3;Spain;60;2025-02-25T16:00:00+01:00
600;Marginal price Day Ahead market Spain;3;Spain;79.98;2025-02-25T17:00:00+01:00
600;Marginal price Day Ahead market Spain;3;Spain;110;2025-02-25T18:00:00+01:00
600;Marginal price Day Ahead market Spain;3;Spain;140.99;2025-02-25T19:00:00+01:00
600;Marginal price Day Ahead market Spain;3;Spain;137.99;2025-02-25T20:00:00+01:00
600;Marginal price Day Ahead market Spain;3;Spain;128.97;2025-02-25T21:00:00+01:00
600;Marginal price Day Ahead market Spain;3;Spain;114.28;2025-02-25T22:00:00+01:00
600;Marginal price Day Ahead market Spain;3;Spain;100.41;2025-02-25T23:00:00+01:00
600;Marginal price Day Ahead market Spain;3;Spain;102.48;2025-02-26T00:00:00+01:00
600;Marginal price Day Ahead market Spain;3;Spain;86.87;2025-02-26T01:00:00+01:00
600;Marginal price Day Ahead market Spain;3;Spain;92.98;2025-02-26T02:00:00+01:00
600;Marginal price Day Ahead market Spain;3;Spain;86.38;2025-02-26T03:00:00+01:00
600;Marginal price Day Ahead market Spain;3;Spain;88.59;2025-02-26T04:00:00+01:00
600;Marginal price Day Ahead market Spain;3;Spain;97.82;2025-02-26T05:00:00+01:00
600;Marginal price Day Ahead market Spain;3;Spain;111.76;2025-02-26T06:00:00+01:00
600;Marginal price Day Ahead market Spain;3;Spain;136.2;2025-02-26T07:00:00+01:00
600;Marginal price Day Ahead market Spain;3;Spain;139.08;2025-02-26T08:00:00+01:00
600;Marginal price Day Ahead market Spain;3;Spain;106.46;2025-02-26T09:00:00+01:00
600;Marginal price Day Ahead market Spain;3;Spain;65;2025-02-26T10:00:00+01:00
600;Marginal price Day Ahead market Spain;3;Spain;70;2025-02-26T11:00:00+01:00
600;Marginal price Day Ahead market Spain;3;Spain;59.3;2025-02-26T12:00:00+01:00
600;Marginal price Day Ahead market Spain;3;Spain;58;2025-02-26T13:00:00+01:00
600;Marginal price Day Ahead market Spain;3;Spain;54.59;2025-02-26T14:00:00+01:00
600;Marginal price Day Ahead market Spain;3;Spain;58.28;2025-02-26T15:00:00+01:00
600;Marginal price Day Ahead market Spain;3;Spain;71.98;2025-02-26T16:00:00+01:00
600;Marginal price Day Ahead market Spain;3;Spain;97;2025-02-26T17:00:00+01:00
600;Marginal price Day Ahead market Spain;3;Spain;126.37;2025-02-26T18:00:00+01:00
600;Marginal price Day Ahead market Spain;3;Spain;161.95;2025-02-26T19:00:00+01:00
600;Marginal price Day Ahead market Spain;3;Spain;225;2025-02-26T20:00:00+01:00
600;Marginal price Day Ahead market Spain;3;Spain;181.02;2025-02-26T21:00:00+01:00
600;Marginal price Day Ahead market Spain;3;Spain;126.16;2025-02-26T22:00:00+01:00
600;Marginal price Day Ahead market Spain;3;Spain;125;2025-02-26T23:00:00+01:00
600;Marginal price Day Ahead market Spain;3;Spain;116.52;2025-02-27T00:00:00+01:00
600;Marginal price Day Ahead market Spain;3;Spain;114.51;2025-02-27T01:00:00+01:00
600;Marginal price Day Ahead market Spain;3;Spain;106;2025-02-27T02:00:00+01:00
600;Marginal price Day Ahead market Spain;3;Spain;103.44;2025-02-27T03:00:00+01:00
600;Marginal price Day Ahead market Spain;3;Spain;101;2025-02-27T04:00:00+01:00
600;Marginal price Day Ahead market Spain;3;Spain;104.35;2025-02-27T05:00:00+01:00
600;Marginal price Day Ahead market Spain;3;Spain;117.14;2025-02-27T06:00:00+01:00
600;Marginal price Day Ahead market Spain;3;Spain;145;2025-02-27T07:00:00+01:00
600;Marginal price Day Ahead market Spain;3;Spain;168.77;2025-02-27T08:00:00+01:00
600;Marginal price Day Ahead market Spain;3;Spain;129.18;2025-02-27T09:00:00+01:00
600;Marginal price Day Ahead market Spain;3;Spain;109.49;2025-02-27T10:00:00+01:00
600;Marginal price Day Ahead market Spain;3;Spain;100.19;2025-02-27T11:00:00+01:00
600;Marginal price Day Ahead market Spain;3;Spain;93;2025-02-27T12:00:00+01:00
600;Marginal price Day Ahead market Spain;3;Spain;89;2025-02-27T13:00:00+01:00
600;Marginal price Day Ahead market Spain;3;Spain;86.8;2025-02-27T14:00:00+01:00
600;Marginal price Day Ahead market Spain;3;Spain;89;2025-02-27T15:00:00+01:00
600;Marginal price Day Ahead market Spain;3;Spain;100;2025-02-27T16:00:00+01:00
600;Marginal price Day Ahead market Spain;3;Spain;113.95;2025-02-27T17:00:00+01:00
600;Marginal price Day Ahead market Spain;3;Spain;136.13;2025-02-27T18:00:00+01:00
600;Marginal price Day Ahead market Spain;3;Spain;165;2025-02-27T19:00:00+01:00
600;Marginal price Day Ahead market Spain;3;Spain;219.08;2025-02-27T20:00:00+01:00
600;Marginal price Day Ahead market Spain;3;Spain;147.01;2025-02-27T21:00:00+01:00
600;Marginal price Day Ahead market Spain;3;Spain;122.31;2025-02-27T22:00:00+01:00
600;Marginal price Day Ahead market Spain;3;Spain;113.5;2025-02-27T23:00:00+01:00
600;Marginal price Day Ahead market Spain;3;Spain;115.59;2025-02-28T00:00:00+01:00
600;Marginal price Day Ahead market Spain;3;Spain;110.54;2025-02-28T01:00:00+01:00
600;Marginal price Day Ahead market Spain;3;Spain;109.38;2025-02-28T02:00:00+01:00
600;Marginal price Day Ahead market Spain;3;Spain;105.2;2025-02-28T03:00:00+01:00
600;Marginal price Day Ahead market Spain;3;Spain;104.49;2025-02-28T04:00:00+01:00
600;Marginal price Day Ahead market Spain;3;Spain;104.49;2025-02-28T05:00:00+01:00
600;Marginal price Day Ahead market Spain;3;Spain;116.28;2025-02-28T06:00:00+01:00
600;Marginal price Day Ahead market Spain;3;Spain;133.87;2025-02-28T07:00:00+01:00
600;Marginal price Day Ahead market Spain;3;Spain;142.9;2025-02-28T08:00:00+01:00
600;Marginal price Day Ahead market Spain;3;Spain;115.8;2025-02-28T09:00:00+01:00
600;Marginal price Day Ahead market Spain;3;Spain;102.48;2025-02-28T10:00:00+01:00
600;Marginal price Day Ahead market Spain;3;Spain;93;2025-02-28T11:00:00+01:00
600;Marginal price Day Ahead market Spain;3;Spain;91.08;2025-02-28T12:00:00+01:00
600;Marginal price Day Ahead market Spain;3;Spain;80.13;2025-02-28T13:00:00+01:00
600;Marginal price Day Ahead market Spain;3;Spain;85.2;2025-02-28T14:00:00+01:00
600;Marginal price Day Ahead market Spain;3;Spain;93.29;2025-02-28T15:00:00+01:00
600;Marginal price Day Ahead market Spain;3;Spain;96.74;2025-02-28T16:00:00+01:00
600;Marginal price Day Ahead market Spain;3;Spain;115.51;2025-02-28T17:00:00+01:00
600;Marginal price Day Ahead market Spain;3;Spain;123.52;2025-02-28T18:00:00+01:00
600;Marginal price Day Ahead market Spain;3;Spain;151.96;2025-02-28T19:00:00+01:00
600;Marginal price Day Ahead market Spain;3;Spain;134.27;2025-02-28T20:00:00+01:00
600;Marginal price Day Ahead market Spain;3;Spain;121.73;2025-02-28T21:00:00+01:00
600;Marginal price Day Ahead market Spain;3;Spain;114.72;2025-02-28T22:00:00+01:00
600;Marginal price Day Ahead market Spain;3;Spain;106.75;2025-02-28T23:00:00+01:00
600;Marginal price Day Ahead market Spain;3;Spain;105.36;2025-03-01T00:00:00+01:00
600;Marginal price Day Ahead market Spain;3;Spain;85.2;2025-03-01T01:00:00+01:00
600;Marginal price Day Ahead market Spain;3;Spain;82.49;2025-03-01T02:00:00+01:00
600;Marginal price Day Ahead market Spain;3;Spain;79.17;2025-03-01T03:00:00+01:00
600;Marginal price Day Ahead market Spain;3;Spain;74.21;2025-03-01T04:00:00+01:00
600;Marginal price Day Ahead market Spain;3;Spain;70.75;2025-03-01T05:00:00+01:00
600;Marginal price Day Ahead market Spain;3;Spain;78.52;2025-03-01T06:00:00+01:00
600;Marginal price Day Ahead market Spain;3;Spain;83.5;2025-03-01T07:00:00+01:00
600;Marginal price Day Ahead market Spain;3;Spain;82.92;2025-03-01T08:00:00+01:00
600;Marginal price Day Ahead market Spain;3;Spain;72;2025-03-01T09:00:00+01:00
600;Marginal price Day Ahead market Spain;3;Spain;54.63;2025-03-01T10:00:00+01:00
600;Marginal price Day Ahead market Spain;3;Spain;45;2025-03-01T11:00:00+01:00
600;Marginal price Day Ahead market Spain;3;Spain;40.1;2025-03-01T12:00:00+01:00
600;Marginal price Day Ahead market Spain;3;Spain;39.68;2025-03-01T13:00:00+01:00
600;Marginal price Day Ahead market Spain;3;Spain;35.3;2025-03-01T14:00:00+01:00
600;Marginal price Day Ahead market Spain;3;Spain;31.73;2025-03-01T15:00:00+01:00
600;Marginal price Day Ahead market Spain;3;Spain;34.75;2025-03-01T16:00:00+01:00
600;Marginal price Day Ahead market Spain;3;Spain;39.68;2025-03-01T17:00:00+01:00
600;Marginal price Day Ahead market Spain;3;Spain;66.52;2025-03-01T18:00:00+01:00
600;Marginal price Day Ahead market Spain;3;Spain;70.8;2025-03-01T19:00:00+01:00
600;Marginal price Day Ahead market Spain;3;Spain;80.36;2025-03-01T20:00:00+01:00
600;Marginal price Day Ahead market Spain;3;Spain;78.54;2025-03-01T21:00:00+01:00
600;Marginal price Day Ahead market Spain;3;Spain;82.49;2025-03-01T22:00:00+01:00
600;Marginal price Day Ahead market Spain;3;Spain;66.28;2025-03-01T23:00:00+01:00
600;Marginal price Day Ahead market Spain;3;Spain;62;2025-03-02T00:00:00+01:00
600;Marginal price Day Ahead market Spain;3;Spain;51.58;2025-03-02T01:00:00+01:00
600;Marginal price Day Ahead market Spain;3;Spain;50.03;2025-03-02T02:00:00+01:00
600;Marginal price Day Ahead market Spain;3;Spain;49.2;2025-03-02T03:00:00+01:00
600;Marginal price Day Ahead market Spain;3;Spain;50.68;2025-03-02T04:00:00+01:00
600;Marginal price Day Ahead market Spain;3;Spain;51.58;2025-03-02T05:00:00+01:00
600;Marginal price Day Ahead market Spain;3;Spain;51.97;2025-03-02T06:00:00+01:00
600;Marginal price Day Ahead market Spain;3;Spain;51.9;2025-03-02T07:00:00+01:00
600;Marginal price Day Ahead market Spain;3;Spain;51.9;2025-03-02T08:00:00+01:00
600;Marginal price Day Ahead market Spain;3;Spain;52.5;2025-03-02T09:00:00+01:00
600;Marginal price Day Ahead market Spain;3;Spain;60.5;2025-03-02T10:00:00+01:00
600;Marginal price Day Ahead market Spain;3;Spain;49;2025-03-02T11:00:00+01:00
600;Marginal price Day Ahead market Spain;3;Spain;27.5;2025-03-02T12:00:00+01:00
600;Marginal price Day Ahead market Spain;3;Spain;40;2025-03-02T13:00:00+01:00
600;Marginal price Day Ahead market Spain;3;Spain;42.19;2025-03-02T14:00:00+01:00
600;Marginal price Day Ahead market Spain;3;Spain;51.9;2025-03-02T15:00:00+01:00
600;Marginal price Day Ahead market Spain;3;Spain;76.04;2025-03-02T16:00:00+01:00
600;Marginal price Day Ahead market Spain;3;Spain;82.49;2025-03-02T17:00:00+01:00
600;Marginal price Day Ahead market Spain;3;Spain;89.5;2025-03-02T18:00:00+01:00
600;Marginal price Day Ahead market Spain;3;Spain;113.95;2025-03-02T19:00:00+01:00
600;Marginal price Day Ahead market Spain;3;Spain;124.87;2025-03-02T20:00:00+01:00
600;Marginal price Day Ahead market Spain;3;Spain;121.69;2025-03-02T21:00:00+01:00
600;Marginal price Day Ahead market Spain;3;Spain;91.5;2025-03-02T22:00:00+01:00
600;Marginal price Day Ahead market Spain;3;Spain;79;2025-03-02T23:00:00+01:00
600;Marginal price Day Ahead market Spain;3;Spain;78.8;2025-03-03T00:00:00+01:00
600;Marginal price Day Ahead market Spain;3;Spain;73;2025-03-03T01:00:00+01:00
600;Marginal price Day Ahead market Spain;3;Spain;68.5;2025-03-03T02:00:00+01:00
600;Marginal price Day Ahead market Spain;3;Spain;69;2025-03-03T03:00:00+01:00
600;Marginal price Day Ahead market Spain;3;Spain;68.57;2025-03-03T04:00:00+01:00
600;Marginal price Day Ahead market Spain;3;Spain;78.61;2025-03-03T05:00:00+01:00
600;Marginal price Day Ahead market Spain;3;Spain;93;2025-03-03T06:00:00+01:00
600;Marginal price Day Ahead market Spain;3;Spain;104.58;2025-03-03T07:00:00+01:00
600;Marginal price Day Ahead market Spain;3;Spain;115;2025-03-03T08:00:00+01:00
600;Marginal price Day Ahead market Spain;3;Spain;104.58;2025-03-03T09:00:00+01:00
600;Marginal price Day Ahead market Spain;3;Spain;105.63;2025-03-03T10:00:00+01:00
600;Marginal price Day Ahead market Spain;3;Spain;103.96;2025-03-03T11:00:00+01:00
600;Marginal price Day Ahead market Spain;3;Spain;90.48;2025-03-03T12:00:00+01:00
600;Marginal price Day Ahead market Spain;3;Spain;90.24;2025-03-03T13:00:00+01:00
600;Marginal price Day Ahead market Spain;3;Spain;66.91;2025-03-03T14:00:00+01:00
600;Marginal price Day Ahead market Spain;3;Spain;86.44;2025-03-03T15:00:00+01:00
600;Marginal price Day Ahead market Spain;3;Spain;98.5;2025-03-03T16:00:00+01:00
600;Marginal price Day Ahead market Spain;3;Spain;100.13;2025-03-03T17:00:00+01:00
600;Marginal price Day Ahead market Spain;3;Spain;111.5;2025-03-03T18:00:00+01:00
600;Marginal price Day Ahead market Spain;3;Spain;135;2025-03-03T19:00:00+01:00
600;Marginal price Day Ahead market Spain;3;Spain;149;2025-03-03T20:00:00+01:00
600;Marginal price Day Ahead market Spain;3;Spain;122.91;2025-03-03T21:00:00+01:00
600;Marginal price Day Ahead market Spain;3;Spain;115;2025-03-03T22:00:00+01:00
600;Marginal price Day Ahead market Spain;3;Spain;98.41;2025-03-03T23:00:00+01:00
600;Marginal price Day Ahead market Spain;3;Spain;100.13;2025-03-04T00:00:00+01:00
600;Marginal price Day Ahead market Spain;3;Spain;104;2025-03-04T01:00:00+01:00
600;Marginal price Day Ahead market Spain;3;Spain;101.05;2025-03-04T02:00:00+01:00
600;Marginal price Day Ahead market Spain;3;Spain;100.13;2025-03-04T03:00:00+01:00
600;Marginal price Day Ahead market Spain;3;Spain;99;2025-03-04T04:00:00+01:00
600;Marginal price Day Ahead market Spain;3;Spain;102.61;2025-03-04T05:00:00+01:00
600;Marginal price Day Ahead market Spain;3;Spain;96.78;2025-03-04T06:00:00+01:00
600;Marginal price Day Ahead market Spain;3;Spain;106.6;2025-03-04T07:00:00+01:00
600;Marginal price Day Ahead market Spain;3;Spain;109.24;2025-03-04T08:00:00+01:00
600;Marginal price Day Ahead market Spain;3;Spain;102.7;2025-03-04T09:00:00+01:00
600;Marginal price Day Ahead market Spain;3;Spain;95.5;2025-03-04T10:00:00+01:00
600;Marginal price Day Ahead market Spain;3;Spain;77.85;2025-03-04T11:00:00+01:00
600;Marginal price Day Ahead market Spain;3;Spain;63.84;2025-03-04T12:00:00+01:00
600;Marginal price Day Ahead market Spain;3;Spain;50.24;2025-03-04T13:00:00+01:00
600;Marginal price Day Ahead market Spain;3;Spain;55.1;2025-03-04T14:00:00+01:00
600;Marginal price Day Ahead market Spain;3;Spain;66.75;2025-03-04T15:00:00+01:00
600;Marginal price Day Ahead market Spain;3;Spain;80;2025-03-04T16:00:00+01:00
600;Marginal price Day Ahead market Spain;3;Spain;101;2025-03-04T17:00:00+01:00
600;Marginal price Day Ahead market Spain;3;Spain;102.58;2025-03-04T18:00:00+01:00
600;Marginal price Day Ahead market Spain;3;Spain;144.28;2025-03-04T19:00:00+01:00
600;Marginal price Day Ahead market Spain;3;Spain;132;2025-03-04T20:00:00+01:00
600;Marginal price Day Ahead market Spain;3;Spain;117.62;2025-03-04T21:00:00+01:00
600;Marginal price Day Ahead market Spain;3;Spain;102.97;2025-03-04T22:00:00+01:00
600;Marginal price Day Ahead market Spain;3;Spain;102.7;2025-03-04T23:00:00+01:00
600;Marginal price Day Ahead market Spain;3;Spain;86;2025-03-05T00:00:00+01:00
600;Marginal price Day Ahead market Spain;3;Spain;84;2025-03-05T01:00:00+01:00
600;Marginal price Day Ahead market Spain;3;Spain;83.66;2025-03-05T02:00:00+01:00
600;Marginal price Day Ahead market Spain;3;Spain;80;2025-03-05T03:00:00+01:00
600;Marginal price Day Ahead market Spain;3;Spain;79.19;2025-03-05T04:00:00+01:00
600;Marginal price Day Ahead market Spain;3;Spain;76;2025-03-05T05:00:00+01:00
600;Marginal price Day Ahead market Spain;3;Spain;83.66;2025-03-05T06:00:00+01:00
600;Marginal price Day Ahead market Spain;3;Spain;109.14;2025-03-05T07:00:00+01:00
600;Marginal price Day Ahead market Spain;3;Spain;99.69;2025-03-05T08:00:00+01:00
600;Marginal price Day Ahead market Spain;3;Spain;82;2025-03-05T09:00:00+01:00
600;Marginal price Day Ahead market Spain;3;Spain;70.2;2025-03-05T10:00:00+01:00
600;Marginal price Day Ahead market Spain;3;Spain;50;2025-03-05T11:00:00+01:00
600;Marginal price Day Ahead market Spain;3;Spain;41.89;2025-03-05T12:00:00+01:00
600;Marginal price Day Ahead market Spain;3;Spain;35.19;2025-03-05T13:00:00+01:00
600;Marginal price Day Ahead market Spain;3;Spain;35.3;2025-03-05T14:00:00+01:00
600;Marginal price Day Ahead market Spain;3;Spain;50.53;2025-03-05T15:00:00+01:00
600;Marginal price Day Ahead market Spain;3;Spain;69.37;2025-03-05T16:00:00+01:00
600;Marginal price Day Ahead market Spain;3;Spain;80;2025-03-05T17:00:00+01:00
600;Marginal price Day Ahead market Spain;3;Spain;89;2025-03-05T18:00:00+01:00
600;Marginal price Day Ahead market Spain;3;Spain;111.31;2025-03-05T19:00:00+01:00
600;Marginal price Day Ahead market Spain;3;Spain;112.82;2025-03-05T20:00:00+01:00
600;Marginal price Day Ahead market Spain;3;Spain;106.71;2025-03-05T21:00:00+01:00
600;Marginal price Day Ahead market Spain;3;Spain;96.96;2025-03-05T22:00:00+01:00
600;Marginal price Day Ahead market Spain;3;Spain;80.46;2025-03-05T23:00:00+01:00
600;Marginal price Day Ahead market Spain;3;Spain;61;2025-03-06T00:00:00+01:00
600;Marginal price Day Ahead market Spain;3;Spain;56;2025-03-06T01:00:00+01:00
600;Marginal price Day Ahead market Spain;3;Spain;62;2025-03-06T02:00:00+01:00
600;Marginal price Day Ahead market Spain;3;Spain;67.75;2025-03-06T03:00:00+01:00
600;Marginal price Day Ahead market Spain;3;Spain;68.9;2025-03-06T04:00:00+01:00
600;Marginal price Day Ahead market Spain;3;Spain;70.84;2025-03-06T05:00:00+01:00
600;Marginal price Day Ahead market Spain;3;Spain;75.95;2025-03-06T06:00:00+01:00
600;Marginal price Day Ahead market Spain;3;Spain;97.49;2025-03-06T07:00:00+01:00
600;Marginal price Day Ahead market Spain;3;Spain;101.58;2025-03-06T08:00:00+01:00
600;Marginal price Day Ahead market Spain;3;Spain;78.85;2025-03-06T09:00:00+01:00
600;Marginal price Day Ahead market Spain;3;Spain;71;2025-03-06T10:00:00+01:00
600;Marginal price Day Ahead market Spain;3;Spain;70.2;2025-03-06T11:00:00+01:00
600;Marginal price Day Ahead market Spain;3;Spain;67.7;2025-03-06T12:00:00+01:00
600;Marginal price Day Ahead market Spain;3;Spain;59.99;2025-03-06T13:00:00+01:00
600;Marginal price Day Ahead market Spain;3;Spain;54.19;2025-03-06T14:00:00+01:00
600;Marginal price Day Ahead market Spain;3;Spain;54.97;2025-03-06T15:00:00+01:00
600;Marginal price Day Ahead market Spain;3;Spain;60.01;2025-03-06T16:00:00+01:00
600;Marginal price Day Ahead market Spain;3;Spain;76.99;2025-03-06T17:00:00+01:00
600;Marginal price Day Ahead market Spain;3;Spain;101;2025-03-06T18:00:00+01:00
600;Marginal price Day Ahead market Spain;3;Spain;126.02;2025-03-06T19:00:00+01:00
600;Marginal price Day Ahead market Spain;3;Spain;117.01;2025-03-06T20:00:00+01:00
600;Marginal price Day Ahead market Spain;3;Spain;105.51;2025-03-06T21:00:00+01:00
600;Marginal price Day Ahead market Spain;3;Spain;91.96;2025-03-06T22:00:00+01:00
600;Marginal price Day Ahead market Spain;3;Spain;76.6;2025-03-06T23:00:00+01:00
600;Marginal price Day Ahead market Spain;3;Spain;77.33;2025-03-07T00:00:00+01:00
600;Marginal price Day Ahead market Spain;3;Spain;69.99;2025-03-07T01:00:00+01:00
600;Marginal price Day Ahead market Spain;3;Spain;63.93;2025-03-07T02:00:00+01:00
600;Marginal price Day Ahead market Spain;3;Spain;60.01;2025-03-07T03:00:00+01:00
600;Marginal price Day Ahead market Spain;3;Spain;60.2;2025-03-07T04:00:00+01:00
600;Marginal price Day Ahead market Spain;3;Spain;64.01;2025-03-07T05:00:00+01:00
600;Marginal price Day Ahead market Spain;3;Spain;67.98;2025-03-07T06:00:00+01:00
600;Marginal price Day Ahead market Spain;3;Spain;77.1;2025-03-07T07:00:00+01:00
600;Marginal price Day Ahead market Spain;3;Spain;77.14;2025-03-07T08:00:00+01:00
600;Marginal price Day Ahead market Spain;3;Spain;62.27;2025-03-07T09:00:00+01:00
600;Marginal price Day Ahead market Spain;3;Spain;60.32;2025-03-07T10:00:00+01:00
600;Marginal price Day Ahead market Spain;3;Spain;35;2025-03-07T11:00:00+01:00
600;Marginal price Day Ahead market Spain;3;Spain;20.47;2025-03-07T12:00:00+01:00
600;Marginal price Day Ahead market Spain;3;Spain;7.82;2025-03-07T13:00:00+01:00
600;Marginal price Day Ahead market Spain;3;Spain;23.9;2025-03-07T14:00:00+01:00
600;Marginal price Day Ahead market Spain;3;Spain;14.68;2025-03-07T15:00:00+01:00
600;Marginal price Day Ahead market Spain;3;Spain;22.34;2025-03-07T16:00:00+01:00
600;Marginal price Day Ahead market Spain;3;Spain;29.75;2025-03-07T17:00:00+01:00
600;Marginal price Day Ahead market Spain;3;Spain;43.33;2025-03-07T18:00:00+01:00
600;Marginal price Day Ahead market Spain;3;Spain;44.1;2025-03-07T19:00:00+01:00
600;Marginal price Day Ahead market Spain;3;Spain;52.2;2025-03-07T20:00:00+01:00
600;Marginal price Day Ahead market Spain;3;Spain;50;2025-03-07T21:00:00+01:00
600;Marginal price Day Ahead market Spain;3;Spain;50;2025-03-07T22:00:00+01:00
600;Marginal price Day Ahead market Spain;3;Spain;43.84;2025-03-07T23:00:00+01:00
600;Marginal price Day Ahead market Spain;3;Spain;29;2025-03-08T00:00:00+01:00
600;Marginal price Day Ahead market Spain;3;Spain;13.2;2025-03-08T01:00:00+01:00
600;Marginal price Day Ahead market Spain;3;Spain;13.2;2025-03-08T02:00:00+01:00
600;Marginal price Day Ahead market Spain;3;Spain;12.2;2025-03-08T03:00:00+01:00
600;Marginal price Day Ahead market Spain;3;Spain;7.19;2025-03-08T04:00:00+01:00
600;Marginal price Day Ahead market Spain;3;Spain;5;2025-03-08T05:00:00+01:00
600;Marginal price Day Ahead market Spain;3;Spain;8.9;2025-03-08T06:00:00+01:00
600;Marginal price Day Ahead market Spain;3;Spain;10.96;2025-03-08T07:00:00+01:00
600;Marginal price Day Ahead market Spain;3;Spain;5;2025-03-08T08:00:00+01:00
600;Marginal price Day Ahead market Spain;3;Spain;6.99;2025-03-08T09:00:00+01:00
600;Marginal price Day Ahead market Spain;3;Spain;3.52;2025-03-08T10:00:00+01:00
600;Marginal price Day Ahead market Spain;3;Spain;3.52;2025-03-08T11:00:00+01:00
600;Marginal price Day Ahead market Spain;3;Spain;2.99;2025-03-08T12:00:00+01:00
600;Marginal price Day Ahead market Spain;3;Spain;1;2025-03-08T13:00:00+01:00
600;Marginal price Day Ahead market Spain;3;Spain;0.07;2025-03-08T14:00:00+01:00
600;Marginal price Day Ahead market Spain;3;Spain;0.02;2025-03-08T15:00:00+01:00
600;Marginal price Day Ahead market Spain;3;Spain;0.65;2025-03-08T16:00:00+01:00
600;Marginal price Day Ahead market Spain;3;Spain;3.52;2025-03-08T17:00:00+01:00
600;Marginal price Day Ahead market Spain;3;Spain;35;2025-03-08T18:00:00+01:00
600;Marginal price Day Ahead market Spain;3;Spain;43.38;2025-03-08T19:00:00+01:00
600;Marginal price Day Ahead market Spain;3;Spain;41.23;2025-03-08T20:00:00+01:00
600;Marginal price Day Ahead market Spain;3;Spain;40.65;2025-03-08T21:00:00+01:00
600;Marginal price Day Ahead market Spain;3;Spain;40;2025-03-08T22:00:00+01:00
600;Marginal price Day Ahead market Spain;3;Spain;38.1;2025-03-08T23:00:00+01:00
600;Marginal price Day Ahead market Spain;3;Spain;35.4;2025-03-09T00:00:00+01:00
600;Marginal price Day Ahead market Spain;3;Spain;35.01;2025-03-09T01:00:00+01:00
600;Marginal price Day Ahead market Spain;3;Spain;35.01;2025-03-09T02:00:00+01:00
600;Marginal price Day Ahead market Spain;3;Spain;33.29;2025-03-09T03:00:00+01:00
600;Marginal price Day Ahead market Spain;3;Spain;29.97;2025-03-09T04:00:00+01:00
600;Marginal price Day Ahead market Spain;3;Spain;31.4;2025-03-09T05:00:00+01:00
600;Marginal price Day Ahead market Spain;3;Spain;31.81;2025-03-09T06:00:00+01:00
600;Marginal price Day Ahead market Spain;3;Spain;35;2025-03-09T07:00:00+01:00
600;Marginal price Day Ahead market Spain;3;Spain;35;2025-03-09T08:00:00+01:00
600;Marginal price Day Ahead market Spain;3;Spain;29.27;2025-03-09T09:00:00+01:00
600;Marginal price Day Ahead market Spain;3;Spain;10.1;2025-03-09T10:00:00+01:00
600;Marginal price Day Ahead market Spain;3;Spain;9.13;2025-03-09T11:00:00+01:00
600;Marginal price Day Ahead market Spain;3;Spain;13.2;2025-03-09T12:00:00+01:00
600;Marginal price Day Ahead market Spain;3;Spain;7.1;2025-03-09T13:00:00+01:00
600;Marginal price Day Ahead market Spain;3;Spain;3.52;2025-03-09T14:00:00+01:00
600;Marginal price Day Ahead market Spain;3;Spain;17.39;2025-03-09T15:00:00+01:00
600;Marginal price Day Ahead market Spain;3;Spain;35.01;2025-03-09T16:00:00+01:00
600;Marginal price Day Ahead market Spain;3;Spain;47.68;2025-03-09T17:00:00+01:00
600;Marginal price Day Ahead market Spain;3;Spain;89.02;2025-03-09T18:00:00+01:00
600;Marginal price Day Ahead market Spain;3;Spain;124.5;2025-03-09T19:00:00+01:00
600;Marginal price Day Ahead market Spain;3;Spain;127.6;2025-03-09T20:00:00+01:00
600;Marginal price Day Ahead market Spain;3;Spain;115.66;2025-03-09T21:00:00+01:00
600;Marginal price Day Ahead market Spain;3;Spain;97.04;2025-03-09T22:00:00+01:00
600;Marginal price Day Ahead market Spain;3;Spain;88.06;2025-03-09T23:00:00+01:00
600;Marginal price Day Ahead market Spain;3;Spain;85.51;2025-03-10T00:00:00+01:00
600;Marginal price Day Ahead market Spain;3;Spain;78.03;2025-03-10T01:00:00+01:00
600;Marginal price Day Ahead market Spain;3;Spain;73.01;2025-03-10T02:00:00+01:00
600;Marginal price Day Ahead market Spain;3;Spain;71.31;2025-03-10T03:00:00+01:00
600;Marginal price Day Ahead market Spain;3;Spain;66.7;2025-03-10T04:00:00+01:00
600;Marginal price Day Ahead market Spain;3;Spain;73.43;2025-03-10T05:00:00+01:00
600;Marginal price Day Ahead market Spain;3;Spain;99.58;2025-03-10T06:00:00+01:00
600;Marginal price Day Ahead market Spain;3;Spain;123.06;2025-03-10T07:00:00+01:00
600;Marginal price Day Ahead market Spain;3;Spain;130.01;2025-03-10T08:00:00+01:00
600;Marginal price Day Ahead market Spain;3;Spain;95;2025-03-10T09:00:00+01:00
600;Marginal price Day Ahead market Spain;3;Spain;82.99;2025-03-10T10:00:00+01:00
600;Marginal price Day Ahead market Spain;3;Spain;78;2025-03-10T11:00:00+01:00
600;Marginal price Day Ahead market Spain;3;Spain;76.02;2025-03-10T12:00:00+01:00
600;Marginal price Day Ahead market Spain;3;Spain;77.32;2025-03-10T13:00:00+01:00
600;Marginal price Day Ahead market Spain;3;Spain;75.51;2025-03-10T14:00:00+01:00
600;Marginal price Day Ahead market Spain;3;Spain;69.11;2025-03-10T15:00:00+01:00
600;Marginal price Day Ahead market Spain;3;Spain;77.86;2025-03-10T16:00:00+01:00
600;Marginal price Day Ahead market Spain;3;Spain;95.92;2025-03-10T17:00:00+01:00
600;Marginal price Day Ahead market Spain;3;Spain;117.84;2025-03-10T18:00:00+01:00
600;Marginal price Day Ahead market Spain;3;Spain;152.05;2025-03-10T19:00:00+01:00
600;Marginal price Day Ahead market Spain;3;Spain;131.6;2025-03-10T20:00:00+01:00
600;Marginal price Day Ahead market Spain;3;Spain;110;2025-03-10T21:00:00+01:00
600;Marginal price Day Ahead market Spain;3;Spain;100;2025-03-10T22:00:00+01:00
600;Marginal price Day Ahead market Spain;3;Spain;92;2025-03-10T23:00:00+01:00
600;Marginal price Day Ahead market Spain;3;Spain;91;2025-03-11T00:00:00+01:00
600;Marginal price Day Ahead market Spain;3;Spain;87.45;2025-03-11T01:00:00+01:00
600;Marginal price Day Ahead market Spain;3;Spain;84.47;2025-03-11T02:00:00+01:00
600;Marginal price Day Ahead market Spain;3;Spain;82.36;2025-03-11T03:00:00+01:00
600;Marginal price Day Ahead market Spain;3;Spain;82.36;2025-03-11T04:00:00+01:00
600;Marginal price Day Ahead market Spain;3;Spain;91.92;2025-03-11T05:00:00+01:00
600;Marginal price Day Ahead market Spain;3;Spain;92.8;2025-03-11T06:00:00+01:00
600;Marginal price Day Ahead market Spain;3;Spain;114.57;2025-03-11T07:00:00+01:00
600;Marginal price Day Ahead market Spain;3;Spain;126.96;2025-03-11T08:00:00+01:00
600;Marginal price Day Ahead market Spain;3;Spain;100.93;2025-03-11T09:00:00+01:00
600;Marginal price Day Ahead market Spain;3;Spain;92.22;2025-03-11T10:00:00+01:00
600;Marginal price Day Ahead market Spain;3;Spain;80;2025-03-11T11:00:00+01:00
600;Marginal price Day Ahead market Spain;3;Spain;82.92;2025-03-11T12:00:00+01:00
600;Marginal price Day Ahead market Spain;3;Spain;77.87;2025-03-11T13:00:00+01:00
600;Marginal price Day Ahead market Spain;3;Spain;75;2025-03-11T14:00:00+01:00
600;Marginal price Day Ahead market Spain;3;Spain;69.1;2025-03-11T15:00:00+01:00
600;Marginal price Day Ahead market Spain;3;Spain;69.1;2025-03-11T16:00:00+01:00
600;Marginal price Day Ahead market Spain;3;Spain;82.5;2025-03-11T17:00:00+01:00
600;Marginal price Day Ahead market Spain;3;Spain;114.5;2025-03-11T18:00:00+01:00
600;Marginal price Day Ahead market Spain;3;Spain;157.5;2025-03-11T19:00:00+01:00
600;Marginal price Day Ahead market Spain;3;Spain;137.84;2025-03-11T20:00:00+01:00
600;Marginal price Day Ahead market Spain;3;Spain;119.33;2025-03-11T21:00:00+01:00
600;Marginal price Day Ahead market Spain;3;Spain;108.78;2025-03-11T22:00:00+01:00
600;Marginal price Day Ahead market Spain;3;Spain;105.16;2025-03-11T23:00:00+01:00
600;Marginal price Day Ahead market Spain;3;Spain;84.99;2025-03-12T00:00:00+01:00
600;Marginal price Day Ahead market Spain;3;Spain;71.97;2025-03-12T01:00:00+01:00
600;Marginal price Day Ahead market Spain;3;Spain;69.1;2025-03-12T02:00:00+01:00
600;Marginal price Day Ahead market Spain;3;Spain;71.58;2025-03-12T03:00:00+01:00
600;Marginal price Day Ahead market Spain;3;Spain;71.14;2025-03-12T04:00:00+01:00
600;Marginal price Day Ahead market Spain;3;Spain;70.01;2025-03-12T05:00:00+01:00
600;Marginal price Day Ahead market Spain;3;Spain;78.5;2025-03-12T06:00:00+01:00
600;Marginal price Day Ahead market Spain;3;Spain;103.08;2025-03-12T07:00:00+01:00
600;Marginal price Day Ahead market Spain;3;Spain;104.44;2025-03-12T08:00:00+01:00
600;Marginal price Day Ahead market Spain;3;Spain;85;2025-03-12T09:00:00+01:00
600;Marginal price Day Ahead market Spain;3;Spain;75.85;2025-03-12T10:00:00+01:00
600;Marginal price Day Ahead market Spain;3;Spain;71.97;2025-03-12T11:00:00+01:00
600;Marginal price Day Ahead market Spain;3;Spain;70.39;2025-03-12T12:00:00+01:00
600;Marginal price Day Ahead market Spain;3;Spain;70.01;2025-03-12T13:00:00+01:00
600;Marginal price Day Ahead market Spain;3;Spain;70.01;2025-03-12T14:00:00+01:00
600;Marginal price Day Ahead market Spain;3;Spain;71.83;2025-03-12T15:00:00+01:00
600;Marginal price Day Ahead market Spain;3;Spain;75.01;2025-03-12T16:00:00+01:00
600;Marginal price Day Ahead market Spain;3;Spain;103.08;2025-03-12T17:00:00+01:00
600;Marginal price Day Ahead market Spain;3;Spain;130.41;2025-03-12T18:00:00+01:00
600;Marginal price Day Ahead market Spain;3;Spain;176.69;2025-03-12T19:00:00+01:00
600;Marginal price Day Ahead market Spain;3;Spain;146.37;2025-03-12T20:00:00+01:00
600;Marginal price Day Ahead market Spain;3;Spain;132.2;2025-03-12T21:00:00+01:00
600;Marginal price Day Ahead market Spain;3;Spain;120;2025-03-12T22:00:00+01:00
600;Marginal price Day Ahead market Spain;3;Spain;109.91;2025-03-12T23:00:00+01:00
600;Marginal price Day Ahead market Spain;3;Spain;108.58;2025-03-13T00:00:00+01:00
600;Marginal price Day Ahead market Spain;3;Spain;103.46;2025-03-13T01:00:00+01:00
600;Marginal price Day Ahead market Spain;3;Spain;101.25;2025-03-13T02:00:00+01:00
600;Marginal price Day Ahead market Spain;3;Spain;95.12;2025-03-13T03:00:00+01:00
600;Marginal price Day Ahead market Spain;3;Spain;90.8;2025-03-13T04:00:00+01:00
600;Marginal price Day Ahead market Spain;3;Spain;99;2025-03-13T05:00:00+01:00
600;Marginal price Day Ahead market Spain;3;Spain;110.01;2025-03-13T06:00:00+01:00
600;Marginal price Day Ahead market Spain;3;Spain;152.28;2025-03-13T07:00:00+01:00
600;Marginal price Day Ahead market Spain;3;Spain;156.41;2025-03-13T08:00:00+01:00
600;Marginal price Day Ahead market Spain;3;Spain;140;2025-03-13T09:00:00+01:00
600;Marginal price Day Ahead market Spain;3;Spain;117.56;2025-03-13T10:00:00+01:00
600;Marginal price Day Ahead market Spain;3;Spain;110.54;2025-03-13T11:00:00+01:00
600;Marginal price Day Ahead market Spain;3;Spain;102.75;2025-03-13T12:00:00+01:00
600;Marginal price Day Ahead market Spain;3;Spain;95.12;2025-03-13T13:00:00+01:00
600;Marginal price Day Ahead market Spain;3;Spain;92.38;2025-03-13T14:00:00+01:00
600;Marginal price Day Ahead market Spain;3;Spain;92.47;2025-03-13T15:00:00+01:00
600;Marginal price Day Ahead market Spain;3;Spain;92.38;2025-03-13T16:00:00+01:00
600;Marginal price Day Ahead market Spain;3;Spain;92.47;2025-03-13T17:00:00+01:00
600;Marginal price Day Ahead market Spain;3;Spain;107.1;2025-03-13T18:00:00+01:00
600;Marginal price Day Ahead market Spain;3;Spain;160.86;2025-03-13T19:00:00+01:00
600;Marginal price Day Ahead market Spain;3;Spain;149;2025-03-13T20:00:00+01:00
600;Marginal price Day Ahead market Spain;3;Spain;126.51;2025-03-13T21:00:00+01:00
600;Marginal price Day Ahead market Spain;3;Spain;103.5;2025-03-13T22:00:00+01:00
600;Marginal price Day Ahead market Spain;3;Spain;81.9;2025-03-13T23:00:00+01:00
600;Marginal price Day Ahead market Spain;3;Spain;49.75;2025-03-14T00:00:00+01:00
600;Marginal price Day Ahead market Spain;3;Spain;39;2025-03-14T01:00:00+01:00
600;Marginal price Day Ahead market Spain;3;Spain;35.1;2025-03-14T02:00:00+01:00
600;Marginal price Day Ahead market Spain;3;Spain;35.01;2025-03-14T03:00:00+01:00
600;Marginal price Day Ahead market Spain;3;Spain;37;2025-03-14T04:00:00+01:00
600;Marginal price Day Ahead market Spain;3;Spain;42.28;2025-03-14T05:00:00+01:00
600;Marginal price Day Ahead market Spain;3;Spain;62.84;2025-03-14T06:00:00+01:00
600;Marginal price Day Ahead market Spain;3;Spain;95.8;2025-03-14T07:00:00+01:00
600;Marginal price Day Ahead market Spain;3;Spain;96.3;2025-03-14T08:00:00+01:00
600;Marginal price Day Ahead market Spain;3;Spain;63.1;2025-03-14T09:00:00+01:00
600;Marginal price Day Ahead market Spain;3;Spain;38;2025-03-14T10:00:00+01:00
600;Marginal price Day Ahead market Spain;3;Spain;25;2025-03-14T11:00:00+01:00
600;Marginal price Day Ahead market Spain;3;Spain;24.7;2025-03-14T12:00:00+01:00
600;Marginal price Day Ahead market Spain;3;Spain;18.82;2025-03-14T13:00:00+01:00
600;Marginal price Day Ahead market Spain;3;Spain;5.76;2025-03-14T14:00:00+01:00
600;Marginal price Day Ahead market Spain;3;Spain;5;2025-03-14T15:00:00+01:00
600;Marginal price Day Ahead market Spain;3;Spain;14;2025-03-14T16:00:00+01:00
600;Marginal price Day Ahead market Spain;3;Spain;37;2025-03-14T17:00:00+01:00
600;Marginal price Day Ahead market Spain;3;Spain;83.35;2025-03-14T18:00:00+01:00
600;Marginal price Day Ahead market Spain;3;Spain;134.5;2025-03-14T19:00:00+01:00
600;Marginal price Day Ahead market Spain;3;Spain;130.01;2025-03-14T20:00:00+01:00
600;Marginal price Day Ahead market Spain;3;Spain;111.39;2025-03-14T21:00:00+01:00
600;Marginal price Day Ahead market Spain;3;Spain;104.14;2025-03-14T22:00:00+01:00
600;Marginal price Day Ahead market Spain;3;Spain;96.54;2025-03-14T23:00:00+01:00
600;Marginal price Day Ahead market Spain;3;Spain;82.26;2025-03-15T00:00:00+01:00
600;Marginal price Day Ahead market Spain;3;Spain;66.79;2025-03-15T01:00:00+01:00
600;Marginal price Day Ahead market Spain;3;Spain;59.43;2025-03-15T02:00:00+01:00
600;Marginal price Day Ahead market Spain;3;Spain;49.71;2025-03-15T03:00:00+01:00
600;Marginal price Day Ahead market Spain;3;Spain;44.72;2025-03-15T04:00:00+01:00
600;Marginal price Day Ahead market Spain;3;Spain;44.72;2025-03-15T05:00:00+01:00
600;Marginal price Day Ahead market Spain;3;Spain;49.58;2025-03-15T06:00:00+01:00
600;Marginal price Day Ahead market Spain;3;Spain;59.68;2025-03-15T07:00:00+01:00
600;Marginal price Day Ahead market Spain;3;Spain;34.22;2025-03-15T08:00:00+01:00
600;Marginal price Day Ahead market Spain;3;Spain;3.52;2025-03-15T09:00:00+01:00
600;Marginal price Day Ahead market Spain;3;Spain;0;2025-03-15T10:00:00+01:00
600;Marginal price Day Ahead market Spain;3;Spain;0;2025-03-15T11:00:00+01:00
600;Marginal price Day Ahead market Spain;3;Spain;0;2025-03-15T12:00:00+01:00
600;Marginal price Day Ahead market Spain;3;Spain;0;2025-03-15T13:00:00+01:00
600;Marginal price Day Ahead market Spain;3;Spain;0;2025-03-15T14:00:00+01:00
600;Marginal price Day Ahead market Spain;3;Spain;0.02;2025-03-15T15:00:00+01:00
600;Marginal price Day Ahead market Spain;3;Spain;1;2025-03-15T16:00:00+01:00
600;Marginal price Day Ahead market Spain;3;Spain;29.52;2025-03-15T17:00:00+01:00
600;Marginal price Day Ahead market Spain;3;Spain;85;2025-03-15T18:00:00+01:00
600;Marginal price Day Ahead market Spain;3;Spain;132.96;2025-03-15T19:00:00+01:00
600;Marginal price Day Ahead market Spain;3;Spain;121.46;2025-03-15T20:00:00+01:00
600;Marginal price Day Ahead market Spain;3;Spain;108.5;2025-03-15T21:00:00+01:00
600;Marginal price Day Ahead market Spain;3;Spain;105.02;2025-03-15T22:00:00+01:00
600;Marginal price Day Ahead market Spain;3;Spain;95.25;2025-03-15T23:00:00+01:00
600;Marginal price Day Ahead market Spain;3;Spain;82.93;2025-03-16T00:00:00+01:00
600;Marginal price Day Ahead market Spain;3;Spain;70;2025-03-16T01:00:00+01:00
600;Marginal price Day Ahead market Spain;3;Spain;65;2025-03-16T02:00:00+01:00
600;Marginal price Day Ahead market Spain;3;Spain;65;2025-03-16T03:00:00+01:00
600;Marginal price Day Ahead market Spain;3;Spain;63.02;2025-03-16T04:00:00+01:00
600;Marginal price Day Ahead market Spain;3;Spain;65;2025-03-16T05:00:00+01:00
600;Marginal price Day Ahead market Spain;3;Spain;65;2025-03-16T06:00:00+01:00
600;Marginal price Day Ahead market Spain;3;Spain;67.8;2025-03-16T07:00:00+01:00
600;Marginal price Day Ahead market Spain;3;Spain;60.35;2025-03-16T08:00:00+01:00
600;Marginal price Day Ahead market Spain;3;Spain;40.5;2025-03-16T09:00:00+01:00
600;Marginal price Day Ahead market Spain;3;Spain;25.3;2025-03-16T10:00:00+01:00
600;Marginal price Day Ahead market Spain;3;Spain;11.06;2025-03-16T11:00:00+01:00
600;Marginal price Day Ahead market Spain;3;Spain;10.52;2025-03-16T12:00:00+01:00
600;Marginal price Day Ahead market Spain;3;Spain;11.37;2025-03-16T13:00:00+01:00
600;Marginal price Day Ahead market Spain;3;Spain;9.94;2025-03-16T14:00:00+01:00
600;Marginal price Day Ahead market Spain;3;Spain;6.99;2025-03-16T15:00:00+01:00
600;Marginal price Day Ahead market Spain;3;Spain;25.3;2025-03-16T16:00:00+01:00
600;Marginal price Day Ahead market Spain;3;Spain;46;2025-03-16T17:00:00+01:00
600;Marginal price Day Ahead market Spain;3;Spain;82.93;2025-03-16T18:00:00+01:00
600;Marginal price Day Ahead market Spain;3;Spain;140;2025-03-16T19:00:00+01:00
600;Marginal price Day Ahead market Spain;3;Spain;130.43;2025-03-16T20:00:00+01:00
600;Marginal price Day Ahead market Spain;3;Spain;113.31;2025-03-16T21:00:00+01:00
600;Marginal price Day Ahead market Spain;3;Spain;107.05;2025-03-16T22:00:00+01:00
600;Marginal price Day Ahead market Spain;3;Spain;89;2025-03-16T23:00:00+01:00
600;Marginal price Day Ahead market Spain;3;Spain;83.55;2025-03-17T00:00:00+01:00
600;Marginal price Day Ahead market Spain;3;Spain;71.26;2025-03-17T01:00:00+01:00
600;Marginal price Day Ahead market Spain;3;Spain;74.66;2025-03-17T02:00:00+01:00
600;Marginal price Day Ahead market Spain;3;Spain;71.26;2025-03-17T03:00:00+01:00
600;Marginal price Day Ahead market Spain;3;Spain;71.26;2025-03-17T04:00:00+01:00
600;Marginal price Day Ahead market Spain;3;Spain;69.6;2025-03-17T05:00:00+01:00
600;Marginal price Day Ahead market Spain;3;Spain;79.99;2025-03-17T06:00:00+01:00
600;Marginal price Day Ahead market Spain;3;Spain;136.01;2025-03-17T07:00:00+01:00
600;Marginal price Day Ahead market Spain;3;Spain;137.01;2025-03-17T08:00:00+01:00
600;Marginal price Day Ahead market Spain;3;Spain;99;2025-03-17T09:00:00+01:00
600;Marginal price Day Ahead market Spain;3;Spain;81.1;2025-03-17T10:00:00+01:00
600;Marginal price Day Ahead market Spain;3;Spain;70.07;2025-03-17T11:00:00+01:00
600;Marginal price Day Ahead market Spain;3;Spain;58.9;2025-03-17T12:00:00+01:00
600;Marginal price Day Ahead market Spain;3;Spain;50.24;2025-03-17T13:00:00+01:00
600;Marginal price Day Ahead market Spain;3;Spain;50.24;2025-03-17T14:00:00+01:00
600;Marginal price Day Ahead market Spain;3;Spain;60.34;2025-03-17T15:00:00+01:00
600;Marginal price Day Ahead market Spain;3;Spain;68.1;2025-03-17T16:00:00+01:00
600;Marginal price Day Ahead market Spain;3;Spain;80.67;2025-03-17T17:00:00+01:00
600;Marginal price Day Ahead market Spain;3;Spain;111.93;2025-03-17T18:00:00+01:00
600;Marginal price Day Ahead market Spain;3;Spain;170;2025-03-17T19:00:00+01:00
600;Marginal price Day Ahead market Spain;3;Spain;141.5;2025-03-17T20:00:00+01:00
600;Marginal price Day Ahead market Spain;3;Spain;110.96;2025-03-17T21:00:00+01:00
600;Marginal price Day Ahead market Spain;3;Spain;104.18;2025-03-17T22:00:00+01:00
600;Marginal price Day Ahead market Spain;3;Spain;75.85;2025-03-17T23:00:00+01:00
600;Marginal price Day Ahead market Spain;3;Spain;70.79;2025-03-18T00:00:00+01:00
600;Marginal price Day Ahead market Spain;3;Spain;40.3;2025-03-18T01:00:00+01:00
600;Marginal price Day Ahead market Spain;3;Spain;37.84;2025-03-18T02:00:00+01:00
600;Marginal price Day Ahead market Spain;3;Spain;40;2025-03-18T03:00:00+01:00
600;Marginal price Day Ahead market Spain;3;Spain;39.8;2025-03-18T04:00:00+01:00
600;Marginal price Day Ahead market Spain;3;Spain;38.31;2025-03-18T05:00:00+01:00
600;Marginal price Day Ahead market Spain;3;Spain;54.23;2025-03-18T06:00:00+01:00
600;Marginal price Day Ahead market Spain;3;Spain;78.87;2025-03-18T07:00:00+01:00
600;Marginal price Day Ahead market Spain;3;Spain;94.14;2025-03-18T08:00:00+01:00
600;Marginal price Day Ahead market Spain;3;Spain;72.65;2025-03-18T09:00:00+01:00
600;Marginal price Day Ahead market Spain;3;Spain;37.84;2025-03-18T10:00:00+01:00
600;Marginal price Day Ahead market Spain;3;Spain;12.84;2025-03-18T11:00:00+01:00
600;Marginal price Day Ahead market Spain;3;Spain;20.2;2025-03-18T12:00:00+01:00
600;Marginal price Day Ahead market Spain;3;Spain;5.19;2025-03-18T13:00:00+01:00
600;Marginal price Day Ahead market Spain;3;Spain;6.03;2025-03-18T14:00:00+01:00
600;Marginal price Day Ahead market Spain;3;Spain;24.59;2025-03-18T15:00:00+01:00
600;Marginal price Day Ahead market Spain;3;Spain;33;2025-03-18T16:00:00+01:00
600;Marginal price Day Ahead market Spain;3;Spain;41.89;2025-03-18T17:00:00+01:00
600;Marginal price Day Ahead market Spain;3;Spain;72;2025-03-18T18:00:00+01:00
600;Marginal price Day Ahead market Spain;3;Spain;150.79;2025-03-18T19:00:00+01:00
600;Marginal price Day Ahead market Spain;3;Spain;136.97;2025-03-18T20:00:00+01:00
600;Marginal price Day Ahead market Spain;3;Spain;105.69;2025-03-18T21:00:00+01:00
600;Marginal price Day Ahead market Spain;3;Spain;90.95;2025-03-18T22:00:00+01:00
600;Marginal price Day Ahead market Spain;3;Spain;79.43;2025-03-18T23:00:00+01:00
600;Marginal price Day Ahead market Spain;3;Spain;46.68;2025-03-19T00:00:00+01:00
600;Marginal price Day Ahead market Spain;3;Spain;44.02;2025-03-19T01:00:00+01:00
600;Marginal price Day Ahead market Spain;3;Spain;39.92;2025-03-19T02:00:00+01:00
600;Marginal price Day Ahead market Spain;3;Spain;35.01;2025-03-19T03:00:00+01:00
600;Marginal price Day Ahead market Spain;3;Spain;35.01;2025-03-19T04:00:00+01:00
600;Marginal price Day Ahead market Spain;3;Spain;35;2025-03-19T05:00:00+01:00
600;Marginal price Day Ahead market Spain;3;Spain;75;2025-03-19T06:00:00+01:00
600;Marginal price Day Ahead market Spain;3;Spain;117.38;2025-03-19T07:00:00+01:00
600;Marginal price Day Ahead market Spain;3;Spain;35.01;2025-03-19T08:00:00+01:00
600;Marginal price Day Ahead market Spain;3;Spain;20.19;2025-03-19T09:00:00+01:00
600;Marginal price Day Ahead market Spain;3;Spain;6;2025-03-19T10:00:00+01:00
600;Marginal price Day Ahead market Spain;3;Spain;0.22;2025-03-19T11:00:00+01:00
600;Marginal price Day Ahead market Spain;3;Spain;0;2025-03-19T12:00:00+01:00
600;Marginal price Day Ahead market Spain;3;Spain;0;2025-03-19T13:00:00+01:00
600;Marginal price Day Ahead market Spain;3;Spain;0;2025-03-19T14:00:00+01:00
600;Marginal price Day Ahead market Spain;3;Spain;0;2025-03-19T15:00:00+01:00
600;Marginal price Day Ahead market Spain;3;Spain;0.1;2025-03-19T16:00:00+01:00
600;Marginal price Day Ahead market Spain;3;Spain;3.6;2025-03-19T17:00:00+01:00
600;Marginal price Day Ahead market Spain;3;Spain;31.1;2025-03-19T18:00:00+01:00
600;Marginal price Day Ahead market Spain;3;Spain;36.68;2025-03-19T19:00:00+01:00
600;Marginal price Day Ahead market Spain;3;Spain;52.96;2025-03-19T20:00:00+01:00
600;Marginal price Day Ahead market Spain;3;Spain;38.26;2025-03-19T21:00:00+01:00
600;Marginal price Day Ahead market Spain;3;Spain;30.34;2025-03-19T22:00:00+01:00
600;Marginal price Day Ahead market Spain;3;Spain;16.09;2025-03-19T23:00:00+01:00
600;Marginal price Day Ahead market Spain;3;Spain;7.89;2025-03-20T00:00:00+01:00
600;Marginal price Day Ahead market Spain;3;Spain;6;2025-03-20T01:00:00+01:00
600;Marginal price Day Ahead market Spain;3;Spain;3.52;2025-03-20T02:00:00+01:00
600;Marginal price Day Ahead market Spain;3;Spain;3.52;2025-03-20T03:00:00+01:00
600;Marginal price Day Ahead market Spain;3;Spain;3.52;2025-03-20T04:00:00+01:00
600;Marginal price Day Ahead market Spain;3;Spain;3.52;2025-03-20T05:00:00+01:00
600;Marginal price Day Ahead market Spain;3;Spain;6;2025-03-20T06:00:00+01:00
600;Marginal price Day Ahead market Spain;3;Spain;9.7;2025-03-20T07:00:00+01:00
600;Marginal price Day Ahead market Spain;3;Spain;14;2025-03-20T08:00:00+01:00
600;Marginal price Day Ahead market Spain;3;Spain;5;2025-03-20T09:00:00+01:00
600;Marginal price Day Ahead market Spain;3;Spain;3.52;2025-03-20T10:00:00+01:00
600;Marginal price Day Ahead market Spain;3;Spain;3.42;2025-03-20T11:00:00+01:00
600;Marginal price Day Ahead market Spain;3;Spain;0.43;2025-03-20T12:00:00+01:00
600;Marginal price Day Ahead market Spain;3;Spain;0.65;2025-03-20T13:00:00+01:00
600;Marginal price Day Ahead market Spain;3;Spain;3.52;2025-03-20T14:00:00+01:00
600;Marginal price Day Ahead market Spain;3;Spain;6.09;2025-03-20T15:00:00+01:00
600;Marginal price Day Ahead market Spain;3;Spain;15.47;2025-03-20T16:00:00+01:00
600;Marginal price Day Ahead market Spain;3;Spain;35;2025-03-20T17:00:00+01:00
600;Marginal price Day Ahead market Spain;3;Spain;62.96;2025-03-20T18:00:00+01:00
600;Marginal price Day Ahead market Spain;3;Spain;101.6;2025-03-20T19:00:00+01:00
600;Marginal price Day Ahead market Spain;3;Spain;93.74;2025-03-20T20:00:00+01:00
600;Marginal price Day Ahead market Spain;3;Spain;63.99;2025-03-20T21:00:00+01:00
600;Marginal price Day Ahead market Spain;3;Spain;50.21;2025-03-20T22:00:00+01:00
600;Marginal price Day Ahead market Spain;3;Spain;41.34;2025-03-20T23:00:00+01:00
600;Marginal price Day Ahead market Spain;3;Spain;16.74;2025-03-21T00:00:00+01:00
600;Marginal price Day Ahead market Spain;3;Spain;9.2;2025-03-21T01:00:00+01:00
600;Marginal price Day Ahead market Spain;3;Spain;5.7;2025-03-21T02:00:00+01:00
600;Marginal price Day Ahead market Spain;3;Spain;4.2;2025-03-21T03:00:00+01:00
600;Marginal price Day Ahead market Spain;3;Spain;3.52;2025-03-21T04:00:00+01:00
600;Marginal price Day Ahead market Spain;3;Spain;4.2;2025-03-21T05:00:00+01:00
600;Marginal price Day Ahead market Spain;3;Spain;8.85;2025-03-21T06:00:00+01:00
600;Marginal price Day Ahead market Spain;3;Spain;17;2025-03-21T07:00:00+01:00
600;Marginal price Day Ahead market Spain;3;Spain;10.6;2025-03-21T08:00:00+01:00
600;Marginal price Day Ahead market Spain;3;Spain;3.52;2025-03-21T09:00:00+01:00
600;Marginal price Day Ahead market Spain;3;Spain;3.52;2025-03-21T10:00:00+01:00
600;Marginal price Day Ahead market Spain;3;Spain;0.74;2025-03-21T11:00:00+01:00
600;Marginal price Day Ahead market Spain;3;Spain;0.65;2025-03-21T12:00:00+01:00
600;Marginal price Day Ahead market Spain;3;Spain;0.18;2025-03-21T13:00:00+01:00
600;Marginal price Day Ahead market Spain;3;Spain;0.18;2025-03-21T14:00:00+01:00
600;Marginal price Day Ahead market Spain;3;Spain;0.65;2025-03-21T15:00:00+01:00
600;Marginal price Day Ahead market Spain;3;Spain;1.1;2025-03-21T16:00:00+01:00
600;Marginal price Day Ahead market Spain;3;Spain;3.52;2025-03-21T17:00:00+01:00
600;Marginal price Day Ahead market Spain;3;Spain;9.5;2025-03-21T18:00:00+01:00
600;Marginal price Day Ahead market Spain;3;Spain;35;2025-03-21T19:00:00+01:00
600;Marginal price Day Ahead market Spain;3;Spain;40;2025-03-21T20:00:00+01:00
600;Marginal price Day Ahead market Spain;3;Spain;35.01;2025-03-21T21:00:00+01:00
600;Marginal price Day Ahead market Spain;3;Spain;29.42;2025-03-21T22:00:00+01:00
600;Marginal price Day Ahead market Spain;3;Spain;15;2025-03-21T23:00:00+01:00
600;Marginal price Day Ahead market Spain;3;Spain;3.52;2025-03-22T00:00:00+01:00
600;Marginal price Day Ahead market Spain;3;Spain;3.52;2025-03-22T01:00:00+01:00
600;Marginal price Day Ahead market Spain;3;Spain;1;2025-03-22T02:00:00+01:00
600;Marginal price Day Ahead market Spain;3;Spain;0.5;2025-03-22T03:00:00+01:00
600;Marginal price Day Ahead market Spain;3;Spain;0.5;2025-03-22T04:00:00+01:00
600;Marginal price Day Ahead market Spain;3;Spain;1;2025-03-22T05:00:00+01:00
600;Marginal price Day Ahead market Spain;3;Spain;0.65;2025-03-22T06:00:00+01:00
600;Marginal price Day Ahead market Spain;3;Spain;0.5;2025-03-22T07:00:00+01:00
600;Marginal price Day Ahead market Spain;3;Spain;0.1;2025-03-22T08:00:00+01:00
600;Marginal price Day Ahead market Spain;3;Spain;0;2025-03-22T09:00:00+01:00
600;Marginal price Day Ahead market Spain;3;Spain;0;2025-03-22T10:00:00+01:00
600;Marginal price Day Ahead market Spain;3;Spain;0;2025-03-22T11:00:00+01:00
600;Marginal price Day Ahead market Spain;3;Spain;0;2025-03-22T12:00:00+01:00
600;Marginal price Day Ahead market Spain;3;Spain;0;2025-03-22T13:00:00+01:00
600;Marginal price Day Ahead market Spain;3;Spain;0;2025-03-22T14:00:00+01:00
600;Marginal price Day Ahead market Spain;3;Spain;-0.01;2025-03-22T15:00:00+01:00
600;Marginal price Day Ahead market Spain;3;Spain;0;2025-03-22T16:00:00+01:00
600;Marginal price Day Ahead market Spain;3;Spain;0.65;2025-03-22T17:00:00+01:00
600;Marginal price Day Ahead market Spain;3;Spain;10.5;2025-03-22T18:00:00+01:00
600;Marginal price Day Ahead market Spain;3;Spain;40;2025-03-22T19:00:00+01:00
600;Marginal price Day Ahead market Spain;3;Spain;76.01;2025-03-22T20:00:00+01:00
600;Marginal price Day Ahead market Spain;3;Spain;52.05;2025-03-22T21:00:00+01:00
600;Marginal price Day Ahead market Spain;3;Spain;43.9;2025-03-22T22:00:00+01:00
600;Marginal price Day Ahead market Spain;3;Spain;35.01;2025-03-22T23:00:00+01:00
600;Marginal price Day Ahead market Spain;3;Spain;35.01;2025-03-23T00:00:00+01:00
600;Marginal price Day Ahead market Spain;3;Spain;33.55;2025-03-23T01:00:00+01:00
600;Marginal price Day Ahead market Spain;3;Spain;19.97;2025-03-23T02:00:00+01:00
600;Marginal price Day Ahead market Spain;3;Spain;10.1;2025-03-23T03:00:00+01:00
600;Marginal price Day Ahead market Spain;3;Spain;8.5;2025-03-23T04:00:00+01:00
600;Marginal price Day Ahead market Spain;3;Spain;8.74;2025-03-23T05:00:00+01:00
600;Marginal price Day Ahead market Spain;3;Spain;10.1;2025-03-23T06:00:00+01:00
600;Marginal price Day Ahead market Spain;3;Spain;15;2025-03-23T07:00:00+01:00
600;Marginal price Day Ahead market Spain;3;Spain;7.4;2025-03-23T08:00:00+01:00
600;Marginal price Day Ahead market Spain;3;Spain;3.52;2025-03-23T09:00:00+01:00
600;Marginal price Day Ahead market Spain;3;Spain;0.65;2025-03-23T10:00:00+01:00
600;Marginal price Day Ahead market Spain;3;Spain;0.54;2025-03-23T11:00:00+01:00
600;Marginal price Day Ahead market Spain;3;Spain;0.1;2025-03-23T12:00:00+01:00
600;Marginal price Day Ahead market Spain;3;Spain;0.5;2025-03-23T13:00:00+01:00
600;Marginal price Day Ahead market Spain;3;Spain;0.06;2025-03-23T14:00:00+01:00
600;Marginal price Day Ahead market Spain;3;Spain;0;2025-03-23T15:00:00+01:00
600;Marginal price Day Ahead market Spain;3;Spain;0.02;2025-03-23T16:00:00+01:00
600;Marginal price Day Ahead market Spain;3;Spain;3.52;2025-03-23T17:00:00+01:00
600;Marginal price Day Ahead market Spain;3;Spain;35.01;2025-03-23T18:00:00+01:00
600;Marginal price Day Ahead market Spain;3;Spain;108;2025-03-23T19:00:00+01:00
600;Marginal price Day Ahead market Spain;3;Spain;125.92;2025-03-23T20:00:00+01:00
600;Marginal price Day Ahead market Spain;3;Spain;111;2025-03-23T21:00:00+01:00
600;Marginal price Day Ahead market Spain;3;Spain;98.84;2025-03-23T22:00:00+01:00
600;Marginal price Day Ahead market Spain;3;Spain;63.11;2025-03-23T23:00:00+01:00
600;Marginal price Day Ahead market Spain;3;Spain;40.03;2025-03-24T00:00:00+01:00
600;Marginal price Day Ahead market Spain;3;Spain;28;2025-03-24T01:00:00+01:00
600;Marginal price Day Ahead market Spain;3;Spain;24;2025-03-24T02:00:00+01:00
600;Marginal price Day Ahead market Spain;3;Spain;21.96;2025-03-24T03:00:00+01:00
600;Marginal price Day Ahead market Spain;3;Spain;21.87;2025-03-24T04:00:00+01:00
600;Marginal price Day Ahead market Spain;3;Spain;25;2025-03-24T05:00:00+01:00
600;Marginal price Day Ahead market Spain;3;Spain;40.38;2025-03-24T06:00:00+01:00
600;Marginal price Day Ahead market Spain;3;Spain;61.51;2025-03-24T07:00:00+01:00
600;Marginal price Day Ahead market Spain;3;Spain;37.93;2025-03-24T08:00:00+01:00
600;Marginal price Day Ahead market Spain;3;Spain;20.19;2025-03-24T09:00:00+01:00
600;Marginal price Day Ahead market Spain;3;Spain;3.52;2025-03-24T10:00:00+01:00
600;Marginal price Day Ahead market Spain;3;Spain;0.65;2025-03-24T11:00:00+01:00
600;Marginal price Day Ahead market Spain;3;Spain;0.65;2025-03-24T12:00:00+01:00
600;Marginal price Day Ahead market Spain;3;Spain;2;2025-03-24T13:00:00+01:00
600;Marginal price Day Ahead market Spain;3;Spain;3.52;2025-03-24T14:00:00+01:00
600;Marginal price Day Ahead market Spain;3;Spain;3.52;2025-03-24T15:00:00+01:00
600;Marginal price Day Ahead market Spain;3;Spain;7.4;2025-03-24T16:00:00+01:00
600;Marginal price Day Ahead market Spain;3;Spain;23.79;2025-03-24T17:00:00+01:00
600;Marginal price Day Ahead market Spain;3;Spain;59.99;2025-03-24T18:00:00+01:00
600;Marginal price Day Ahead market Spain;3;Spain;179.1;2025-03-24T19:00:00+01:00
600;Marginal price Day Ahead market Spain;3;Spain;158.3;2025-03-24T20:00:00+01:00
600;Marginal price Day Ahead market Spain;3;Spain;120.96;2025-03-24T21:00:00+01:00
600;Marginal price Day Ahead market Spain;3;Spain;107.92;2025-03-24T22:00:00+01:00
600;Marginal price Day Ahead market Spain;3;Spain;74.73;2025-03-24T23:00:00+01:00
600;Marginal price Day Ahead market Spain;3;Spain;40.51;2025-03-25T00:00:00+01:00
600;Marginal price Day Ahead market Spain;3;Spain;20.26;2025-03-25T01:00:00+01:00
600;Marginal price Day Ahead market Spain;3;Spain;13.13;2025-03-25T02:00:00+01:00
600;Marginal price Day Ahead market Spain;3;Spain;12.2;2025-03-25T03:00:00+01:00
600;Marginal price Day Ahead market Spain;3;Spain;12.73;2025-03-25T04:00:00+01:00
600;Marginal price Day Ahead market Spain;3;Spain;17.87;2025-03-25T05:00:00+01:00
600;Marginal price Day Ahead market Spain;3;Spain;32.38;2025-03-25T06:00:00+01:00
600;Marginal price Day Ahead market Spain;3;Spain;90.99;2025-03-25T07:00:00+01:00
600;Marginal price Day Ahead market Spain;3;Spain;37.93;2025-03-25T08:00:00+01:00
600;Marginal price Day Ahead market Spain;3;Spain;4.96;2025-03-25T09:00:00+01:00
600;Marginal price Day Ahead market Spain;3;Spain;1.06;2025-03-25T10:00:00+01:00
600;Marginal price Day Ahead market Spain;3;Spain;0;2025-03-25T11:00:00+01:00
600;Marginal price Day Ahead market Spain;3;Spain;0.01;2025-03-25T12:00:00+01:00
600;Marginal price Day Ahead market Spain;3;Spain;0.1;2025-03-25T13:00:00+01:00
600;Marginal price Day Ahead market Spain;3;Spain;0.42;2025-03-25T14:00:00+01:00
600;Marginal price Day Ahead market Spain;3;Spain;1.03;2025-03-25T15:00:00+01:00
600;Marginal price Day Ahead market Spain;3;Spain;3.6;2025-03-25T16:00:00+01:00
600;Marginal price Day Ahead market Spain;3;Spain;12.2;2025-03-25T17:00:00+01:00
600;Marginal price Day Ahead market Spain;3;Spain;65;2025-03-25T18:00:00+01:00
600;Marginal price Day Ahead market Spain;3;Spain;160.86;2025-03-25T19:00:00+01:00
600;Marginal price Day Ahead market Spain;3;Spain;158.84;2025-03-25T20:00:00+01:00
600;Marginal price Day Ahead market Spain;3;Spain;128.4;2025-03-25T21:00:00+01:00
600;Marginal price Day Ahead market Spain;3;Spain;104.25;2025-03-25T22:00:00+01:00
600;Marginal price Day Ahead market Spain;3;Spain;99;2025-03-25T23:00:00+01:00
600;Marginal price Day Ahead market Spain;3;Spain;47.39;2025-03-26T00:00:00+01:00
600;Marginal price Day Ahead market Spain;3;Spain;30;2025-03-26T01:00:00+01:00
600;Marginal price Day Ahead market Spain;3;Spain;15.85;2025-03-26T02:00:00+01:00
600;Marginal price Day Ahead market Spain;3;Spain;15.8;2025-03-26T03:00:00+01:00
600;Marginal price Day Ahead market Spain;3;Spain;20.08;2025-03-26T04:00:00+01:00
600;Marginal price Day Ahead market Spain;3;Spain;28.6;2025-03-26T05:00:00+01:00
600;Marginal price Day Ahead market Spain;3;Spain;60;2025-03-26T06:00:00+01:00
600;Marginal price Day Ahead market Spain;3;Spain;95.79;2025-03-26T07:00:00+01:00
600;Marginal price Day Ahead market Spain;3;Spain;21.7;2025-03-26T08:00:00+01:00
600;Marginal price Day Ahead market Spain;3;Spain;0.2;2025-03-26T09:00:00+01:00
600;Marginal price Day Ahead market Spain;3;Spain;-0.01;2025-03-26T10:00:00+01:00
600;Marginal price Day Ahead market Spain;3;Spain;-0.45;2025-03-26T11:00:00+01:00
600;Marginal price Day Ahead market Spain;3;Spain;-0.5;2025-03-26T12:00:00+01:00
600;Marginal price Day Ahead market Spain;3;Spain;-0.45;2025-03-26T13:00:00+01:00
600;Marginal price Day Ahead market Spain;3;Spain;-0.45;2025-03-26T14:00:00+01:00
600;Marginal price Day Ahead market Spain;3;Spain;-0.45;2025-03-26T15:00:00+01:00
600;Marginal price Day Ahead market Spain;3;Spain;-0.01;2025-03-26T16:00:00+01:00
600;Marginal price Day Ahead market Spain;3;Spain;0;2025-03-26T17:00:00+01:00
600;Marginal price Day Ahead market Spain;3;Spain;27;2025-03-26T18:00:00+01:00
600;Marginal price Day Ahead market Spain;3;Spain;125.22;2025-03-26T19:00:00+01:00
600;Marginal price Day Ahead market Spain;3;Spain;126.66;2025-03-26T20:00:00+01:00
600;Marginal price Day Ahead market Spain;3;Spain;104.94;2025-03-26T21:00:00+01:00
600;Marginal price Day Ahead market Spain;3;Spain;97.33;2025-03-26T22:00:00+01:00
600;Marginal price Day Ahead market Spain;3;Spain;54.68;2025-03-26T23:00:00+01:00
600;Marginal price Day Ahead market Spain;3;Spain;93.52;2025-03-27T00:00:00+01:00
600;Marginal price Day Ahead market Spain;3;Spain;63.09;2025-03-27T01:00:00+01:00
600;Marginal price Day Ahead market Spain;3;Spain;60;2025-03-27T02:00:00+01:00
600;Marginal price Day Ahead market Spain;3;Spain;52.98;2025-03-27T03:00:00+01:00
600;Marginal price Day Ahead market Spain;3;Spain;52.98;2025-03-27T04:00:00+01:00
600;Marginal price Day Ahead market Spain;3;Spain;63.09;2025-03-27T05:00:00+01:00
600;Marginal price Day Ahead market Spain;3;Spain;85.92;2025-03-27T06:00:00+01:00
600;Marginal price Day Ahead market Spain;3;Spain;125.03;2025-03-27T07:00:00+01:00
600;Marginal price Day Ahead market Spain;3;Spain;59;2025-03-27T08:00:00+01:00
600;Marginal price Day Ahead market Spain;3;Spain;3.52;2025-03-27T09:00:00+01:00
600;Marginal price Day Ahead market Spain;3;Spain;0;2025-03-27T10:00:00+01:00
600;Marginal price Day Ahead market Spain;3;Spain;-0.01;2025-03-27T11:00:00+01:00
600;Marginal price Day Ahead market Spain;3;Spain;-0.01;2025-03-27T12:00:00+01:00
600;Marginal price Day Ahead market Spain;3;Spain;-0.01;2025-03-27T13:00:00+01:00
600;Marginal price Day Ahead market Spain;3;Spain;-0.01;2025-03-27T14:00:00+01:00
600;Marginal price Day Ahead market Spain;3;Spain;-0.01;2025-03-27T15:00:00+01:00
600;Marginal price Day Ahead market Spain;3;Spain;0;2025-03-27T16:00:00+01:00
600;Marginal price Day Ahead market Spain;3;Spain;0.65;2025-03-27T17:00:00+01:00
600;Marginal price Day Ahead market Spain;3;Spain;47.81;2025-03-27T18:00:00+01:00
600;Marginal price Day Ahead market Spain;3;Spain;150;2025-03-27T19:00:00+01:00
600;Marginal price Day Ahead market Spain;3;Spain;135.57;2025-03-27T20:00:00+01:00
600;Marginal price Day Ahead market Spain;3;Spain;117.75;2025-03-27T21:00:00+01:00
600;Marginal price Day Ahead market Spain;3;Spain;106.1;2025-03-27T22:00:00+01:00
600;Marginal price Day Ahead market Spain;3;Spain;93.2;2025-03-27T23:00:00+01:00
600;Marginal price Day Ahead market Spain;3;Spain;51.4;2025-03-28T00:00:00+01:00
600;Marginal price Day Ahead market Spain;3;Spain;37;2025-03-28T01:00:00+01:00
600;Marginal price Day Ahead market Spain;3;Spain;21.61;2025-03-28T02:00:00+01:00
600;Marginal price Day Ahead market Spain;3;Spain;20.8;2025-03-28T03:00:00+01:00
600;Marginal price Day Ahead market Spain;3;Spain;20.8;2025-03-28T04:00:00+01:00
600;Marginal price Day Ahead market Spain;3;Spain;29.5;2025-03-28T05:00:00+01:00
600;Marginal price Day Ahead market Spain;3;Spain;51.4;2025-03-28T06:00:00+01:00
600;Marginal price Day Ahead market Spain;3;Spain;86.9;2025-03-28T07:00:00+01:00
600;Marginal price Day Ahead market Spain;3;Spain;20.08;2025-03-28T08:00:00+01:00
600;Marginal price Day Ahead market Spain;3;Spain;0.02;2025-03-28T09:00:00+01:00
600;Marginal price Day Ahead market Spain;3;Spain;-0.4;2025-03-28T10:00:00+01:00
600;Marginal price Day Ahead market Spain;3;Spain;-1;2025-03-28T11:00:00+01:00
600;Marginal price Day Ahead market Spain;3;Spain;-1.02;2025-03-28T12:00:00+01:00
600;Marginal price Day Ahead market Spain;3;Spain;-1.04;2025-03-28T13:00:00+01:00
600;Marginal price Day Ahead market Spain;3;Spain;-1.2;2025-03-28T14:00:00+01:00
600;Marginal price Day Ahead market Spain;3;Spain;-1.24;2025-03-28T15:00:00+01:00
600;Marginal price Day Ahead market Spain;3;Spain;-1.24;2025-03-28T16:00:00+01:00
600;Marginal price Day Ahead market Spain;3;Spain;-0.62;2025-03-28T17:00:00+01:00
600;Marginal price Day Ahead market Spain;3;Spain;3.52;2025-03-28T18:00:00+01:00
600;Marginal price Day Ahead market Spain;3;Spain;62;2025-03-28T19:00:00+01:00
600;Marginal price Day Ahead market Spain;3;Spain;85.36;2025-03-28T20:00:00+01:00
600;Marginal price Day Ahead market Spain;3;Spain;63.53;2025-03-28T21:00:00+01:00
600;Marginal price Day Ahead market Spain;3;Spain;50;2025-03-28T22:00:00+01:00
600;Marginal price Day Ahead market Spain;3;Spain;20.8;2025-03-28T23:00:00+01:00
600;Marginal price Day Ahead market Spain;3;Spain;13.29;2025-03-29T00:00:00+01:00
600;Marginal price Day Ahead market Spain;3;Spain;10.63;2025-03-29T01:00:00+01:00
600;Marginal price Day Ahead market Spain;3;Spain;7;2025-03-29T02:00:00+01:00
600;Marginal price Day Ahead market Spain;3;Spain;5;2025-03-29T03:00:00+01:00
600;Marginal price Day Ahead market Spain;3;Spain;4.96;2025-03-29T04:00:00+01:00
600;Marginal price Day Ahead market Spain;3;Spain;4.96;2025-03-29T05:00:00+01:00
600;Marginal price Day Ahead market Spain;3;Spain;5;2025-03-29T06:00:00+01:00
600;Marginal price Day Ahead market Spain;3;Spain;3.52;2025-03-29T07:00:00+01:00
600;Marginal price Day Ahead market Spain;3;Spain;0;2025-03-29T08:00:00+01:00
600;Marginal price Day Ahead market Spain;3;Spain;-1.01;2025-03-29T09:00:00+01:00
600;Marginal price Day Ahead market Spain;3;Spain;-2;2025-03-29T10:00:00+01:00
600;Marginal price Day Ahead market Spain;3;Spain;-2;2025-03-29T11:00:00+01:00
600;Marginal price Day Ahead market Spain;3;Spain;-2;2025-03-29T12:00:00+01:00
600;Marginal price Day Ahead market Spain;3;Spain;-2;2025-03-29T13:00:00+01:00
600;Marginal price Day Ahead market Spain;3;Spain;-2.2;2025-03-29T14:00:00+01:00
600;Marginal price Day Ahead market Spain;3;Spain;-2.2;2025-03-29T15:00:00+01:00
600;Marginal price Day Ahead market Spain;3;Spain;-2.2;2025-03-29T16:00:00+01:00
600;Marginal price Day Ahead market Spain;3;Spain;-2;2025-03-29T17:00:00+01:00
600;Marginal price Day Ahead market Spain;3;Spain;0;2025-03-29T18:00:00+01:00
600;Marginal price Day Ahead market Spain;3;Spain;11.13;2025-03-29T19:00:00+01:00
600;Marginal price Day Ahead market Spain;3;Spain;20.16;2025-03-29T20:00:00+01:00
600;Marginal price Day Ahead market Spain;3;Spain;18.58;2025-03-29T21:00:00+01:00
600;Marginal price Day Ahead market Spain;3;Spain;11.13;2025-03-29T22:00:00+01:00
600;Marginal price Day Ahead market Spain;3;Spain;6;2025-03-29T23:00:00+01:00
600;Marginal price Day Ahead market Spain;3;Spain;3.6;2025-03-30T00:00:00+01:00
600;Marginal price Day Ahead market Spain;3;Spain;3.2;2025-03-30T01:00:00+01:00
600;Marginal price Day Ahead market Spain;3;Spain;0.65;2025-03-30T03:00:00+02:00
600;Marginal price Day Ahead market Spain;3;Spain;0.1;2025-03-30T04:00:00+02:00
600;Marginal price Day Ahead market Spain;3;Spain;0.09;2025-03-30T05:00:00+02:00
600;Marginal price Day Ahead market Spain;3;Spain;0.17;2025-03-30T06:00:00+02:00
600;Marginal price Day Ahead market Spain;3;Spain;0.13;2025-03-30T07:00:00+02:00
600;Marginal price Day Ahead market Spain;3;Spain;0;2025-03-30T08:00:00+02:00
600;Marginal price Day Ahead market Spain;3;Spain;-1.53;2025-03-30T09:00:00+02:00
600;Marginal price Day Ahead market Spain;3;Spain;-2.31;2025-03-30T10:00:00+02:00
600;Marginal price Day Ahead market Spain;3;Spain;-3.8;2025-03-30T11:00:00+02:00
600;Marginal price Day Ahead market Spain;3;Spain;-4;2025-03-30T12:00:00+02:00
600;Marginal price Day Ahead market Spain;3;Spain;-4;2025-03-30T13:00:00+02:00
600;Marginal price Day Ahead market Spain;3;Spain;-5;2025-03-30T14:00:00+02:00
600;Marginal price Day Ahead market Spain;3;Spain;-5.21;2025-03-30T15:00:00+02:00
600;Marginal price Day Ahead market Spain;3;Spain;-4;2025-03-30T16:00:00+02:00
600;Marginal price Day Ahead market Spain;3;Spain;-3;2025-03-30T17:00:00+02:00
600;Marginal price Day Ahead market Spain;3;Spain;-2.2;2025-03-30T18:00:00+02:00
600;Marginal price Day Ahead market Spain;3;Spain;0.02;2025-03-30T19:00:00+02:00
600;Marginal price Day Ahead market Spain;3;Spain;25.46;2025-03-30T20:00:00+02:00
600;Marginal price Day Ahead market Spain;3;Spain;35.01;2025-03-30T21:00:00+02:00
600;Marginal price Day Ahead market Spain;3;Spain;25.63;2025-03-30T22:00:00+02:00
600;Marginal price Day Ahead market Spain;3;Spain;10.63;2025-03-30T23:00:00+02:00
600;Marginal price Day Ahead market Spain;3;Spain;0.65;2025-03-31T00:00:00+02:00
600;Marginal price Day Ahead market Spain;3;Spain;2;2025-03-31T01:00:00+02:00
600;Marginal price Day Ahead market Spain;3;Spain;3;2025-03-31T02:00:00+02:00
600;Marginal price Day Ahead market Spain;3;Spain;0.65;2025-03-31T03:00:00+02:00
600;Marginal price Day Ahead market Spain;3;Spain;0.65;2025-03-31T04:00:00+02:00
600;Marginal price Day Ahead market Spain;3;Spain;1;2025-03-31T05:00:00+02:00
600;Marginal price Day Ahead market Spain;3;Spain;7.44;2025-03-31T06:00:00+02:00
600;Marginal price Day Ahead market Spain;3;Spain;40.03;2025-03-31T07:00:00+02:00
600;Marginal price Day Ahead market Spain;3;Spain;41.26;2025-03-31T08:00:00+02:00
600;Marginal price Day Ahead market Spain;3;Spain;0.15;2025-03-31T09:00:00+02:00
600;Marginal price Day Ahead market Spain;3;Spain;-0.01;2025-03-31T10:00:00+02:00
600;Marginal price Day Ahead market Spain;3;Spain;-0.31;2025-03-31T11:00:00+02:00
600;Marginal price Day Ahead market Spain;3;Spain;-0.66;2025-03-31T12:00:00+02:00
600;Marginal price Day Ahead market Spain;3;Spain;-0.62;2025-03-31T13:00:00+02:00
600;Marginal price Day Ahead market Spain;3;Spain;-0.62;2025-03-31T14:00:00+02:00
600;Marginal price Day Ahead market Spain;3;Spain;-1;2025-03-31T15:00:00+02:00
600;Marginal price Day Ahead market Spain;3;Spain;-0.99;2025-03-31T16:00:00+02:00
600;Marginal price Day Ahead market Spain;3;Spain;-0.01;2025-03-31T17:00:00+02:00
600;Marginal price Day Ahead market Spain;3;Spain;0.2;2025-03-31T18:00:00+02:00
600;Marginal price Day Ahead market Spain;3;Spain;55;2025-03-31T19:00:00+02:00
600;Marginal price Day Ahead market Spain;3;Spain;146.79;2025-03-31T20:00:00+02:00
600;Marginal price Day Ahead market Spain;3;Spain;197.25;2025-03-31T21:00:00+02:00
600;Marginal price Day Ahead market Spain;3;Spain;119.85;2025-03-31T22:00:00+02:00
600;Marginal price Day Ahead market Spain;3;Spain;95.01;2025-03-31T23:00:00+02:00
600;Marginal price Day Ahead market Spain;3;Spain;90;2025-04-01T00:00:00+02:00
600;Marginal price Day Ahead market Spain;3;Spain;75.78;2025-04-01T01:00:00+02:00
600;Marginal price Day Ahead market Spain;3;Spain;70.03;2025-04-01T02:00:00+02:00
600;Marginal price Day Ahead market Spain;3;Spain;60.48;2025-04-01T03:00:00+02:00
600;Marginal price Day Ahead market Spain;3;Spain;61.59;2025-04-01T04:00:00+02:00
600;Marginal price Day Ahead market Spain;3;Spain;68.2;2025-04-01T05:00:00+02:00
600;Marginal price Day Ahead market Spain;3;Spain;84.2;2025-04-01T06:00:00+02:00
600;Marginal price Day Ahead market Spain;3;Spain;155.5;2025-04-01T07:00:00+02:00
600;Marginal price Day Ahead market Spain;3;Spain;159.37;2025-04-01T08:00:00+02:00
600;Marginal price Day Ahead market Spain;3;Spain;87.97;2025-04-01T09:00:00+02:00
600;Marginal price Day Ahead market Spain;3;Spain;38.1;2025-04-01T10:00:00+02:00
600;Marginal price Day Ahead market Spain;3;Spain;5.2;2025-04-01T11:00:00+02:00
600;Marginal price Day Ahead market Spain;3;Spain;0;2025-04-01T12:00:00+02:00
600;Marginal price Day Ahead market Spain;3;Spain;0;2025-04-01T13:00:00+02:00
600;Marginal price Day Ahead market Spain;3;Spain;-0.01;2025-04-01T14:00:00+02:00
600;Marginal price Day Ahead market Spain;3;Spain;-0.07;2025-04-01T15:00:00+02:00
600;Marginal price Day Ahead market Spain;3;Spain;-0.01;2025-04-01T16:00:00+02:00
600;Marginal price Day Ahead market Spain;3;Spain;-0.01;2025-04-01T17:00:00+02:00
600;Marginal price Day Ahead market Spain;3;Spain;17.9;2025-04-01T18:00:00+02:00
600;Marginal price Day Ahead market Spain;3;Spain;53.71;2025-04-01T19:00:00+02:00
600;Marginal price Day Ahead market Spain;3;Spain;114.96;2025-04-01T20:00:00+02:00
600;Marginal price Day Ahead market Spain;3;Spain;120.93;2025-04-01T21:00:00+02:00
600;Marginal price Day Ahead market Spain;3;Spain;84.2;2025-04-01T22:00:00+02:00
600;Marginal price Day Ahead market Spain;3;Spain;58.44;2025-04-01T23:00:00+02:00
600;Marginal price Day Ahead market Spain;3;Spain;38.11;2025-04-02T00:00:00+02:00
600;Marginal price Day Ahead market Spain;3;Spain;26.34;2025-04-02T01:00:00+02:00
600;Marginal price Day Ahead market Spain;3;Spain;26.1;2025-04-02T02:00:00+02:00
600;Marginal price Day Ahead market Spain;3;Spain;20;2025-04-02T03:00:00+02:00
600;Marginal price Day Ahead market Spain;3;Spain;20;2025-04-02T04:00:00+02:00
600;Marginal price Day Ahead market Spain;3;Spain;26.34;2025-04-02T05:00:00+02:00
600;Marginal price Day Ahead market Spain;3;Spain;39.87;2025-04-02T06:00:00+02:00
600;Marginal price Day Ahead market Spain;3;Spain;90.08;2025-04-02T07:00:00+02:00
600;Marginal price Day Ahead market Spain;3;Spain;104.9;2025-04-02T08:00:00+02:00
600;Marginal price Day Ahead market Spain;3;Spain;54.33;2025-04-02T09:00:00+02:00
600;Marginal price Day Ahead market Spain;3;Spain;21.15;2025-04-02T10:00:00+02:00
600;Marginal price Day Ahead market Spain;3;Spain;1;2025-04-02T11:00:00+02:00
600;Marginal price Day Ahead market Spain;3;Spain;0;2025-04-02T12:00:00+02:00
600;Marginal price Day Ahead market Spain;3;Spain;0;2025-04-02T13:00:00+02:00
600;Marginal price Day Ahead market Spain;3;Spain;-0.01;2025-04-02T14:00:00+02:00
600;Marginal price Day Ahead market Spain;3;Spain;-0.02;2025-04-02T15:00:00+02:00
600;Marginal price Day Ahead market Spain;3;Spain;-0.01;2025-04-02T16:00:00+02:00
600;Marginal price Day Ahead market Spain;3;Spain;0.04;2025-04-02T17:00:00+02:00
600;Marginal price Day Ahead market Spain;3;Spain;7.96;2025-04-02T18:00:00+02:00
600;Marginal price Day Ahead market Spain;3;Spain;32.96;2025-04-02T19:00:00+02:00
600;Marginal price Day Ahead market Spain;3;Spain;53.11;2025-04-02T20:00:00+02:00
600;Marginal price Day Ahead market Spain;3;Spain;49.23;2025-04-02T21:00:00+02:00
600;Marginal price Day Ahead market Spain;3;Spain;32.95;2025-04-02T22:00:00+02:00
600;Marginal price Day Ahead market Spain;3;Spain;27.3;2025-04-02T23:00:00+02:00
600;Marginal price Day Ahead market Spain;3;Spain;20.37;2025-04-03T00:00:00+02:00
600;Marginal price Day Ahead market Spain;3;Spain;19.07;2025-04-03T01:00:00+02:00
600;Marginal price Day Ahead market Spain;3;Spain;16.32;2025-04-03T02:00:00+02:00
600;Marginal price Day Ahead market Spain;3;Spain;12.27;2025-04-03T03:00:00+02:00
600;Marginal price Day Ahead market Spain;3;Spain;9.07;2025-04-03T04:00:00+02:00
600;Marginal price Day Ahead market Spain;3;Spain;11.94;2025-04-03T05:00:00+02:00
600;Marginal price Day Ahead market Spain;3;Spain;19.7;2025-04-03T06:00:00+02:00
600;Marginal price Day Ahead market Spain;3;Spain;38.11;2025-04-03T07:00:00+02:00
600;Marginal price Day Ahead market Spain;3;Spain;56.33;2025-04-03T08:00:00+02:00
600;Marginal price Day Ahead market Spain;3;Spain;38.11;2025-04-03T09:00:00+02:00
600;Marginal price Day Ahead market Spain;3;Spain;28.96;2025-04-03T10:00:00+02:00
600;Marginal price Day Ahead market Spain;3;Spain;3.52;2025-04-03T11:00:00+02:00
600;Marginal price Day Ahead market Spain;3;Spain;0.5;2025-04-03T12:00:00+02:00
600;Marginal price Day Ahead market Spain;3;Spain;0;2025-04-03T13:00:00+02:00
600;Marginal price Day Ahead market Spain;3;Spain;0;2025-04-03T14:00:00+02:00
600;Marginal price Day Ahead market Spain;3;Spain;0;2025-04-03T15:00:00+02:00
600;Marginal price Day Ahead market Spain;3;Spain;1.87;2025-04-03T16:00:00+02:00
600;Marginal price Day Ahead market Spain;3;Spain;5;2025-04-03T17:00:00+02:00
600;Marginal price Day Ahead market Spain;3;Spain;10.06;2025-04-03T18:00:00+02:00
600;Marginal price Day Ahead market Spain;3;Spain;35;2025-04-03T19:00:00+02:00
600;Marginal price Day Ahead market Spain;3;Spain;80;2025-04-03T20:00:00+02:00
600;Marginal price Day Ahead market Spain;3;Spain;79;2025-04-03T21:00:00+02:00
600;Marginal price Day Ahead market Spain;3;Spain;35.01;2025-04-03T22:00:00+02:00
600;Marginal price Day Ahead market Spain;3;Spain;10.1;2025-04-03T23:00:00+02:00
600;Marginal price Day Ahead market Spain;3;Spain;3.6;2025-04-04T00:00:00+02:00
600;Marginal price Day Ahead market Spain;3;Spain;3.52;2025-04-04T01:00:00+02:00
600;Marginal price Day Ahead market Spain;3;Spain;3.52;2025-04-04T02:00:00+02:00
600;Marginal price Day Ahead market Spain;3;Spain;3.51;2025-04-04T03:00:00+02:00
600;Marginal price Day Ahead market Spain;3;Spain;3.52;2025-04-04T04:00:00+02:00
600;Marginal price Day Ahead market Spain;3;Spain;3.52;2025-04-04T05:00:00+02:00
600;Marginal price Day Ahead market Spain;3;Spain;3.52;2025-04-04T06:00:00+02:00
600;Marginal price Day Ahead market Spain;3;Spain;35;2025-04-04T07:00:00+02:00
600;Marginal price Day Ahead market Spain;3;Spain;35.01;2025-04-04T08:00:00+02:00
600;Marginal price Day Ahead market Spain;3;Spain;18.83;2025-04-04T09:00:00+02:00
600;Marginal price Day Ahead market Spain;3;Spain;4.73;2025-04-04T10:00:00+02:00
600;Marginal price Day Ahead market Spain;3;Spain;3.52;2025-04-04T11:00:00+02:00
600;Marginal price Day Ahead market Spain;3;Spain;0;2025-04-04T12:00:00+02:00
600;Marginal price Day Ahead market Spain;3;Spain;-0.01;2025-04-04T13:00:00+02:00
600;Marginal price Day Ahead market Spain;3;Spain;-0.02;2025-04-04T14:00:00+02:00
600;Marginal price Day Ahead market Spain;3;Spain;-0.01;2025-04-04T15:00:00+02:00
600;Marginal price Day Ahead market Spain;3;Spain;0;2025-04-04T16:00:00+02:00
600;Marginal price Day Ahead market Spain;3;Spain;0.01;2025-04-04T17:00:00+02:00
600;Marginal price Day Ahead market Spain;3;Spain;0.65;2025-04-04T18:00:00+02:00
600;Marginal price Day Ahead market Spain;3;Spain;6.3;2025-04-04T19:00:00+02:00
600;Marginal price Day Ahead market Spain;3;Spain;35.01;2025-04-04T20:00:00+02:00
600;Marginal price Day Ahead market Spain;3;Spain;50.02;2025-04-04T21:00:00+02:00
600;Marginal price Day Ahead market Spain;3;Spain;35.01;2025-04-04T22:00:00+02:00
600;Marginal price Day Ahead market Spain;3;Spain;20.91;2025-04-04T23:00:00+02:00
600;Marginal price Day Ahead market Spain;3;Spain;35;2025-04-05T00:00:00+02:00
600;Marginal price Day Ahead market Spain;3;Spain;19.97;2025-04-05T01:00:00+02:00
600;Marginal price Day Ahead market Spain;3;Spain;19.1;2025-04-05T02:00:00+02:00
600;Marginal price Day Ahead market Spain;3;Spain;19.34;2025-04-05T03:00:00+02:00
600;Marginal price Day Ahead market Spain;3;Spain;13.2;2025-04-05T04:00:00+02:00
600;Marginal price Day Ahead market Spain;3;Spain;16.4;2025-04-05T05:00:00+02:00
600;Marginal price Day Ahead market Spain;3;Spain;19.75;2025-04-05T06:00:00+02:00
600;Marginal price Day Ahead market Spain;3;Spain;20.3;2025-04-05T07:00:00+02:00
600;Marginal price Day Ahead market Spain;3;Spain;21.46;2025-04-05T08:00:00+02:00
600;Marginal price Day Ahead market Spain;3;Spain;10;2025-04-05T09:00:00+02:00
600;Marginal price Day Ahead market Spain;3;Spain;0.66;2025-04-05T10:00:00+02:00
600;Marginal price Day Ahead market Spain;3;Spain;-0.13;2025-04-05T11:00:00+02:00
600;Marginal price Day Ahead market Spain;3;Spain;-0.3;2025-04-05T12:00:00+02:00
600;Marginal price Day Ahead market Spain;3;Spain;-1;2025-04-05T13:00:00+02:00
600;Marginal price Day Ahead market Spain;3;Spain;-1.01;2025-04-05T14:00:00+02:00
600;Marginal price Day Ahead market Spain;3;Spain;-1.2;2025-04-05T15:00:00+02:00
600;Marginal price Day Ahead market Spain;3;Spain;-1;2025-04-05T16:00:00+02:00
600;Marginal price Day Ahead market Spain;3;Spain;0.1;2025-04-05T17:00:00+02:00
600;Marginal price Day Ahead market Spain;3;Spain;10;2025-04-05T18:00:00+02:00
600;Marginal price Day Ahead market Spain;3;Spain;46.49;2025-04-05T19:00:00+02:00
600;Marginal price Day Ahead market Spain;3;Spain;95.61;2025-04-05T20:00:00+02:00
600;Marginal price Day Ahead market Spain;3;Spain;95.61;2025-04-05T21:00:00+02:00
600;Marginal price Day Ahead market Spain;3;Spain;78.99;2025-04-05T22:00:00+02:00
600;Marginal price Day Ahead market Spain;3;Spain;68.75;2025-04-05T23:00:00+02:00
600;Marginal price Day Ahead market Spain;3;Spain;70.45;2025-04-06T00:00:00+02:00
600;Marginal price Day Ahead market Spain;3;Spain;46.21;2025-04-06T01:00:00+02:00
600;Marginal price Day Ahead market Spain;3;Spain;35.01;2025-04-06T02:00:00+02:00
600;Marginal price Day Ahead market Spain;3;Spain;27.01;2025-04-06T03:00:00+02:00
600;Marginal price Day Ahead market Spain;3;Spain;25.5;2025-04-06T04:00:00+02:00
600;Marginal price Day Ahead market Spain;3;Spain;25.57;2025-04-06T05:00:00+02:00
600;Marginal price Day Ahead market Spain;3;Spain;26.51;2025-04-06T06:00:00+02:00
600;Marginal price Day Ahead market Spain;3;Spain;28.87;2025-04-06T07:00:00+02:00
600;Marginal price Day Ahead market Spain;3;Spain;26.25;2025-04-06T08:00:00+02:00
600;Marginal price Day Ahead market Spain;3;Spain;0.1;2025-04-06T09:00:00+02:00
600;Marginal price Day Ahead market Spain;3;Spain;-1.01;2025-04-06T10:00:00+02:00
600;Marginal price Day Ahead market Spain;3;Spain;-1.54;2025-04-06T11:00:00+02:00
600;Marginal price Day Ahead market Spain;3;Spain;-1.54;2025-04-06T12:00:00+02:00
600;Marginal price Day Ahead market Spain;3;Spain;-1;2025-04-06T13:00:00+02:00
600;Marginal price Day Ahead market Spain;3;Spain;-1;2025-04-06T14:00:00+02:00
600;Marginal price Day Ahead market Spain;3;Spain;-1.32;2025-04-06T15:00:00+02:00
600;Marginal price Day Ahead market Spain;3;Spain;-1.49;2025-04-06T16:00:00+02:00
600;Marginal price Day Ahead market Spain;3;Spain;-0.01;2025-04-06T17:00:00+02:00
600;Marginal price Day Ahead market Spain;3;Spain;8.26;2025-04-06T18:00:00+02:00
600;Marginal price Day Ahead market Spain;3;Spain;35.2;2025-04-06T19:00:00+02:00
600;Marginal price Day Ahead market Spain;3;Spain;75;2025-04-06T20:00:00+02:00
600;Marginal price Day Ahead market Spain;3;Spain;80;2025-04-06T21:00:00+02:00
600;Marginal price Day Ahead market Spain;3;Spain;70.01;2025-04-06T22:00:00+02:00
600;Marginal price Day Ahead market Spain;3;Spain;66.38;2025-04-06T23:00:00+02:00
600;Marginal price Day Ahead market Spain;3;Spain;48.37;2025-04-07T00:00:00+02:00
600;Marginal price Day Ahead market Spain;3;Spain;41.9;2025-04-07T01:00:00+02:00
600;Marginal price Day Ahead market Spain;3;Spain;43.32;2025-04-07T02:00:00+02:00
600;Marginal price Day Ahead market Spain;3;Spain;39.54;2025-04-07T03:00:00+02:00
600;Marginal price Day Ahead market Spain;3;Spain;39.74;2025-04-07T04:00:00+02:00
600;Marginal price Day Ahead market Spain;3;Spain;46.22;2025-04-07T05:00:00+02:00
600;Marginal price Day Ahead market Spain;3;Spain;70.1;2025-04-07T06:00:00+02:00
600;Marginal price Day Ahead market Spain;3;Spain;159.86;2025-04-07T07:00:00+02:00
600;Marginal price Day Ahead market Spain;3;Spain;143.04;2025-04-07T08:00:00+02:00
600;Marginal price Day Ahead market Spain;3;Spain;60;2025-04-07T09:00:00+02:00
600;Marginal price Day Ahead market Spain;3;Spain;17.43;2025-04-07T10:00:00+02:00
600;Marginal price Day Ahead market Spain;3;Spain;3.01;2025-04-07T11:00:00+02:00
600;Marginal price Day Ahead market Spain;3;Spain;0.01;2025-04-07T12:00:00+02:00
600;Marginal price Day Ahead market Spain;3;Spain;0;2025-04-07T13:00:00+02:00
600;Marginal price Day Ahead market Spain;3;Spain;0;2025-04-07T14:00:00+02:00
600;Marginal price Day Ahead market Spain;3;Spain;0;2025-04-07T15:00:00+02:00
600;Marginal price Day Ahead market Spain;3;Spain;0;2025-04-07T16:00:00+02:00
600;Marginal price Day Ahead market Spain;3;Spain;1.51;2025-04-07T17:00:00+02:00
600;Marginal price Day Ahead market Spain;3;Spain;20;2025-04-07T18:00:00+02:00
600;Marginal price Day Ahead market Spain;3;Spain;69.1;2025-04-07T19:00:00+02:00
600;Marginal price Day Ahead market Spain;3;Spain;156;2025-04-07T20:00:00+02:00
600;Marginal price Day Ahead market Spain;3;Spain;170.01;2025-04-07T21:00:00+02:00
600;Marginal price Day Ahead market Spain;3;Spain;118.34;2025-04-07T22:00:00+02:00
600;Marginal price Day Ahead market Spain;3;Spain;99.84;2025-04-07T23:00:00+02:00
600;Marginal price Day Ahead market Spain;3;Spain;83;2025-04-08T00:00:00+02:00
600;Marginal price Day Ahead market Spain;3;Spain;71.8;2025-04-08T01:00:00+02:00
600;Marginal price Day Ahead market Spain;3;Spain;69.07;2025-04-08T02:00:00+02:00
600;Marginal price Day Ahead market Spain;3;Spain;57.65;2025-04-08T03:00:00+02:00
600;Marginal price Day Ahead market Spain;3;Spain;51.22;2025-04-08T04:00:00+02:00
600;Marginal price Day Ahead market Spain;3;Spain;53.16;2025-04-08T05:00:00+02:00
600;Marginal price Day Ahead market Spain;3;Spain;60.5;2025-04-08T06:00:00+02:00
600;Marginal price Day Ahead market Spain;3;Spain;131.17;2025-04-08T07:00:00+02:00
600;Marginal price Day Ahead market Spain;3;Spain;104;2025-04-08T08:00:00+02:00
600;Marginal price Day Ahead market Spain;3;Spain;36.88;2025-04-08T09:00:00+02:00
600;Marginal price Day Ahead market Spain;3;Spain;0.65;2025-04-08T10:00:00+02:00
600;Marginal price Day Ahead market Spain;3;Spain;-0.01;2025-04-08T11:00:00+02:00
600;Marginal price Day Ahead market Spain;3;Spain;-0.86;2025-04-08T12:00:00+02:00
600;Marginal price Day Ahead market Spain;3;Spain;-1.01;2025-04-08T13:00:00+02:00
600;Marginal price Day Ahead market Spain;3;Spain;-1.02;2025-04-08T14:00:00+02:00
600;Marginal price Day Ahead market Spain;3;Spain;-1.01;2025-04-08T15:00:00+02:00
600;Marginal price Day Ahead market Spain;3;Spain;-1;2025-04-08T16:00:00+02:00
600;Marginal price Day Ahead market Spain;3;Spain;-0.01;2025-04-08T17:00:00+02:00
600;Marginal price Day Ahead market Spain;3;Spain;0.01;2025-04-08T18:00:00+02:00
600;Marginal price Day Ahead market Spain;3;Spain;33.68;2025-04-08T19:00:00+02:00
600;Marginal price Day Ahead market Spain;3;Spain;117.6;2025-04-08T20:00:00+02:00
600;Marginal price Day Ahead market Spain;3;Spain;123.49;2025-04-08T21:00:00+02:00
600;Marginal price Day Ahead market Spain;3;Spain;85.95;2025-04-08T22:00:00+02:00
600;Marginal price Day Ahead market Spain;3;Spain;69.22;2025-04-08T23:00:00+02:00
600;Marginal price Day Ahead market Spain;3;Spain;50.13;2025-04-09T00:00:00+02:00
600;Marginal price Day Ahead market Spain;3;Spain;37;2025-04-09T01:00:00+02:00
600;Marginal price Day Ahead market Spain;3;Spain;33.68;2025-04-09T02:00:00+02:00
600;Marginal price Day Ahead market Spain;3;Spain;32.06;2025-04-09T03:00:00+02:00
600;Marginal price Day Ahead market Spain;3;Spain;28.46;2025-04-09T04:00:00+02:00
600;Marginal price Day Ahead market Spain;3;Spain;28.9;2025-04-09T05:00:00+02:00
600;Marginal price Day Ahead market Spain;3;Spain;37;2025-04-09T06:00:00+02:00
600;Marginal price Day Ahead market Spain;3;Spain;86.96;2025-04-09T07:00:00+02:00
600;Marginal price Day Ahead market Spain;3;Spain;98.21;2025-04-09T08:00:00+02:00
600;Marginal price Day Ahead market Spain;3;Spain;33.68;2025-04-09T09:00:00+02:00
600;Marginal price Day Ahead market Spain;3;Spain;5.8;2025-04-09T10:00:00+02:00
600;Marginal price Day Ahead market Spain;3;Spain;-0.01;2025-04-09T11:00:00+02:00
600;Marginal price Day Ahead market Spain;3;Spain;-0.01;2025-04-09T12:00:00+02:00
600;Marginal price Day Ahead market Spain;3;Spain;-0.02;2025-04-09T13:00:00+02:00
600;Marginal price Day Ahead market Spain;3;Spain;-0.2;2025-04-09T14:00:00+02:00
600;Marginal price Day Ahead market Spain;3;Spain;-0.5;2025-04-09T15:00:00+02:00
600;Marginal price Day Ahead market Spain;3;Spain;-0.02;2025-04-09T16:00:00+02:00
600;Marginal price Day Ahead market Spain;3;Spain;0;2025-04-09T17:00:00+02:00
600;Marginal price Day Ahead market Spain;3;Spain;9.81;2025-04-09T18:00:00+02:00
600;Marginal price Day Ahead market Spain;3;Spain;37;2025-04-09T19:00:00+02:00
600;Marginal price Day Ahead market Spain;3;Spain;70;2025-04-09T20:00:00+02:00
600;Marginal price Day Ahead market Spain;3;Spain;89;2025-04-09T21:00:00+02:00
600;Marginal price Day Ahead market Spain;3;Spain;53.96;2025-04-09T22:00:00+02:00
600;Marginal price Day Ahead market Spain;3;Spain;36.64;2025-04-09T23:00:00+02:00
600;Marginal price Day Ahead market Spain;3;Spain;33.68;2025-04-10T00:00:00+02:00
600;Marginal price Day Ahead market Spain;3;Spain;28.46;2025-04-10T01:00:00+02:00
600;Marginal price Day Ahead market Spain;3;Spain;21.46;2025-04-10T02:00:00+02:00
600;Marginal price Day Ahead market Spain;3;Spain;20.08;2025-04-10T03:00:00+02:00
600;Marginal price Day Ahead market Spain;3;Spain;18.36;2025-04-10T04:00:00+02:00
600;Marginal price Day Ahead market Spain;3;Spain;17.46;2025-04-10T05:00:00+02:00
600;Marginal price Day Ahead market Spain;3;Spain;15;2025-04-10T06:00:00+02:00
600;Marginal price Day Ahead market Spain;3;Spain;35.01;2025-04-10T07:00:00+02:00
600;Marginal price Day Ahead market Spain;3;Spain;37.5;2025-04-10T08:00:00+02:00
600;Marginal price Day Ahead market Spain;3;Spain;30.48;2025-04-10T09:00:00+02:00
600;Marginal price Day Ahead market Spain;3;Spain;10.99;2025-04-10T10:00:00+02:00
600;Marginal price Day Ahead market Spain;3;Spain;0.65;2025-04-10T11:00:00+02:00
600;Marginal price Day Ahead market Spain;3;Spain;0;2025-04-10T12:00:00+02:00
600;Marginal price Day Ahead market Spain;3;Spain;0;2025-04-10T13:00:00+02:00
600;Marginal price Day Ahead market Spain;3;Spain;-0.01;2025-04-10T14:00:00+02:00
600;Marginal price Day Ahead market Spain;3;Spain;-0.01;2025-04-10T15:00:00+02:00
600;Marginal price Day Ahead market Spain;3;Spain;0;2025-04-10T16:00:00+02:00
600;Marginal price Day Ahead market Spain;3;Spain;0;2025-04-10T17:00:00+02:00
600;Marginal price Day Ahead market Spain;3;Spain;4.99;2025-04-10T18:00:00+02:00
600;Marginal price Day Ahead market Spain;3;Spain;20.3;2025-04-10T19:00:00+02:00
600;Marginal price Day Ahead market Spain;3;Spain;38.54;2025-04-10T20:00:00+02:00
600;Marginal price Day Ahead market Spain;3;Spain;50.82;2025-04-10T21:00:00+02:00
600;Marginal price Day Ahead market Spain;3;Spain;43.3;2025-04-10T22:00:00+02:00
600;Marginal price Day Ahead market Spain;3;Spain;33.68;2025-04-10T23:00:00+02:00
600;Marginal price Day Ahead market Spain;3;Spain;21.63;2025-04-11T00:00:00+02:00
600;Marginal price Day Ahead market Spain;3;Spain;16.66;2025-04-11T01:00:00+02:00
600;Marginal price Day Ahead market Spain;3;Spain;11.98;2025-04-11T02:00:00+02:00
600;Marginal price Day Ahead market Spain;3;Spain;14;2025-04-11T03:00:00+02:00
600;Marginal price Day Ahead market Spain;3;Spain;12.51;2025-04-11T04:00:00+02:00
600;Marginal price Day Ahead market Spain;3;Spain;14;2025-04-11T05:00:00+02:00
600;Marginal price Day Ahead market Spain;3;Spain;14;2025-04-11T06:00:00+02:00
600;Marginal price Day Ahead market Spain;3;Spain;30.48;2025-04-11T07:00:00+02:00
600;Marginal price Day Ahead market Spain;3;Spain;34.37;2025-04-11T08:00:00+02:00
600;Marginal price Day Ahead market Spain;3;Spain;27.5;2025-04-11T09:00:00+02:00
600;Marginal price Day Ahead market Spain;3;Spain;12.51;2025-04-11T10:00:00+02:00
600;Marginal price Day Ahead market Spain;3;Spain;3.52;2025-04-11T11:00:00+02:00
600;Marginal price Day Ahead market Spain;3;Spain;0.01;2025-04-11T12:00:00+02:00
600;Marginal price Day Ahead market Spain;3;Spain;0;2025-04-11T13:00:00+02:00
600;Marginal price Day Ahead market Spain;3;Spain;0;2025-04-11T14:00:00+02:00
600;Marginal price Day Ahead market Spain;3;Spain;-0.01;2025-04-11T15:00:00+02:00
600;Marginal price Day Ahead market Spain;3;Spain;0.01;2025-04-11T16:00:00+02:00
600;Marginal price Day Ahead market Spain;3;Spain;3.52;2025-04-11T17:00:00+02:00
600;Marginal price Day Ahead market Spain;3;Spain;8.3;2025-04-11T18:00:00+02:00
600;Marginal price Day Ahead market Spain;3;Spain;28.46;2025-04-11T19:00:00+02:00
600;Marginal price Day Ahead market Spain;3;Spain;52.01;2025-04-11T20:00:00+02:00
600;Marginal price Day Ahead market Spain;3;Spain;58.02;2025-04-11T21:00:00+02:00
600;Marginal price Day Ahead market Spain;3;Spain;41.91;2025-04-11T22:00:00+02:00
600;Marginal price Day Ahead market Spain;3;Spain;35;2025-04-11T23:00:00+02:00
600;Marginal price Day Ahead market Spain;3;Spain;35.01;2025-04-12T00:00:00+02:00
600;Marginal price Day Ahead market Spain;3;Spain;29.24;2025-04-12T01:00:00+02:00
600;Marginal price Day Ahead market Spain;3;Spain;31.22;2025-04-12T02:00:00+02:00
600;Marginal price Day Ahead market Spain;3;Spain;29.24;2025-04-12T03:00:00+02:00
600;Marginal price Day Ahead market Spain;3;Spain;29.09;2025-04-12T04:00:00+02:00
600;Marginal price Day Ahead market Spain;3;Spain;30.38;2025-04-12T05:00:00+02:00
600;Marginal price Day Ahead market Spain;3;Spain;32.68;2025-04-12T06:00:00+02:00
600;Marginal price Day Ahead market Spain;3;Spain;29.24;2025-04-12T07:00:00+02:00
600;Marginal price Day Ahead market Spain;3;Spain;30.95;2025-04-12T08:00:00+02:00
600;Marginal price Day Ahead market Spain;3;Spain;33;2025-04-12T09:00:00+02:00
600;Marginal price Day Ahead market Spain;3;Spain;20.19;2025-04-12T10:00:00+02:00
600;Marginal price Day Ahead market Spain;3;Spain;8.01;2025-04-12T11:00:00+02:00
600;Marginal price Day Ahead market Spain;3;Spain;3.52;2025-04-12T12:00:00+02:00
600;Marginal price Day Ahead market Spain;3;Spain;1.8;2025-04-12T13:00:00+02:00
600;Marginal price Day Ahead market Spain;3;Spain;0.17;2025-04-12T14:00:00+02:00
600;Marginal price Day Ahead market Spain;3;Spain;0.01;2025-04-12T15:00:00+02:00
600;Marginal price Day Ahead market Spain;3;Spain;0.01;2025-04-12T16:00:00+02:00
600;Marginal price Day Ahead market Spain;3;Spain;18.08;2025-04-12T17:00:00+02:00
600;Marginal price Day Ahead market Spain;3;Spain;22.57;2025-04-12T18:00:00+02:00
600;Marginal price Day Ahead market Spain;3;Spain;33.84;2025-04-12T19:00:00+02:00
600;Marginal price Day Ahead market Spain;3;Spain;50.02;2025-04-12T20:00:00+02:00
600;Marginal price Day Ahead market Spain;3;Spain;79;2025-04-12T21:00:00+02:00
600;Marginal price Day Ahead market Spain;3;Spain;55.44;2025-04-12T22:00:00+02:00
600;Marginal price Day Ahead market Spain;3;Spain;45.59;2025-04-12T23:00:00+02:00
600;Marginal price Day Ahead market Spain;3;Spain;35;2025-04-13T00:00:00+02:00
600;Marginal price Day Ahead market Spain;3;Spain;35;2025-04-13T01:00:00+02:00
600;Marginal price Day Ahead market Spain;3;Spain;31.3;2025-04-13T02:00:00+02:00
600;Marginal price Day Ahead market Spain;3;Spain;20.08;2025-04-13T03:00:00+02:00
600;Marginal price Day Ahead market Spain;3;Spain;15.31;2025-04-13T04:00:00+02:00
600;Marginal price Day Ahead market Spain;3;Spain;14.99;2025-04-13T05:00:00+02:00
600;Marginal price Day Ahead market Spain;3;Spain;21.63;2025-04-13T06:00:00+02:00
600;Marginal price Day Ahead market Spain;3;Spain;27.75;2025-04-13T07:00:00+02:00
600;Marginal price Day Ahead market Spain;3;Spain;17.23;2025-04-13T08:00:00+02:00
600;Marginal price Day Ahead market Spain;3;Spain;9;2025-04-13T09:00:00+02:00
600;Marginal price Day Ahead market Spain;3;Spain;2.55;2025-04-13T10:00:00+02:00
600;Marginal price Day Ahead market Spain;3;Spain;0.18;2025-04-13T11:00:00+02:00
600;Marginal price Day Ahead market Spain;3;Spain;0;2025-04-13T12:00:00+02:00
600;Marginal price Day Ahead market Spain;3;Spain;-0.01;2025-04-13T13:00:00+02:00
600;Marginal price Day Ahead market Spain;3;Spain;-0.2;2025-04-13T14:00:00+02:00
600;Marginal price Day Ahead market Spain;3;Spain;-1.51;2025-04-13T15:00:00+02:00
600;Marginal price Day Ahead market Spain;3;Spain;-0.01;2025-04-13T16:00:00+02:00
600;Marginal price Day Ahead market Spain;3;Spain;0;2025-04-13T17:00:00+02:00
600;Marginal price Day Ahead market Spain;3;Spain;1.35;2025-04-13T18:00:00+02:00
600;Marginal price Day Ahead market Spain;3;Spain;8.24;2025-04-13T19:00:00+02:00
600;Marginal price Day Ahead market Spain;3;Spain;44.31;2025-04-13T20:00:00+02:00
600;Marginal price Day Ahead market Spain;3;Spain;60.55;2025-04-13T21:00:00+02:00
600;Marginal price Day Ahead market Spain;3;Spain;59.04;2025-04-13T22:00:00+02:00
600;Marginal price Day Ahead market Spain;3;Spain;38.5;2025-04-13T23:00:00+02:00
600;Marginal price Day Ahead market Spain;3;Spain;39.23;2025-04-14T00:00:00+02:00
600;Marginal price Day Ahead market Spain;3;Spain;38.16;2025-04-14T01:00:00+02:00
600;Marginal price Day Ahead market Spain;3;Spain;37.74;2025-04-14T02:00:00+02:00
600;Marginal price Day Ahead market Spain;3;Spain;35;2025-04-14T03:00:00+02:00
600;Marginal price Day Ahead market Spain;3;Spain;30.01;2025-04-14T04:00:00+02:00
600;Marginal price Day Ahead market Spain;3;Spain;35.01;2025-04-14T05:00:00+02:00
600;Marginal price Day Ahead market Spain;3;Spain;42.5;2025-04-14T06:00:00+02:00
600;Marginal price Day Ahead market Spain;3;Spain;68.19;2025-04-14T07:00:00+02:00
600;Marginal price Day Ahead market Spain;3;Spain;74.94;2025-04-14T08:00:00+02:00
600;Marginal price Day Ahead market Spain;3;Spain;37.74;2025-04-14T09:00:00+02:00
600;Marginal price Day Ahead market Spain;3;Spain;30.55;2025-04-14T10:00:00+02:00
600;Marginal price Day Ahead market Spain;3;Spain;7.4;2025-04-14T11:00:00+02:00
600;Marginal price Day Ahead market Spain;3;Spain;3.52;2025-04-14T12:00:00+02:00
600;Marginal price Day Ahead market Spain;3;Spain;0.65;2025-04-14T13:00:00+02:00
600;Marginal price Day Ahead market Spain;3;Spain;0;2025-04-14T14:00:00+02:00
600;Marginal price Day Ahead market Spain;3;Spain;0;2025-04-14T15:00:00+02:00
600;Marginal price Day Ahead market Spain;3;Spain;0;2025-04-14T16:00:00+02:00
600;Marginal price Day Ahead market Spain;3;Spain;0;2025-04-14T17:00:00+02:00
600;Marginal price Day Ahead market Spain;3;Spain;0.65;2025-04-14T18:00:00+02:00
600;Marginal price Day Ahead market Spain;3;Spain;4.99;2025-04-14T19:00:00+02:00
600;Marginal price Day Ahead market Spain;3;Spain;35;2025-04-14T20:00:00+02:00
600;Marginal price Day Ahead market Spain;3;Spain;35;2025-04-14T21:00:00+02:00
600;Marginal price Day Ahead market Spain;3;Spain;19.75;2025-04-14T22:00:00+02:00
600;Marginal price Day Ahead market Spain;3;Spain;13;2025-04-14T23:00:00+02:00
600;Marginal price Day Ahead market Spain;3;Spain;14;2025-04-15T00:00:00+02:00
600;Marginal price Day Ahead market Spain;3;Spain;7.5;2025-04-15T01:00:00+02:00
600;Marginal price Day Ahead market Spain;3;Spain;5.64;2025-04-15T02:00:00+02:00
600;Marginal price Day Ahead market Spain;3;Spain;4.5;2025-04-15T03:00:00+02:00
600;Marginal price Day Ahead market Spain;3;Spain;3.6;2025-04-15T04:00:00+02:00
600;Marginal price Day Ahead market Spain;3;Spain;7.08;2025-04-15T05:00:00+02:00
600;Marginal price Day Ahead market Spain;3;Spain;20.08;2025-04-15T06:00:00+02:00
600;Marginal price Day Ahead market Spain;3;Spain;34.45;2025-04-15T07:00:00+02:00
600;Marginal price Day Ahead market Spain;3;Spain;35;2025-04-15T08:00:00+02:00
600;Marginal price Day Ahead market Spain;3;Spain;18.74;2025-04-15T09:00:00+02:00
600;Marginal price Day Ahead market Spain;3;Spain;5.5;2025-04-15T10:00:00+02:00
600;Marginal price Day Ahead market Spain;3;Spain;3.52;2025-04-15T11:00:00+02:00
600;Marginal price Day Ahead market Spain;3;Spain;0.08;2025-04-15T12:00:00+02:00
600;Marginal price Day Ahead market Spain;3;Spain;0;2025-04-15T13:00:00+02:00
600;Marginal price Day Ahead market Spain;3;Spain;-0.01;2025-04-15T14:00:00+02:00
600;Marginal price Day Ahead market Spain;3;Spain;-0.01;2025-04-15T15:00:00+02:00
600;Marginal price Day Ahead market Spain;3;Spain;-0.01;2025-04-15T16:00:00+02:00
600;Marginal price Day Ahead market Spain;3;Spain;0;2025-04-15T17:00:00+02:00
600;Marginal price Day Ahead market Spain;3;Spain;2.55;2025-04-15T18:00:00+02:00
600;Marginal price Day Ahead market Spain;3;Spain;7.5;2025-04-15T19:00:00+02:00
600;Marginal price Day Ahead market Spain;3;Spain;33.47;2025-04-15T20:00:00+02:00
600;Marginal price Day Ahead market Spain;3;Spain;35;2025-04-15T21:00:00+02:00
600;Marginal price Day Ahead market Spain;3;Spain;21.96;2025-04-15T22:00:00+02:00
600;Marginal price Day Ahead market Spain;3;Spain;21.46;2025-04-15T23:00:00+02:00
600;Marginal price Day Ahead market Spain;3;Spain;16.22;2025-04-16T00:00:00+02:00
600;Marginal price Day Ahead market Spain;3;Spain;16.22;2025-04-16T01:00:00+02:00
600;Marginal price Day Ahead market Spain;3;Spain;15;2025-04-16T02:00:00+02:00
600;Marginal price Day Ahead market Spain;3;Spain;12.96;2025-04-16T03:00:00+02:00
600;Marginal price Day Ahead market Spain;3;Spain;6;2025-04-16T04:00:00+02:00
600;Marginal price Day Ahead market Spain;3;Spain;6.99;2025-04-16T05:00:00+02:00
600;Marginal price Day Ahead market Spain;3;Spain;15.98;2025-04-16T06:00:00+02:00
600;Marginal price Day Ahead market Spain;3;Spain;17.46;2025-04-16T07:00:00+02:00
600;Marginal price Day Ahead market Spain;3;Spain;15;2025-04-16T08:00:00+02:00
600;Marginal price Day Ahead market Spain;3;Spain;3.8;2025-04-16T09:00:00+02:00
600;Marginal price Day Ahead market Spain;3;Spain;0.66;2025-04-16T10:00:00+02:00
600;Marginal price Day Ahead market Spain;3;Spain;0;2025-04-16T11:00:00+02:00
600;Marginal price Day Ahead market Spain;3;Spain;0;2025-04-16T12:00:00+02:00
600;Marginal price Day Ahead market Spain;3;Spain;0;2025-04-16T13:00:00+02:00
600;Marginal price Day Ahead market Spain;3;Spain;0;2025-04-16T14:00:00+02:00
600;Marginal price Day Ahead market Spain;3;Spain;-0.01;2025-04-16T15:00:00+02:00
600;Marginal price Day Ahead market Spain;3;Spain;-0.01;2025-04-16T16:00:00+02:00
600;Marginal price Day Ahead market Spain;3;Spain;0;2025-04-16T17:00:00+02:00
600;Marginal price Day Ahead market Spain;3;Spain;0.65;2025-04-16T18:00:00+02:00
600;Marginal price Day Ahead market Spain;3;Spain;6.1;2025-04-16T19:00:00+02:00
600;Marginal price Day Ahead market Spain;3;Spain;30.92;2025-04-16T20:00:00+02:00
600;Marginal price Day Ahead market Spain;3;Spain;69.21;2025-04-16T21:00:00+02:00
600;Marginal price Day Ahead market Spain;3;Spain;36;2025-04-16T22:00:00+02:00
600;Marginal price Day Ahead market Spain;3;Spain;22.15;2025-04-16T23:00:00+02:00
600;Marginal price Day Ahead market Spain;3;Spain;20.19;2025-04-17T00:00:00+02:00
600;Marginal price Day Ahead market Spain;3;Spain;16.22;2025-04-17T01:00:00+02:00
600;Marginal price Day Ahead market Spain;3;Spain;15.98;2025-04-17T02:00:00+02:00
600;Marginal price Day Ahead market Spain;3;Spain;15.88;2025-04-17T03:00:00+02:00
600;Marginal price Day Ahead market Spain;3;Spain;15.5;2025-04-17T04:00:00+02:00
600;Marginal price Day Ahead market Spain;3;Spain;15.5;2025-04-17T05:00:00+02:00
600;Marginal price Day Ahead market Spain;3;Spain;16.46;2025-04-17T06:00:00+02:00
600;Marginal price Day Ahead market Spain;3;Spain;22.48;2025-04-17T07:00:00+02:00
600;Marginal price Day Ahead market Spain;3;Spain;19.97;2025-04-17T08:00:00+02:00
600;Marginal price Day Ahead market Spain;3;Spain;9.5;2025-04-17T09:00:00+02:00
600;Marginal price Day Ahead market Spain;3;Spain;3.52;2025-04-17T10:00:00+02:00
600;Marginal price Day Ahead market Spain;3;Spain;1.49;2025-04-17T11:00:00+02:00
600;Marginal price Day Ahead market Spain;3;Spain;0;2025-04-17T12:00:00+02:00
600;Marginal price Day Ahead market Spain;3;Spain;0;2025-04-17T13:00:00+02:00
600;Marginal price Day Ahead market Spain;3;Spain;0;2025-04-17T14:00:00+02:00
600;Marginal price Day Ahead market Spain;3;Spain;0;2025-04-17T15:00:00+02:00
600;Marginal price Day Ahead market Spain;3;Spain;0;2025-04-17T16:00:00+02:00
600;Marginal price Day Ahead market Spain;3;Spain;0;2025-04-17T17:00:00+02:00
600;Marginal price Day Ahead market Spain;3;Spain;3.52;2025-04-17T18:00:00+02:00
600;Marginal price Day Ahead market Spain;3;Spain;20.08;2025-04-17T19:00:00+02:00
600;Marginal price Day Ahead market Spain;3;Spain;72.83;2025-04-17T20:00:00+02:00
600;Marginal price Day Ahead market Spain;3;Spain;107.5;2025-04-17T21:00:00+02:00
600;Marginal price Day Ahead market Spain;3;Spain;87.56;2025-04-17T22:00:00+02:00
600;Marginal price Day Ahead market Spain;3;Spain;62.4;2025-04-17T23:00:00+02:00
600;Marginal price Day Ahead market Spain;3;Spain;36;2025-04-18T00:00:00+02:00
600;Marginal price Day Ahead market Spain;3;Spain;21.53;2025-04-18T01:00:00+02:00
600;Marginal price Day Ahead market Spain;3;Spain;20.26;2025-04-18T02:00:00+02:00
600;Marginal price Day Ahead market Spain;3;Spain;20.57;2025-04-18T03:00:00+02:00
600;Marginal price Day Ahead market Spain;3;Spain;20.57;2025-04-18T04:00:00+02:00
600;Marginal price Day Ahead market Spain;3;Spain;20.26;2025-04-18T05:00:00+02:00
600;Marginal price Day Ahead market Spain;3;Spain;15.55;2025-04-18T06:00:00+02:00
600;Marginal price Day Ahead market Spain;3;Spain;18.98;2025-04-18T07:00:00+02:00
600;Marginal price Day Ahead market Spain;3;Spain;12.05;2025-04-18T08:00:00+02:00
600;Marginal price Day Ahead market Spain;3;Spain;4.31;2025-04-18T09:00:00+02:00
600;Marginal price Day Ahead market Spain;3;Spain;2;2025-04-18T10:00:00+02:00
600;Marginal price Day Ahead market Spain;3;Spain;0;2025-04-18T11:00:00+02:00
600;Marginal price Day Ahead market Spain;3;Spain;-0.3;2025-04-18T12:00:00+02:00
600;Marginal price Day Ahead market Spain;3;Spain;-0.79;2025-04-18T13:00:00+02:00
600;Marginal price Day Ahead market Spain;3;Spain;-1.16;2025-04-18T14:00:00+02:00
600;Marginal price Day Ahead market Spain;3;Spain;-1.54;2025-04-18T15:00:00+02:00
600;Marginal price Day Ahead market Spain;3;Spain;-1.54;2025-04-18T16:00:00+02:00
600;Marginal price Day Ahead market Spain;3;Spain;-1.51;2025-04-18T17:00:00+02:00
600;Marginal price Day Ahead market Spain;3;Spain;0;2025-04-18T18:00:00+02:00
600;Marginal price Day Ahead market Spain;3;Spain;3.52;2025-04-18T19:00:00+02:00
600;Marginal price Day Ahead market Spain;3;Spain;21.53;2025-04-18T20:00:00+02:00
600;Marginal price Day Ahead market Spain;3;Spain;35;2025-04-18T21:00:00+02:00
600;Marginal price Day Ahead market Spain;3;Spain;30;2025-04-18T22:00:00+02:00
600;Marginal price Day Ahead market Spain;3;Spain;21.05;2025-04-18T23:00:00+02:00
600;Marginal price Day Ahead market Spain;3;Spain;8;2025-04-19T00:00:00+02:00
600;Marginal price Day Ahead market Spain;3;Spain;4.83;2025-04-19T01:00:00+02:00
600;Marginal price Day Ahead market Spain;3;Spain;3.83;2025-04-19T02:00:00+02:00
600;Marginal price Day Ahead market Spain;3;Spain;3.52;2025-04-19T03:00:00+02:00
600;Marginal price Day Ahead market Spain;3;Spain;3.52;2025-04-19T04:00:00+02:00
600;Marginal price Day Ahead market Spain;3;Spain;3.52;2025-04-19T05:00:00+02:00
600;Marginal price Day Ahead market Spain;3;Spain;3.52;2025-04-19T06:00:00+02:00
600;Marginal price Day Ahead market Spain;3;Spain;3.52;2025-04-19T07:00:00+02:00
600;Marginal price Day Ahead market Spain;3;Spain;2.4;2025-04-19T08:00:00+02:00
600;Marginal price Day Ahead market Spain;3;Spain;0;2025-04-19T09:00:00+02:00
600;Marginal price Day Ahead market Spain;3;Spain;-0.79;2025-04-19T10:00:00+02:00
600;Marginal price Day Ahead market Spain;3;Spain;-1.54;2025-04-19T11:00:00+02:00
600;Marginal price Day Ahead market Spain;3;Spain;-1.54;2025-04-19T12:00:00+02:00
600;Marginal price Day Ahead market Spain;3;Spain;-2.2;2025-04-19T13:00:00+02:00
600;Marginal price Day Ahead market Spain;3;Spain;-3;2025-04-19T14:00:00+02:00
600;Marginal price Day Ahead market Spain;3;Spain;-4;2025-04-19T15:00:00+02:00
600;Marginal price Day Ahead market Spain;3;Spain;-4;2025-04-19T16:00:00+02:00
600;Marginal price Day Ahead market Spain;3;Spain;-3;2025-04-19T17:00:00+02:00
600;Marginal price Day Ahead market Spain;3;Spain;-1.54;2025-04-19T18:00:00+02:00
600;Marginal price Day Ahead market Spain;3;Spain;0;2025-04-19T19:00:00+02:00
600;Marginal price Day Ahead market Spain;3;Spain;2.78;2025-04-19T20:00:00+02:00
600;Marginal price Day Ahead market Spain;3;Spain;8;2025-04-19T21:00:00+02:00
600;Marginal price Day Ahead market Spain;3;Spain;7.55;2025-04-19T22:00:00+02:00
600;Marginal price Day Ahead market Spain;3;Spain;8;2025-04-19T23:00:00+02:00
600;Marginal price Day Ahead market Spain;3;Spain;3.52;2025-04-20T00:00:00+02:00
600;Marginal price Day Ahead market Spain;3;Spain;2.78;2025-04-20T01:00:00+02:00
600;Marginal price Day Ahead market Spain;3;Spain;2.1;2025-04-20T02:00:00+02:00
600;Marginal price Day Ahead market Spain;3;Spain;2.17;2025-04-20T03:00:00+02:00
600;Marginal price Day Ahead market Spain;3;Spain;3;2025-04-20T04:00:00+02:00
600;Marginal price Day Ahead market Spain;3;Spain;3.52;2025-04-20T05:00:00+02:00
600;Marginal price Day Ahead market Spain;3;Spain;3.52;2025-04-20T06:00:00+02:00
600;Marginal price Day Ahead market Spain;3;Spain;7;2025-04-20T07:00:00+02:00
600;Marginal price Day Ahead market Spain;3;Spain;3.52;2025-04-20T08:00:00+02:00
600;Marginal price Day Ahead market Spain;3;Spain;1.6;2025-04-20T09:00:00+02:00
600;Marginal price Day Ahead market Spain;3;Spain;0;2025-04-20T10:00:00+02:00
600;Marginal price Day Ahead market Spain;3;Spain;-0.02;2025-04-20T11:00:00+02:00
600;Marginal price Day Ahead market Spain;3;Spain;-0.99;2025-04-20T12:00:00+02:00
600;Marginal price Day Ahead market Spain;3;Spain;-4;2025-04-20T13:00:00+02:00
600;Marginal price Day Ahead market Spain;3;Spain;-4.99;2025-04-20T14:00:00+02:00
600;Marginal price Day Ahead market Spain;3;Spain;-4.2;2025-04-20T15:00:00+02:00
600;Marginal price Day Ahead market Spain;3;Spain;-1.54;2025-04-20T16:00:00+02:00
600;Marginal price Day Ahead market Spain;3;Spain;-1.54;2025-04-20T17:00:00+02:00
600;Marginal price Day Ahead market Spain;3;Spain;-0.3;2025-04-20T18:00:00+02:00
600;Marginal price Day Ahead market Spain;3;Spain;3.05;2025-04-20T19:00:00+02:00
600;Marginal price Day Ahead market Spain;3;Spain;35.99;2025-04-20T20:00:00+02:00
600;Marginal price Day Ahead market Spain;3;Spain;82.3;2025-04-20T21:00:00+02:00
600;Marginal price Day Ahead market Spain;3;Spain;80.5;2025-04-20T22:00:00+02:00
600;Marginal price Day Ahead market Spain;3;Spain;40;2025-04-20T23:00:00+02:00
600;Marginal price Day Ahead market Spain;3;Spain;39;2025-04-21T00:00:00+02:00
600;Marginal price Day Ahead market Spain;3;Spain;25.5;2025-04-21T01:00:00+02:00
600;Marginal price Day Ahead market Spain;3;Spain;23.66;2025-04-21T02:00:00+02:00
600;Marginal price Day Ahead market Spain;3;Spain;22.5;2025-04-21T03:00:00+02:00
600;Marginal price Day Ahead market Spain;3;Spain;25;2025-04-21T04:00:00+02:00
600;Marginal price Day Ahead market Spain;3;Spain;29.97;2025-04-21T05:00:00+02:00
600;Marginal price Day Ahead market Spain;3;Spain;60.05;2025-04-21T06:00:00+02:00
600;Marginal price Day Ahead market Spain;3;Spain;72.13;2025-04-21T07:00:00+02:00
600;Marginal price Day Ahead market Spain;3;Spain;65.12;2025-04-21T08:00:00+02:00
600;Marginal price Day Ahead market Spain;3;Spain;33.98;2025-04-21T09:00:00+02:00
600;Marginal price Day Ahead market Spain;3;Spain;25.74;2025-04-21T10:00:00+02:00
600;Marginal price Day Ahead market Spain;3;Spain;15;2025-04-21T11:00:00+02:00
600;Marginal price Day Ahead market Spain;3;Spain;11.83;2025-04-21T12:00:00+02:00
600;Marginal price Day Ahead market Spain;3;Spain;8.12;2025-04-21T13:00:00+02:00
600;Marginal price Day Ahead market Spain;3;Spain;6.56;2025-04-21T14:00:00+02:00
600;Marginal price Day Ahead market Spain;3;Spain;9.27;2025-04-21T15:00:00+02:00
600;Marginal price Day Ahead market Spain;3;Spain;11.94;2025-04-21T16:00:00+02:00
600;Marginal price Day Ahead market Spain;3;Spain;20.33;2025-04-21T17:00:00+02:00
600;Marginal price Day Ahead market Spain;3;Spain;44.86;2025-04-21T18:00:00+02:00
600;Marginal price Day Ahead market Spain;3;Spain;107.78;2025-04-21T19:00:00+02:00
600;Marginal price Day Ahead market Spain;3;Spain;134.09;2025-04-21T20:00:00+02:00
600;Marginal price Day Ahead market Spain;3;Spain;160;2025-04-21T21:00:00+02:00
600;Marginal price Day Ahead market Spain;3;Spain;122.77;2025-04-21T22:00:00+02:00
600;Marginal price Day Ahead market Spain;3;Spain;102.93;2025-04-21T23:00:00+02:00
600;Marginal price Day Ahead market Spain;3;Spain;85.1;2025-04-22T00:00:00+02:00
600;Marginal price Day Ahead market Spain;3;Spain;76.05;2025-04-22T01:00:00+02:00
600;Marginal price Day Ahead market Spain;3;Spain;71.73;2025-04-22T02:00:00+02:00
600;Marginal price Day Ahead market Spain;3;Spain;70.41;2025-04-22T03:00:00+02:00
600;Marginal price Day Ahead market Spain;3;Spain;73.06;2025-04-22T04:00:00+02:00
600;Marginal price Day Ahead market Spain;3;Spain;66;2025-04-22T05:00:00+02:00
600;Marginal price Day Ahead market Spain;3;Spain;84.48;2025-04-22T06:00:00+02:00
600;Marginal price Day Ahead market Spain;3;Spain;120.62;2025-04-22T07:00:00+02:00
600;Marginal price Day Ahead market Spain;3;Spain;126.6;2025-04-22T08:00:00+02:00
600;Marginal price Day Ahead market Spain;3;Spain;83.51;2025-04-22T09:00:00+02:00
600;Marginal price Day Ahead market Spain;3;Spain;69.7;2025-04-22T10:00:00+02:00
600;Marginal price Day Ahead market Spain;3;Spain;45;2025-04-22T11:00:00+02:00
600;Marginal price Day Ahead market Spain;3;Spain;30;2025-04-22T12:00:00+02:00
600;Marginal price Day Ahead market Spain;3;Spain;20.37;2025-04-22T13:00:00+02:00
600;Marginal price Day Ahead market Spain;3;Spain;15;2025-04-22T14:00:00+02:00
600;Marginal price Day Ahead market Spain;3;Spain;5.11;2025-04-22T15:00:00+02:00
600;Marginal price Day Ahead market Spain;3;Spain;4.31;2025-04-22T16:00:00+02:00
600;Marginal price Day Ahead market Spain;3;Spain;5.79;2025-04-22T17:00:00+02:00
600;Marginal price Day Ahead market Spain;3;Spain;21.7;2025-04-22T18:00:00+02:00
600;Marginal price Day Ahead market Spain;3;Spain;60;2025-04-22T19:00:00+02:00
600;Marginal price Day Ahead market Spain;3;Spain;99.99;2025-04-22T20:00:00+02:00
600;Marginal price Day Ahead market Spain;3;Spain;130.04;2025-04-22T21:00:00+02:00
600;Marginal price Day Ahead market Spain;3;Spain;105.03;2025-04-22T22:00:00+02:00
600;Marginal price Day Ahead market Spain;3;Spain;75.81;2025-04-22T23:00:00+02:00
600;Marginal price Day Ahead market Spain;3;Spain;72.84;2025-04-23T00:00:00+02:00
600;Marginal price Day Ahead market Spain;3;Spain;62.4;2025-04-23T01:00:00+02:00
600;Marginal price Day Ahead market Spain;3;Spain;60.98;2025-04-23T02:00:00+02:00
600;Marginal price Day Ahead market Spain;3;Spain;53.17;2025-04-23T03:00:00+02:00
600;Marginal price Day Ahead market Spain;3;Spain;50.92;2025-04-23T04:00:00+02:00
600;Marginal price Day Ahead market Spain;3;Spain;53.17;2025-04-23T05:00:00+02:00
600;Marginal price Day Ahead market Spain;3;Spain;73;2025-04-23T06:00:00+02:00
600;Marginal price Day Ahead market Spain;3;Spain;80.24;2025-04-23T07:00:00+02:00
600;Marginal price Day Ahead market Spain;3;Spain;67.11;2025-04-23T08:00:00+02:00
600;Marginal price Day Ahead market Spain;3;Spain;45;2025-04-23T09:00:00+02:00
600;Marginal price Day Ahead market Spain;3;Spain;11.5;2025-04-23T10:00:00+02:00
600;Marginal price Day Ahead market Spain;3;Spain;4.31;2025-04-23T11:00:00+02:00
600;Marginal price Day Ahead market Spain;3;Spain;0.65;2025-04-23T12:00:00+02:00
600;Marginal price Day Ahead market Spain;3;Spain;0.28;2025-04-23T13:00:00+02:00
600;Marginal price Day Ahead market Spain;3;Spain;0;2025-04-23T14:00:00+02:00
600;Marginal price Day Ahead market Spain;3;Spain;0;2025-04-23T15:00:00+02:00
600;Marginal price Day Ahead market Spain;3;Spain;0;2025-04-23T16:00:00+02:00
600;Marginal price Day Ahead market Spain;3;Spain;0;2025-04-23T17:00:00+02:00
600;Marginal price Day Ahead market Spain;3;Spain;3.52;2025-04-23T18:00:00+02:00
600;Marginal price Day Ahead market Spain;3;Spain;31.24;2025-04-23T19:00:00+02:00
600;Marginal price Day Ahead market Spain;3;Spain;88.73;2025-04-23T20:00:00+02:00
600;Marginal price Day Ahead market Spain;3;Spain;116.7;2025-04-23T21:00:00+02:00
600;Marginal price Day Ahead market Spain;3;Spain;105.58;2025-04-23T22:00:00+02:00
600;Marginal price Day Ahead market Spain;3;Spain;80.24;2025-04-23T23:00:00+02:00
600;Marginal price Day Ahead market Spain;3;Spain;75.24;2025-04-24T00:00:00+02:00
600;Marginal price Day Ahead market Spain;3;Spain;55.89;2025-04-24T01:00:00+02:00
600;Marginal price Day Ahead market Spain;3;Spain;45.5;2025-04-24T02:00:00+02:00
600;Marginal price Day Ahead market Spain;3;Spain;47.46;2025-04-24T03:00:00+02:00
600;Marginal price Day Ahead market Spain;3;Spain;47.46;2025-04-24T04:00:00+02:00
600;Marginal price Day Ahead market Spain;3;Spain;53.17;2025-04-24T05:00:00+02:00
600;Marginal price Day Ahead market Spain;3;Spain;65.74;2025-04-24T06:00:00+02:00
600;Marginal price Day Ahead market Spain;3;Spain;95;2025-04-24T07:00:00+02:00
600;Marginal price Day Ahead market Spain;3;Spain;71.33;2025-04-24T08:00:00+02:00
600;Marginal price Day Ahead market Spain;3;Spain;19.97;2025-04-24T09:00:00+02:00
600;Marginal price Day Ahead market Spain;3;Spain;0.65;2025-04-24T10:00:00+02:00
600;Marginal price Day Ahead market Spain;3;Spain;0;2025-04-24T11:00:00+02:00
600;Marginal price Day Ahead market Spain;3;Spain;-0.01;2025-04-24T12:00:00+02:00
600;Marginal price Day Ahead market Spain;3;Spain;-0.01;2025-04-24T13:00:00+02:00
600;Marginal price Day Ahead market Spain;3;Spain;-0.01;2025-04-24T14:00:00+02:00
600;Marginal price Day Ahead market Spain;3;Spain;-0.01;2025-04-24T15:00:00+02:00
600;Marginal price Day Ahead market Spain;3;Spain;-0.01;2025-04-24T16:00:00+02:00
600;Marginal price Day Ahead market Spain;3;Spain;0;2025-04-24T17:00:00+02:00
600;Marginal price Day Ahead market Spain;3;Spain;3.52;2025-04-24T18:00:00+02:00
600;Marginal price Day Ahead market Spain;3;Spain;47.46;2025-04-24T19:00:00+02:00
600;Marginal price Day Ahead market Spain;3;Spain;102.35;2025-04-24T20:00:00+02:00
600;Marginal price Day Ahead market Spain;3;Spain;114.48;2025-04-24T21:00:00+02:00
600;Marginal price Day Ahead market Spain;3;Spain;106.53;2025-04-24T22:00:00+02:00
600;Marginal price Day Ahead market Spain;3;Spain;93.1;2025-04-24T23:00:00+02:00
600;Marginal price Day Ahead market Spain;3;Spain;74.24;2025-04-25T00:00:00+02:00
600;Marginal price Day Ahead market Spain;3;Spain;65.01;2025-04-25T01:00:00+02:00
600;Marginal price Day Ahead market Spain;3;Spain;69.39;2025-04-25T02:00:00+02:00
600;Marginal price Day Ahead market Spain;3;Spain;61.31;2025-04-25T03:00:00+02:00
600;Marginal price Day Ahead market Spain;3;Spain;65.2;2025-04-25T04:00:00+02:00
600;Marginal price Day Ahead market Spain;3;Spain;72.99;2025-04-25T05:00:00+02:00
600;Marginal price Day Ahead market Spain;3;Spain;92.52;2025-04-25T06:00:00+02:00
600;Marginal price Day Ahead market Spain;3;Spain;113.39;2025-04-25T07:00:00+02:00
600;Marginal price Day Ahead market Spain;3;Spain;99;2025-04-25T08:00:00+02:00
600;Marginal price Day Ahead market Spain;3;Spain;40.5;2025-04-25T09:00:00+02:00
600;Marginal price Day Ahead market Spain;3;Spain;15;2025-04-25T10:00:00+02:00
600;Marginal price Day Ahead market Spain;3;Spain;0.65;2025-04-25T11:00:00+02:00
600;Marginal price Day Ahead market Spain;3;Spain;0;2025-04-25T12:00:00+02:00
600;Marginal price Day Ahead market Spain;3;Spain;0;2025-04-25T13:00:00+02:00
600;Marginal price Day Ahead market Spain;3;Spain;-0.01;2025-04-25T14:00:00+02:00
600;Marginal price Day Ahead market Spain;3;Spain;-0.12;2025-04-25T15:00:00+02:00
600;Marginal price Day Ahead market Spain;3;Spain;-0.21;2025-04-25T16:00:00+02:00
600;Marginal price Day Ahead market Spain;3;Spain;-0.01;2025-04-25T17:00:00+02:00
600;Marginal price Day Ahead market Spain;3;Spain;0;2025-04-25T18:00:00+02:00
600;Marginal price Day Ahead market Spain;3;Spain;20.08;2025-04-25T19:00:00+02:00
600;Marginal price Day Ahead market Spain;3;Spain;79.5;2025-04-25T20:00:00+02:00
600;Marginal price Day Ahead market Spain;3;Spain;109.63;2025-04-25T21:00:00+02:00
600;Marginal price Day Ahead market Spain;3;Spain;77;2025-04-25T22:00:00+02:00
600;Marginal price Day Ahead market Spain;3;Spain;40.7;2025-04-25T23:00:00+02:00
600;Marginal price Day Ahead market Spain;3;Spain;19.86;2025-04-26T00:00:00+02:00
600;Marginal price Day Ahead market Spain;3;Spain;7.83;2025-04-26T01:00:00+02:00
600;Marginal price Day Ahead market Spain;3;Spain;5.3;2025-04-26T02:00:00+02:00
600;Marginal price Day Ahead market Spain;3;Spain;7.11;2025-04-26T03:00:00+02:00
600;Marginal price Day Ahead market Spain;3;Spain;7.11;2025-04-26T04:00:00+02:00
600;Marginal price Day Ahead market Spain;3;Spain;5.3;2025-04-26T05:00:00+02:00
600;Marginal price Day Ahead market Spain;3;Spain;8.5;2025-04-26T06:00:00+02:00
600;Marginal price Day Ahead market Spain;3;Spain;15.5;2025-04-26T07:00:00+02:00
600;Marginal price Day Ahead market Spain;3;Spain;6.98;2025-04-26T08:00:00+02:00
600;Marginal price Day Ahead market Spain;3;Spain;0;2025-04-26T09:00:00+02:00
600;Marginal price Day Ahead market Spain;3;Spain;-0.51;2025-04-26T10:00:00+02:00
600;Marginal price Day Ahead market Spain;3;Spain;-1.54;2025-04-26T11:00:00+02:00
600;Marginal price Day Ahead market Spain;3;Spain;-2;2025-04-26T12:00:00+02:00
600;Marginal price Day Ahead market Spain;3;Spain;-2;2025-04-26T13:00:00+02:00
600;Marginal price Day Ahead market Spain;3;Spain;-3;2025-04-26T14:00:00+02:00
600;Marginal price Day Ahead market Spain;3;Spain;-3;2025-04-26T15:00:00+02:00
600;Marginal price Day Ahead market Spain;3;Spain;-3.03;2025-04-26T16:00:00+02:00
600;Marginal price Day Ahead market Spain;3;Spain;-2.5;2025-04-26T17:00:00+02:00
600;Marginal price Day Ahead market Spain;3;Spain;-1.54;2025-04-26T18:00:00+02:00
600;Marginal price Day Ahead market Spain;3;Spain;0;2025-04-26T19:00:00+02:00
600;Marginal price Day Ahead market Spain;3;Spain;11;2025-04-26T20:00:00+02:00
600;Marginal price Day Ahead market Spain;3;Spain;23.04;2025-04-26T21:00:00+02:00
600;Marginal price Day Ahead market Spain;3;Spain;18.45;2025-04-26T22:00:00+02:00
600;Marginal price Day Ahead market Spain;3;Spain;16.08;2025-04-26T23:00:00+02:00
600;Marginal price Day Ahead market Spain;3;Spain;14;2025-04-27T00:00:00+02:00
600;Marginal price Day Ahead market Spain;3;Spain;5.11;2025-04-27T01:00:00+02:00
600;Marginal price Day Ahead market Spain;3;Spain;3.6;2025-04-27T02:00:00+02:00
600;Marginal price Day Ahead market Spain;3;Spain;3.52;2025-04-27T03:00:00+02:00
600;Marginal price Day Ahead market Spain;3;Spain;3.52;2025-04-27T04:00:00+02:00
600;Marginal price Day Ahead market Spain;3;Spain;3.52;2025-04-27T05:00:00+02:00
600;Marginal price Day Ahead market Spain;3;Spain;3.6;2025-04-27T06:00:00+02:00
600;Marginal price Day Ahead market Spain;3;Spain;3.52;2025-04-27T07:00:00+02:00
600;Marginal price Day Ahead market Spain;3;Spain;0;2025-04-27T08:00:00+02:00
600;Marginal price Day Ahead market Spain;3;Spain;-1.51;2025-04-27T09:00:00+02:00
600;Marginal price Day Ahead market Spain;3;Spain;-3;2025-04-27T10:00:00+02:00
600;Marginal price Day Ahead market Spain;3;Spain;-5;2025-04-27T11:00:00+02:00
600;Marginal price Day Ahead market Spain;3;Spain;-5;2025-04-27T12:00:00+02:00
600;Marginal price Day Ahead market Spain;3;Spain;-5.8;2025-04-27T13:00:00+02:00
600;Marginal price Day Ahead market Spain;3;Spain;-5.8;2025-04-27T14:00:00+02:00
600;Marginal price Day Ahead market Spain;3;Spain;-6.01;2025-04-27T15:00:00+02:00
600;Marginal price Day Ahead market Spain;3;Spain;-5.17;2025-04-27T16:00:00+02:00
600;Marginal price Day Ahead market Spain;3;Spain;-3.02;2025-04-27T17:00:00+02:00
600;Marginal price Day Ahead market Spain;3;Spain;-0.99;2025-04-27T18:00:00+02:00
600;Marginal price Day Ahead market Spain;3;Spain;3.52;2025-04-27T19:00:00+02:00
600;Marginal price Day Ahead market Spain;3;Spain;35;2025-04-27T20:00:00+02:00
600;Marginal price Day Ahead market Spain;3;Spain;100.7;2025-04-27T21:00:00+02:00
600;Marginal price Day Ahead market Spain;3;Spain;85.14;2025-04-27T22:00:00+02:00
600;Marginal price Day Ahead market Spain;3;Spain;40;2025-04-27T23:00:00+02:00
600;Marginal price Day Ahead market Spain;3;Spain;24.63;2025-04-28T00:00:00+02:00
600;Marginal price Day Ahead market Spain;3;Spain;16.3;2025-04-28T01:00:00+02:00
600;Marginal price Day Ahead market Spain;3;Spain;18.1;2025-04-28T02:00:00+02:00
600;Marginal price Day Ahead market Spain;3;Spain;18;2025-04-28T03:00:00+02:00
600;Marginal price Day Ahead market Spain;3;Spain;18;2025-04-28T04:00:00+02:00
600;Marginal price Day Ahead market Spain;3;Spain;25;2025-04-28T05:00:00+02:00
600;Marginal price Day Ahead market Spain;3;Spain;25;2025-04-28T06:00:00+02:00
600;Marginal price Day Ahead market Spain;3;Spain;47.94;2025-04-28T07:00:00+02:00
600;Marginal price Day Ahead market Spain;3;Spain;33;2025-04-28T08:00:00+02:00
600;Marginal price Day Ahead market Spain;3;Spain;3.52;2025-04-28T09:00:00+02:00
600;Marginal price Day Ahead market Spain;3;Spain;0;2025-04-28T10:00:00+02:00
600;Marginal price Day Ahead market Spain;3;Spain;-0.01;2025-04-28T11:00:00+02:00
600;Marginal price Day Ahead market Spain;3;Spain;-1.01;2025-04-28T12:00:00+02:00
600;Marginal price Day Ahead market Spain;3;Spain;-2.5;2025-04-28T13:00:00+02:00
600;Marginal price Day Ahead market Spain;3;Spain;-3;2025-04-28T14:00:00+02:00
600;Marginal price Day Ahead market Spain;3;Spain;-1.54;2025-04-28T15:00:00+02:00
600;Marginal price Day Ahead market Spain;3;Spain;-0.3;2025-04-28T16:00:00+02:00
600;Marginal price Day Ahead market Spain;3;Spain;-0.01;2025-04-28T17:00:00+02:00
600;Marginal price Day Ahead market Spain;3;Spain;0.01;2025-04-28T18:00:00+02:00
600;Marginal price Day Ahead market Spain;3;Spain;5.2;2025-04-28T19:00:00+02:00
600;Marginal price Day Ahead market Spain;3;Spain;40.7;2025-04-28T20:00:00+02:00
600;Marginal price Day Ahead market Spain;3;Spain;80.8;2025-04-28T21:00:00+02:00
600;Marginal price Day Ahead market Spain;3;Spain;61.15;2025-04-28T22:00:00+02:00
600;Marginal price Day Ahead market Spain;3;Spain;35;2025-04-28T23:00:00+02:00
600;Marginal price Day Ahead market Spain;3;Spain;6.77;2025-04-29T00:00:00+02:00
600;Marginal price Day Ahead market Spain;3;Spain;3.52;2025-04-29T01:00:00+02:00
600;Marginal price Day Ahead market Spain;3;Spain;3.52;2025-04-29T02:00:00+02:00
600;Marginal price Day Ahead market Spain;3;Spain;3.52;2025-04-29T03:00:00+02:00
600;Marginal price Day Ahead market Spain;3;Spain;3.3;2025-04-29T04:00:00+02:00
600;Marginal price Day Ahead market Spain;3;Spain;3.52;2025-04-29T05:00:00+02:00
600;Marginal price Day Ahead market Spain;3;Spain;3.52;2025-04-29T06:00:00+02:00
600;Marginal price Day Ahead market Spain;3;Spain;14;2025-04-29T07:00:00+02:00
600;Marginal price Day Ahead market Spain;3;Spain;3.52;2025-04-29T08:00:00+02:00
600;Marginal price Day Ahead market Spain;3;Spain;3;2025-04-29T09:00:00+02:00
600;Marginal price Day Ahead market Spain;3;Spain;0;2025-04-29T10:00:00+02:00
600;Marginal price Day Ahead market Spain;3;Spain;-0.3;2025-04-29T11:00:00+02:00
600;Marginal price Day Ahead market Spain;3;Spain;-1.01;2025-04-29T12:00:00+02:00
600;Marginal price Day Ahead market Spain;3;Spain;-1.9;2025-04-29T13:00:00+02:00
600;Marginal price Day Ahead market Spain;3;Spain;-1.66;2025-04-29T14:00:00+02:00
600;Marginal price Day Ahead market Spain;3;Spain;-1.54;2025-04-29T15:00:00+02:00
600;Marginal price Day Ahead market Spain;3;Spain;-1.54;2025-04-29T16:00:00+02:00
600;Marginal price Day Ahead market Spain;3;Spain;-1;2025-04-29T17:00:00+02:00
600;Marginal price Day Ahead market Spain;3;Spain;0;2025-04-29T18:00:00+02:00
600;Marginal price Day Ahead market Spain;3;Spain;0.65;2025-04-29T19:00:00+02:00
600;Marginal price Day Ahead market Spain;3;Spain;12.53;2025-04-29T20:00:00+02:00
600;Marginal price Day Ahead market Spain;3;Spain;35.01;2025-04-29T21:00:00+02:00
600;Marginal price Day Ahead market Spain;3;Spain;33.68;2025-04-29T22:00:00+02:00
600;Marginal price Day Ahead market Spain;3;Spain;17.93;2025-04-29T23:00:00+02:00
600;Marginal price Day Ahead market Spain;3;Spain;35;2025-04-30T00:00:00+02:00
600;Marginal price Day Ahead market Spain;3;Spain;16.46;2025-04-30T01:00:00+02:00
600;Marginal price Day Ahead market Spain;3;Spain;13.3;2025-04-30T02:00:00+02:00
600;Marginal price Day Ahead market Spain;3;Spain;13.3;2025-04-30T03:00:00+02:00
600;Marginal price Day Ahead market Spain;3;Spain;15.41;2025-04-30T04:00:00+02:00
600;Marginal price Day Ahead market Spain;3;Spain;35;2025-04-30T05:00:00+02:00
600;Marginal price Day Ahead market Spain;3;Spain;87.99;2025-04-30T06:00:00+02:00
600;Marginal price Day Ahead market Spain;3;Spain;117.01;2025-04-30T07:00:00+02:00
600;Marginal price Day Ahead market Spain;3;Spain;98.03;2025-04-30T08:00:00+02:00
600;Marginal price Day Ahead market Spain;3;Spain;35;2025-04-30T09:00:00+02:00
600;Marginal price Day Ahead market Spain;3;Spain;7.08;2025-04-30T10:00:00+02:00
600;Marginal price Day Ahead market Spain;3;Spain;0.1;2025-04-30T11:00:00+02:00
600;Marginal price Day Ahead market Spain;3;Spain;0;2025-04-30T12:00:00+02:00
600;Marginal price Day Ahead market Spain;3;Spain;0;2025-04-30T13:00:00+02:00
600;Marginal price Day Ahead market Spain;3;Spain;-0.17;2025-04-30T14:00:00+02:00
600;Marginal price Day Ahead market Spain;3;Spain;-0.02;2025-04-30T15:00:00+02:00
600;Marginal price Day Ahead market Spain;3;Spain;-0.01;2025-04-30T16:00:00+02:00
600;Marginal price Day Ahead market Spain;3;Spain;0;2025-04-30T17:00:00+02:00
600;Marginal price Day Ahead market Spain;3;Spain;0.65;2025-04-30T18:00:00+02:00
600;Marginal price Day Ahead market Spain;3;Spain;3.6;2025-04-30T19:00:00+02:00
600;Marginal price Day Ahead market Spain;3;Spain;35.01;2025-04-30T20:00:00+02:00
600;Marginal price Day Ahead market Spain;3;Spain;108.14;2025-04-30T21:00:00+02:00
600;Marginal price Day Ahead market Spain;3;Spain;95.1;2025-04-30T22:00:00+02:00
600;Marginal price Day Ahead market Spain;3;Spain;47.9;2025-04-30T23:00:00+02:00
600;Marginal price Day Ahead market Spain;3;Spain;29.2;2025-05-01T00:00:00+02:00
600;Marginal price Day Ahead market Spain;3;Spain;22.66;2025-05-01T01:00:00+02:00
600;Marginal price Day Ahead market Spain;3;Spain;22.59;2025-05-01T02:00:00+02:00
600;Marginal price Day Ahead market Spain;3;Spain;23.22;2025-05-01T03:00:00+02:00
600;Marginal price Day Ahead market Spain;3;Spain;22.59;2025-05-01T04:00:00+02:00
600;Marginal price Day Ahead market Spain;3;Spain;27.2;2025-05-01T05:00:00+02:00
600;Marginal price Day Ahead market Spain;3;Spain;28.16;2025-05-01T06:00:00+02:00
600;Marginal price Day Ahead market Spain;3;Spain;23.02;2025-05-01T07:00:00+02:00
600;Marginal price Day Ahead market Spain;3;Spain;18.39;2025-05-01T08:00:00+02:00
600;Marginal price Day Ahead market Spain;3;Spain;0;2025-05-01T09:00:00+02:00
600;Marginal price Day Ahead market Spain;3;Spain;-3;2025-05-01T10:00:00+02:00
600;Marginal price Day Ahead market Spain;3;Spain;-6;2025-05-01T11:00:00+02:00
600;Marginal price Day Ahead market Spain;3;Spain;-7.02;2025-05-01T12:00:00+02:00
600;Marginal price Day Ahead market Spain;3;Spain;-7.81;2025-05-01T13:00:00+02:00
600;Marginal price Day Ahead market Spain;3;Spain;-7.81;2025-05-01T14:00:00+02:00
600;Marginal price Day Ahead market Spain;3;Spain;-10;2025-05-01T15:00:00+02:00
600;Marginal price Day Ahead market Spain;3;Spain;-5.17;2025-05-01T16:00:00+02:00
600;Marginal price Day Ahead market Spain;3;Spain;-4;2025-05-01T17:00:00+02:00
600;Marginal price Day Ahead market Spain;3;Spain;-1.54;2025-05-01T18:00:00+02:00
600;Marginal price Day Ahead market Spain;3;Spain;0;2025-05-01T19:00:00+02:00
600;Marginal price Day Ahead market Spain;3;Spain;30;2025-05-01T20:00:00+02:00
600;Marginal price Day Ahead market Spain;3;Spain;55;2025-05-01T21:00:00+02:00
600;Marginal price Day Ahead market Spain;3;Spain;35.5;2025-05-01T22:00:00+02:00
600;Marginal price Day Ahead market Spain;3;Spain;33.87;2025-05-01T23:00:00+02:00
600;Marginal price Day Ahead market Spain;3;Spain;13.04;2025-05-02T00:00:00+02:00
600;Marginal price Day Ahead market Spain;3;Spain;5.11;2025-05-02T01:00:00+02:00
600;Marginal price Day Ahead market Spain;3;Spain;2.8;2025-05-02T02:00:00+02:00
600;Marginal price Day Ahead market Spain;3;Spain;2.5;2025-05-02T03:00:00+02:00
600;Marginal price Day Ahead market Spain;3;Spain;2.5;2025-05-02T04:00:00+02:00
600;Marginal price Day Ahead market Spain;3;Spain;3.17;2025-05-02T05:00:00+02:00
600;Marginal price Day Ahead market Spain;3;Spain;7.96;2025-05-02T06:00:00+02:00
600;Marginal price Day Ahead market Spain;3;Spain;7.96;2025-05-02T07:00:00+02:00
600;Marginal price Day Ahead market Spain;3;Spain;14;2025-05-02T08:00:00+02:00
600;Marginal price Day Ahead market Spain;3;Spain;12.41;2025-05-02T09:00:00+02:00
600;Marginal price Day Ahead market Spain;3;Spain;0.85;2025-05-02T10:00:00+02:00
600;Marginal price Day Ahead market Spain;3;Spain;-0.01;2025-05-02T11:00:00+02:00
600;Marginal price Day Ahead market Spain;3;Spain;-0.99;2025-05-02T12:00:00+02:00
600;Marginal price Day Ahead market Spain;3;Spain;-3;2025-05-02T13:00:00+02:00
600;Marginal price Day Ahead market Spain;3;Spain;-4;2025-05-02T14:00:00+02:00
600;Marginal price Day Ahead market Spain;3;Spain;-4;2025-05-02T15:00:00+02:00
600;Marginal price Day Ahead market Spain;3;Spain;-4;2025-05-02T16:00:00+02:00
600;Marginal price Day Ahead market Spain;3;Spain;-2;2025-05-02T17:00:00+02:00
600;Marginal price Day Ahead market Spain;3;Spain;0;2025-05-02T18:00:00+02:00
600;Marginal price Day Ahead market Spain;3;Spain;13.04;2025-05-02T19:00:00+02:00
600;Marginal price Day Ahead market Spain;3;Spain;35.01;2025-05-02T20:00:00+02:00
600;Marginal price Day Ahead market Spain;3;Spain;67.05;2025-05-02T21:00:00+02:00
600;Marginal price Day Ahead market Spain;3;Spain;52.05;2025-05-02T22:00:00+02:00
600;Marginal price Day Ahead market Spain;3;Spain;41.05;2025-05-02T23:00:00+02:00
600;Marginal price Day Ahead market Spain;3;Spain;36.13;2025-05-03T00:00:00+02:00
600;Marginal price Day Ahead market Spain;3;Spain;26;2025-05-03T01:00:00+02:00
600;Marginal price Day Ahead market Spain;3;Spain;16.16;2025-05-03T02:00:00+02:00
600;Marginal price Day Ahead market Spain;3;Spain;13.89;2025-05-03T03:00:00+02:00
600;Marginal price Day Ahead market Spain;3;Spain;13.37;2025-05-03T04:00:00+02:00
600;Marginal price Day Ahead market Spain;3;Spain;15.17;2025-05-03T05:00:00+02:00
600;Marginal price Day Ahead market Spain;3;Spain;16.91;2025-05-03T06:00:00+02:00
600;Marginal price Day Ahead market Spain;3;Spain;14.13;2025-05-03T07:00:00+02:00
600;Marginal price Day Ahead market Spain;3;Spain;12.67;2025-05-03T08:00:00+02:00
600;Marginal price Day Ahead market Spain;3;Spain;5.7;2025-05-03T09:00:00+02:00
600;Marginal price Day Ahead market Spain;3;Spain;0;2025-05-03T10:00:00+02:00
600;Marginal price Day Ahead market Spain;3;Spain;-0.05;2025-05-03T11:00:00+02:00
600;Marginal price Day Ahead market Spain;3;Spain;-1.16;2025-05-03T12:00:00+02:00
600;Marginal price Day Ahead market Spain;3;Spain;-3.04;2025-05-03T13:00:00+02:00
600;Marginal price Day Ahead market Spain;3;Spain;-2.69;2025-05-03T14:00:00+02:00
600;Marginal price Day Ahead market Spain;3;Spain;-3;2025-05-03T15:00:00+02:00
600;Marginal price Day Ahead market Spain;3;Spain;-3;2025-05-03T16:00:00+02:00
600;Marginal price Day Ahead market Spain;3;Spain;-1;2025-05-03T17:00:00+02:00
600;Marginal price Day Ahead market Spain;3;Spain;2.2;2025-05-03T18:00:00+02:00
600;Marginal price Day Ahead market Spain;3;Spain;19.01;2025-05-03T19:00:00+02:00
600;Marginal price Day Ahead market Spain;3;Spain;35.24;2025-05-03T20:00:00+02:00
600;Marginal price Day Ahead market Spain;3;Spain;63.8;2025-05-03T21:00:00+02:00
600;Marginal price Day Ahead market Spain;3;Spain;63.7;2025-05-03T22:00:00+02:00
600;Marginal price Day Ahead market Spain;3;Spain;47.97;2025-05-03T23:00:00+02:00
600;Marginal price Day Ahead market Spain;3;Spain;36.13;2025-05-04T00:00:00+02:00
600;Marginal price Day Ahead market Spain;3;Spain;32.35;2025-05-04T01:00:00+02:00
600;Marginal price Day Ahead market Spain;3;Spain;24.01;2025-05-04T02:00:00+02:00
600;Marginal price Day Ahead market Spain;3;Spain;19.31;2025-05-04T03:00:00+02:00
600;Marginal price Day Ahead market Spain;3;Spain;16.54;2025-05-04T04:00:00+02:00
600;Marginal price Day Ahead market Spain;3;Spain;15.58;2025-05-04T05:00:00+02:00
600;Marginal price Day Ahead market Spain;3;Spain;13.62;2025-05-04T06:00:00+02:00
600;Marginal price Day Ahead market Spain;3;Spain;7.83;2025-05-04T07:00:00+02:00
600;Marginal price Day Ahead market Spain;3;Spain;3.5;2025-05-04T08:00:00+02:00
600;Marginal price Day Ahead market Spain;3;Spain;0;2025-05-04T09:00:00+02:00
600;Marginal price Day Ahead market Spain;3;Spain;-0.01;2025-05-04T10:00:00+02:00
600;Marginal price Day Ahead market Spain;3;Spain;-0.62;2025-05-04T11:00:00+02:00
600;Marginal price Day Ahead market Spain;3;Spain;-1.01;2025-05-04T12:00:00+02:00
600;Marginal price Day Ahead market Spain;3;Spain;-2;2025-05-04T13:00:00+02:00
600;Marginal price Day Ahead market Spain;3;Spain;-5.01;2025-05-04T14:00:00+02:00
600;Marginal price Day Ahead market Spain;3;Spain;-4;2025-05-04T15:00:00+02:00
600;Marginal price Day Ahead market Spain;3;Spain;-4.99;2025-05-04T16:00:00+02:00
600;Marginal price Day Ahead market Spain;3;Spain;-4;2025-05-04T17:00:00+02:00
600;Marginal price Day Ahead market Spain;3;Spain;-0.05;2025-05-04T18:00:00+02:00
600;Marginal price Day Ahead market Spain;3;Spain;3.52;2025-05-04T19:00:00+02:00
600;Marginal price Day Ahead market Spain;3;Spain;19.74;2025-05-04T20:00:00+02:00
600;Marginal price Day Ahead market Spain;3;Spain;35;2025-05-04T21:00:00+02:00
600;Marginal price Day Ahead market Spain;3;Spain;35;2025-05-04T22:00:00+02:00
600;Marginal price Day Ahead market Spain;3;Spain;23.51;2025-05-04T23:00:00+02:00
600;Marginal price Day Ahead market Spain;3;Spain;28.1;2025-05-05T00:00:00+02:00
600;Marginal price Day Ahead market Spain;3;Spain;20.37;2025-05-05T01:00:00+02:00
600;Marginal price Day Ahead market Spain;3;Spain;15.78;2025-05-05T02:00:00+02:00
600;Marginal price Day Ahead market Spain;3;Spain;12.2;2025-05-05T03:00:00+02:00
600;Marginal price Day Ahead market Spain;3;Spain;9.49;2025-05-05T04:00:00+02:00
600;Marginal price Day Ahead market Spain;3;Spain;14.94;2025-05-05T05:00:00+02:00
600;Marginal price Day Ahead market Spain;3;Spain;22.89;2025-05-05T06:00:00+02:00
600;Marginal price Day Ahead market Spain;3;Spain;35;2025-05-05T07:00:00+02:00
600;Marginal price Day Ahead market Spain;3;Spain;35;2025-05-05T08:00:00+02:00
600;Marginal price Day Ahead market Spain;3;Spain;16.3;2025-05-05T09:00:00+02:00
600;Marginal price Day Ahead market Spain;3;Spain;1;2025-05-05T10:00:00+02:00
600;Marginal price Day Ahead market Spain;3;Spain;-0.01;2025-05-05T11:00:00+02:00
600;Marginal price Day Ahead market Spain;3;Spain;-0.99;2025-05-05T12:00:00+02:00
600;Marginal price Day Ahead market Spain;3;Spain;-1.54;2025-05-05T13:00:00+02:00
600;Marginal price Day Ahead market Spain;3;Spain;-3;2025-05-05T14:00:00+02:00
600;Marginal price Day Ahead market Spain;3;Spain;-4;2025-05-05T15:00:00+02:00
600;Marginal price Day Ahead market Spain;3;Spain;-4;2025-05-05T16:00:00+02:00
600;Marginal price Day Ahead market Spain;3;Spain;-4;2025-05-05T17:00:00+02:00
600;Marginal price Day Ahead market Spain;3;Spain;-0.99;2025-05-05T18:00:00+02:00
600;Marginal price Day Ahead market Spain;3;Spain;0;2025-05-05T19:00:00+02:00
600;Marginal price Day Ahead market Spain;3;Spain;10;2025-05-05T20:00:00+02:00
600;Marginal price Day Ahead market Spain;3;Spain;28.1;2025-05-05T21:00:00+02:00
600;Marginal price Day Ahead market Spain;3;Spain;18.56;2025-05-05T22:00:00+02:00
600;Marginal price Day Ahead market Spain;3;Spain;12.2;2025-05-05T23:00:00+02:00
600;Marginal price Day Ahead market Spain;3;Spain;5;2025-05-06T00:00:00+02:00
600;Marginal price Day Ahead market Spain;3;Spain;2.95;2025-05-06T01:00:00+02:00
600;Marginal price Day Ahead market Spain;3;Spain;3.52;2025-05-06T02:00:00+02:00
600;Marginal price Day Ahead market Spain;3;Spain;1.72;2025-05-06T03:00:00+02:00
600;Marginal price Day Ahead market Spain;3;Spain;1.97;2025-05-06T04:00:00+02:00
600;Marginal price Day Ahead market Spain;3;Spain;3.6;2025-05-06T05:00:00+02:00
600;Marginal price Day Ahead market Spain;3;Spain;16.5;2025-05-06T06:00:00+02:00
600;Marginal price Day Ahead market Spain;3;Spain;30.34;2025-05-06T07:00:00+02:00
600;Marginal price Day Ahead market Spain;3;Spain;13.72;2025-05-06T08:00:00+02:00
600;Marginal price Day Ahead market Spain;3;Spain;2.99;2025-05-06T09:00:00+02:00
600;Marginal price Day Ahead market Spain;3;Spain;-0.5;2025-05-06T10:00:00+02:00
600;Marginal price Day Ahead market Spain;3;Spain;-1.54;2025-05-06T11:00:00+02:00
600;Marginal price Day Ahead market Spain;3;Spain;-1.81;2025-05-06T12:00:00+02:00
600;Marginal price Day Ahead market Spain;3;Spain;-3;2025-05-06T13:00:00+02:00
600;Marginal price Day Ahead market Spain;3;Spain;-4;2025-05-06T14:00:00+02:00
600;Marginal price Day Ahead market Spain;3;Spain;-4;2025-05-06T15:00:00+02:00
600;Marginal price Day Ahead market Spain;3;Spain;-4.21;2025-05-06T16:00:00+02:00
600;Marginal price Day Ahead market Spain;3;Spain;-3;2025-05-06T17:00:00+02:00
600;Marginal price Day Ahead market Spain;3;Spain;-0.99;2025-05-06T18:00:00+02:00
600;Marginal price Day Ahead market Spain;3;Spain;0.65;2025-05-06T19:00:00+02:00
600;Marginal price Day Ahead market Spain;3;Spain;39.99;2025-05-06T20:00:00+02:00
600;Marginal price Day Ahead market Spain;3;Spain;65.12;2025-05-06T21:00:00+02:00
600;Marginal price Day Ahead market Spain;3;Spain;48.23;2025-05-06T22:00:00+02:00
600;Marginal price Day Ahead market Spain;3;Spain;32.55;2025-05-06T23:00:00+02:00
600;Marginal price Day Ahead market Spain;3;Spain;11.3;2025-05-07T00:00:00+02:00
600;Marginal price Day Ahead market Spain;3;Spain;6.99;2025-05-07T01:00:00+02:00
600;Marginal price Day Ahead market Spain;3;Spain;6;2025-05-07T02:00:00+02:00
600;Marginal price Day Ahead market Spain;3;Spain;5.1;2025-05-07T03:00:00+02:00
600;Marginal price Day Ahead market Spain;3;Spain;9.1;2025-05-07T04:00:00+02:00
600;Marginal price Day Ahead market Spain;3;Spain;15.91;2025-05-07T05:00:00+02:00
600;Marginal price Day Ahead market Spain;3;Spain;32.4;2025-05-07T06:00:00+02:00
600;Marginal price Day Ahead market Spain;3;Spain;49.1;2025-05-07T07:00:00+02:00
600;Marginal price Day Ahead market Spain;3;Spain;43.23;2025-05-07T08:00:00+02:00
600;Marginal price Day Ahead market Spain;3;Spain;12.48;2025-05-07T09:00:00+02:00
600;Marginal price Day Ahead market Spain;3;Spain;0;2025-05-07T10:00:00+02:00
600;Marginal price Day Ahead market Spain;3;Spain;0;2025-05-07T11:00:00+02:00
600;Marginal price Day Ahead market Spain;3;Spain;-0.12;2025-05-07T12:00:00+02:00
600;Marginal price Day Ahead market Spain;3;Spain;-0.13;2025-05-07T13:00:00+02:00
600;Marginal price Day Ahead market Spain;3;Spain;-0.13;2025-05-07T14:00:00+02:00
600;Marginal price Day Ahead market Spain;3;Spain;-0.62;2025-05-07T15:00:00+02:00
600;Marginal price Day Ahead market Spain;3;Spain;-0.4;2025-05-07T16:00:00+02:00
600;Marginal price Day Ahead market Spain;3;Spain;0;2025-05-07T17:00:00+02:00
600;Marginal price Day Ahead market Spain;3;Spain;3.52;2025-05-07T18:00:00+02:00
600;Marginal price Day Ahead market Spain;3;Spain;39.53;2025-05-07T19:00:00+02:00
600;Marginal price Day Ahead market Spain;3;Spain;50.4;2025-05-07T20:00:00+02:00
600;Marginal price Day Ahead market Spain;3;Spain;80;2025-05-07T21:00:00+02:00
600;Marginal price Day Ahead market Spain;3;Spain;57.1;2025-05-07T22:00:00+02:00
600;Marginal price Day Ahead market Spain;3;Spain;35.4;2025-05-07T23:00:00+02:00
600;Marginal price Day Ahead market Spain;3;Spain;15.91;2025-05-08T00:00:00+02:00
600;Marginal price Day Ahead market Spain;3;Spain;15.78;2025-05-08T01:00:00+02:00
600;Marginal price Day Ahead market Spain;3;Spain;15.63;2025-05-08T02:00:00+02:00
600;Marginal price Day Ahead market Spain;3;Spain;3.55;2025-05-08T03:00:00+02:00
600;Marginal price Day Ahead market Spain;3;Spain;6.65;2025-05-08T04:00:00+02:00
600;Marginal price Day Ahead market Spain;3;Spain;15.02;2025-05-08T05:00:00+02:00
600;Marginal price Day Ahead market Spain;3;Spain;30.09;2025-05-08T06:00:00+02:00
600;Marginal price Day Ahead market Spain;3;Spain;45.29;2025-05-08T07:00:00+02:00
600;Marginal price Day Ahead market Spain;3;Spain;36;2025-05-08T08:00:00+02:00
600;Marginal price Day Ahead market Spain;3;Spain;7.26;2025-05-08T09:00:00+02:00
600;Marginal price Day Ahead market Spain;3;Spain;0.1;2025-05-08T10:00:00+02:00
600;Marginal price Day Ahead market Spain;3;Spain;0;2025-05-08T11:00:00+02:00
600;Marginal price Day Ahead market Spain;3;Spain;0;2025-05-08T12:00:00+02:00
600;Marginal price Day Ahead market Spain;3;Spain;-0.01;2025-05-08T13:00:00+02:00
600;Marginal price Day Ahead market Spain;3;Spain;-0.01;2025-05-08T14:00:00+02:00
600;Marginal price Day Ahead market Spain;3;Spain;-0.01;2025-05-08T15:00:00+02:00
600;Marginal price Day Ahead market Spain;3;Spain;-0.02;2025-05-08T16:00:00+02:00
600;Marginal price Day Ahead market Spain;3;Spain;-0.01;2025-05-08T17:00:00+02:00
600;Marginal price Day Ahead market Spain;3;Spain;0.1;2025-05-08T18:00:00+02:00
600;Marginal price Day Ahead market Spain;3;Spain;16.04;2025-05-08T19:00:00+02:00
600;Marginal price Day Ahead market Spain;3;Spain;35.1;2025-05-08T20:00:00+02:00
600;Marginal price Day Ahead market Spain;3;Spain;79.59;2025-05-08T21:00:00+02:00
600;Marginal price Day Ahead market Spain;3;Spain;50;2025-05-08T22:00:00+02:00
600;Marginal price Day Ahead market Spain;3;Spain;30.1;2025-05-08T23:00:00+02:00
600;Marginal price Day Ahead market Spain;3;Spain;21.61;2025-05-09T00:00:00+02:00
600;Marginal price Day Ahead market Spain;3;Spain;12.15;2025-05-09T01:00:00+02:00
600;Marginal price Day Ahead market Spain;3;Spain;13;2025-05-09T02:00:00+02:00
600;Marginal price Day Ahead market Spain;3;Spain;9.58;2025-05-09T03:00:00+02:00
600;Marginal price Day Ahead market Spain;3;Spain;7.52;2025-05-09T04:00:00+02:00
600;Marginal price Day Ahead market Spain;3;Spain;11.13;2025-05-09T05:00:00+02:00
600;Marginal price Day Ahead market Spain;3;Spain;30.26;2025-05-09T06:00:00+02:00
600;Marginal price Day Ahead market Spain;3;Spain;39.37;2025-05-09T07:00:00+02:00
600;Marginal price Day Ahead market Spain;3;Spain;30.58;2025-05-09T08:00:00+02:00
600;Marginal price Day Ahead market Spain;3;Spain;12.86;2025-05-09T09:00:00+02:00
600;Marginal price Day Ahead market Spain;3;Spain;7.17;2025-05-09T10:00:00+02:00
600;Marginal price Day Ahead market Spain;3;Spain;0.22;2025-05-09T11:00:00+02:00
600;Marginal price Day Ahead market Spain;3;Spain;0;2025-05-09T12:00:00+02:00
600;Marginal price Day Ahead market Spain;3;Spain;0;2025-05-09T13:00:00+02:00
600;Marginal price Day Ahead market Spain;3;Spain;-0.01;2025-05-09T14:00:00+02:00
600;Marginal price Day Ahead market Spain;3;Spain;-0.01;2025-05-09T15:00:00+02:00
600;Marginal price Day Ahead market Spain;3;Spain;-0.01;2025-05-09T16:00:00+02:00
600;Marginal price Day Ahead market Spain;3;Spain;0;2025-05-09T17:00:00+02:00
600;Marginal price Day Ahead market Spain;3;Spain;7.04;2025-05-09T18:00:00+02:00
600;Marginal price Day Ahead market Spain;3;Spain;15.63;2025-05-09T19:00:00+02:00
600;Marginal price Day Ahead market Spain;3;Spain;41.92;2025-05-09T20:00:00+02:00
600;Marginal price Day Ahead market Spain;3;Spain;80.27;2025-05-09T21:00:00+02:00
600;Marginal price Day Ahead market Spain;3;Spain;57.64;2025-05-09T22:00:00+02:00
600;Marginal price Day Ahead market Spain;3;Spain;39.76;2025-05-09T23:00:00+02:00
600;Marginal price Day Ahead market Spain;3;Spain;29.22;2025-05-10T00:00:00+02:00
600;Marginal price Day Ahead market Spain;3;Spain;15.46;2025-05-10T01:00:00+02:00
600;Marginal price Day Ahead market Spain;3;Spain;13.52;2025-05-10T02:00:00+02:00
600;Marginal price Day Ahead market Spain;3;Spain;14.94;2025-05-10T03:00:00+02:00
600;Marginal price Day Ahead market Spain;3;Spain;11.12;2025-05-10T04:00:00+02:00
600;Marginal price Day Ahead market Spain;3;Spain;13.34;2025-05-10T05:00:00+02:00
600;Marginal price Day Ahead market Spain;3;Spain;16.1;2025-05-10T06:00:00+02:00
600;Marginal price Day Ahead market Spain;3;Spain;15.81;2025-05-10T07:00:00+02:00
600;Marginal price Day Ahead market Spain;3;Spain;10;2025-05-10T08:00:00+02:00
600;Marginal price Day Ahead market Spain;3;Spain;3.42;2025-05-10T09:00:00+02:00
600;Marginal price Day Ahead market Spain;3;Spain;-0.06;2025-05-10T10:00:00+02:00
600;Marginal price Day Ahead market Spain;3;Spain;-4;2025-05-10T11:00:00+02:00
600;Marginal price Day Ahead market Spain;3;Spain;-5.21;2025-05-10T12:00:00+02:00
600;Marginal price Day Ahead market Spain;3;Spain;-6.01;2025-05-10T13:00:00+02:00
600;Marginal price Day Ahead market Spain;3;Spain;-7.5;2025-05-10T14:00:00+02:00
600;Marginal price Day Ahead market Spain;3;Spain;-10;2025-05-10T15:00:00+02:00
600;Marginal price Day Ahead market Spain;3;Spain;-5.8;2025-05-10T16:00:00+02:00
600;Marginal price Day Ahead market Spain;3;Spain;-1.2;2025-05-10T17:00:00+02:00
600;Marginal price Day Ahead market Spain;3;Spain;-0.01;2025-05-10T18:00:00+02:00
600;Marginal price Day Ahead market Spain;3;Spain;0.01;2025-05-10T19:00:00+02:00
600;Marginal price Day Ahead market Spain;3;Spain;21.02;2025-05-10T20:00:00+02:00
600;Marginal price Day Ahead market Spain;3;Spain;36.88;2025-05-10T21:00:00+02:00
600;Marginal price Day Ahead market Spain;3;Spain;31.46;2025-05-10T22:00:00+02:00
600;Marginal price Day Ahead market Spain;3;Spain;25.37;2025-05-10T23:00:00+02:00
600;Marginal price Day Ahead market Spain;3;Spain;8.79;2025-05-11T00:00:00+02:00
600;Marginal price Day Ahead market Spain;3;Spain;6.12;2025-05-11T01:00:00+02:00
600;Marginal price Day Ahead market Spain;3;Spain;6.89;2025-05-11T02:00:00+02:00
600;Marginal price Day Ahead market Spain;3;Spain;3.96;2025-05-11T03:00:00+02:00
600;Marginal price Day Ahead market Spain;3;Spain;3.6;2025-05-11T04:00:00+02:00
600;Marginal price Day Ahead market Spain;3;Spain;4;2025-05-11T05:00:00+02:00
600;Marginal price Day Ahead market Spain;3;Spain;6;2025-05-11T06:00:00+02:00
600;Marginal price Day Ahead market Spain;3;Spain;5.88;2025-05-11T07:00:00+02:00
600;Marginal price Day Ahead market Spain;3;Spain;1.03;2025-05-11T08:00:00+02:00
600;Marginal price Day Ahead market Spain;3;Spain;-0.62;2025-05-11T09:00:00+02:00
600;Marginal price Day Ahead market Spain;3;Spain;-12;2025-05-11T10:00:00+02:00
600;Marginal price Day Ahead market Spain;3;Spain;-12;2025-05-11T11:00:00+02:00
600;Marginal price Day Ahead market Spain;3;Spain;-10.01;2025-05-11T12:00:00+02:00
600;Marginal price Day Ahead market Spain;3;Spain;-12;2025-05-11T13:00:00+02:00
600;Marginal price Day Ahead market Spain;3;Spain;-12;2025-05-11T14:00:00+02:00
600;Marginal price Day Ahead market Spain;3;Spain;-14;2025-05-11T15:00:00+02:00
600;Marginal price Day Ahead market Spain;3;Spain;-15;2025-05-11T16:00:00+02:00
600;Marginal price Day Ahead market Spain;3;Spain;-7.5;2025-05-11T17:00:00+02:00
600;Marginal price Day Ahead market Spain;3;Spain;-3;2025-05-11T18:00:00+02:00
600;Marginal price Day Ahead market Spain;3;Spain;0;2025-05-11T19:00:00+02:00
600;Marginal price Day Ahead market Spain;3;Spain;4.5;2025-05-11T20:00:00+02:00
600;Marginal price Day Ahead market Spain;3;Spain;35.01;2025-05-11T21:00:00+02:00
600;Marginal price Day Ahead market Spain;3;Spain;35.01;2025-05-11T22:00:00+02:00
600;Marginal price Day Ahead market Spain;3;Spain;30.28;2025-05-11T23:00:00+02:00
600;Marginal price Day Ahead market Spain;3;Spain;15.3;2025-05-12T00:00:00+02:00
600;Marginal price Day Ahead market Spain;3;Spain;14.88;2025-05-12T01:00:00+02:00
600;Marginal price Day Ahead market Spain;3;Spain;17.7;2025-05-12T02:00:00+02:00
600;Marginal price Day Ahead market Spain;3;Spain;15.3;2025-05-12T03:00:00+02:00
600;Marginal price Day Ahead market Spain;3;Spain;14;2025-05-12T04:00:00+02:00
600;Marginal price Day Ahead market Spain;3;Spain;15.3;2025-05-12T05:00:00+02:00
600;Marginal price Day Ahead market Spain;3;Spain;22.34;2025-05-12T06:00:00+02:00
600;Marginal price Day Ahead market Spain;3;Spain;35.01;2025-05-12T07:00:00+02:00
600;Marginal price Day Ahead market Spain;3;Spain;22.1;2025-05-12T08:00:00+02:00
600;Marginal price Day Ahead market Spain;3;Spain;6;2025-05-12T09:00:00+02:00
600;Marginal price Day Ahead market Spain;3;Spain;-0.89;2025-05-12T10:00:00+02:00
600;Marginal price Day Ahead market Spain;3;Spain;-3;2025-05-12T11:00:00+02:00
600;Marginal price Day Ahead market Spain;3;Spain;-4;2025-05-12T12:00:00+02:00
600;Marginal price Day Ahead market Spain;3;Spain;-4;2025-05-12T13:00:00+02:00
600;Marginal price Day Ahead market Spain;3;Spain;-4;2025-05-12T14:00:00+02:00
600;Marginal price Day Ahead market Spain;3;Spain;-4.21;2025-05-12T15:00:00+02:00
600;Marginal price Day Ahead market Spain;3;Spain;-4;2025-05-12T16:00:00+02:00
600;Marginal price Day Ahead market Spain;3;Spain;-1.54;2025-05-12T17:00:00+02:00
600;Marginal price Day Ahead market Spain;3;Spain;0;2025-05-12T18:00:00+02:00
600;Marginal price Day Ahead market Spain;3;Spain;10.3;2025-05-12T19:00:00+02:00
600;Marginal price Day Ahead market Spain;3;Spain;61.81;2025-05-12T20:00:00+02:00
600;Marginal price Day Ahead market Spain;3;Spain;122.03;2025-05-12T21:00:00+02:00
600;Marginal price Day Ahead market Spain;3;Spain;103.75;2025-05-12T22:00:00+02:00
600;Marginal price Day Ahead market Spain;3;Spain;70.44;2025-05-12T23:00:00+02:00
600;Marginal price Day Ahead market Spain;3;Spain;67;2025-05-13T00:00:00+02:00
600;Marginal price Day Ahead market Spain;3;Spain;45.01;2025-05-13T01:00:00+02:00
600;Marginal price Day Ahead market Spain;3;Spain;37.83;2025-05-13T02:00:00+02:00
600;Marginal price Day Ahead market Spain;3;Spain;35.01;2025-05-13T03:00:00+02:00
600;Marginal price Day Ahead market Spain;3;Spain;35.01;2025-05-13T04:00:00+02:00
600;Marginal price Day Ahead market Spain;3;Spain;39.79;2025-05-13T05:00:00+02:00
600;Marginal price Day Ahead market Spain;3;Spain;70;2025-05-13T06:00:00+02:00
600;Marginal price Day Ahead market Spain;3;Spain;108.09;2025-05-13T07:00:00+02:00
600;Marginal price Day Ahead market Spain;3;Spain;68.25;2025-05-13T08:00:00+02:00
600;Marginal price Day Ahead market Spain;3;Spain;25.58;2025-05-13T09:00:00+02:00
600;Marginal price Day Ahead market Spain;3;Spain;1.2;2025-05-13T10:00:00+02:00
600;Marginal price Day Ahead market Spain;3;Spain;0;2025-05-13T11:00:00+02:00
600;Marginal price Day Ahead market Spain;3;Spain;-0.5;2025-05-13T12:00:00+02:00
600;Marginal price Day Ahead market Spain;3;Spain;-2.51;2025-05-13T13:00:00+02:00
600;Marginal price Day Ahead market Spain;3;Spain;-2.08;2025-05-13T14:00:00+02:00
600;Marginal price Day Ahead market Spain;3;Spain;-0.01;2025-05-13T15:00:00+02:00
600;Marginal price Day Ahead market Spain;3;Spain;0;2025-05-13T16:00:00+02:00
600;Marginal price Day Ahead market Spain;3;Spain;0.65;2025-05-13T17:00:00+02:00
600;Marginal price Day Ahead market Spain;3;Spain;24.7;2025-05-13T18:00:00+02:00
600;Marginal price Day Ahead market Spain;3;Spain;33.56;2025-05-13T19:00:00+02:00
600;Marginal price Day Ahead market Spain;3;Spain;92.67;2025-05-13T20:00:00+02:00
600;Marginal price Day Ahead market Spain;3;Spain;128.07;2025-05-13T21:00:00+02:00
600;Marginal price Day Ahead market Spain;3;Spain;112.3;2025-05-13T22:00:00+02:00
600;Marginal price Day Ahead market Spain;3;Spain;74.55;2025-05-13T23:00:00+02:00
600;Marginal price Day Ahead market Spain;3;Spain;64.93;2025-05-14T00:00:00+02:00
600;Marginal price Day Ahead market Spain;3;Spain;45.33;2025-05-14T01:00:00+02:00
600;Marginal price Day Ahead market Spain;3;Spain;41.2;2025-05-14T02:00:00+02:00
600;Marginal price Day Ahead market Spain;3;Spain;37.41;2025-05-14T03:00:00+02:00
600;Marginal price Day Ahead market Spain;3;Spain;36;2025-05-14T04:00:00+02:00
600;Marginal price Day Ahead market Spain;3;Spain;40.05;2025-05-14T05:00:00+02:00
600;Marginal price Day Ahead market Spain;3;Spain;53.08;2025-05-14T06:00:00+02:00
600;Marginal price Day Ahead market Spain;3;Spain;91.53;2025-05-14T07:00:00+02:00
600;Marginal price Day Ahead market Spain;3;Spain;57.64;2025-05-14T08:00:00+02:00
600;Marginal price Day Ahead market Spain;3;Spain;37.8;2025-05-14T09:00:00+02:00
600;Marginal price Day Ahead market Spain;3;Spain;0.28;2025-05-14T10:00:00+02:00
600;Marginal price Day Ahead market Spain;3;Spain;-0.02;2025-05-14T11:00:00+02:00
600;Marginal price Day Ahead market Spain;3;Spain;-1.13;2025-05-14T12:00:00+02:00
600;Marginal price Day Ahead market Spain;3;Spain;-4;2025-05-14T13:00:00+02:00
600;Marginal price Day Ahead market Spain;3;Spain;-3;2025-05-14T14:00:00+02:00
600;Marginal price Day Ahead market Spain;3;Spain;-1.54;2025-05-14T15:00:00+02:00
600;Marginal price Day Ahead market Spain;3;Spain;-0.89;2025-05-14T16:00:00+02:00
600;Marginal price Day Ahead market Spain;3;Spain;-0.01;2025-05-14T17:00:00+02:00
600;Marginal price Day Ahead market Spain;3;Spain;0.17;2025-05-14T18:00:00+02:00
600;Marginal price Day Ahead market Spain;3;Spain;26.09;2025-05-14T19:00:00+02:00
600;Marginal price Day Ahead market Spain;3;Spain;46.5;2025-05-14T20:00:00+02:00
600;Marginal price Day Ahead market Spain;3;Spain;64.03;2025-05-14T21:00:00+02:00
600;Marginal price Day Ahead market Spain;3;Spain;61.51;2025-05-14T22:00:00+02:00
600;Marginal price Day Ahead market Spain;3;Spain;40.14;2025-05-14T23:00:00+02:00
600;Marginal price Day Ahead market Spain;3;Spain;32.95;2025-05-15T00:00:00+02:00
600;Marginal price Day Ahead market Spain;3;Spain;19.71;2025-05-15T01:00:00+02:00
600;Marginal price Day Ahead market Spain;3;Spain;18.47;2025-05-15T02:00:00+02:00
600;Marginal price Day Ahead market Spain;3;Spain;10.55;2025-05-15T03:00:00+02:00
600;Marginal price Day Ahead market Spain;3;Spain;10.63;2025-05-15T04:00:00+02:00
600;Marginal price Day Ahead market Spain;3;Spain;16.26;2025-05-15T05:00:00+02:00
600;Marginal price Day Ahead market Spain;3;Spain;20;2025-05-15T06:00:00+02:00
600;Marginal price Day Ahead market Spain;3;Spain;35.01;2025-05-15T07:00:00+02:00
600;Marginal price Day Ahead market Spain;3;Spain;34.11;2025-05-15T08:00:00+02:00
600;Marginal price Day Ahead market Spain;3;Spain;3.52;2025-05-15T09:00:00+02:00
600;Marginal price Day Ahead market Spain;3;Spain;-0.5;2025-05-15T10:00:00+02:00
600;Marginal price Day Ahead market Spain;3;Spain;-1.54;2025-05-15T11:00:00+02:00
600;Marginal price Day Ahead market Spain;3;Spain;-3;2025-05-15T12:00:00+02:00
600;Marginal price Day Ahead market Spain;3;Spain;-3;2025-05-15T13:00:00+02:00
600;Marginal price Day Ahead market Spain;3;Spain;-4;2025-05-15T14:00:00+02:00
600;Marginal price Day Ahead market Spain;3;Spain;-5;2025-05-15T15:00:00+02:00
600;Marginal price Day Ahead market Spain;3;Spain;-5;2025-05-15T16:00:00+02:00
600;Marginal price Day Ahead market Spain;3;Spain;-3.99;2025-05-15T17:00:00+02:00
600;Marginal price Day Ahead market Spain;3;Spain;-0.5;2025-05-15T18:00:00+02:00
600;Marginal price Day Ahead market Spain;3;Spain;0;2025-05-15T19:00:00+02:00
600;Marginal price Day Ahead market Spain;3;Spain;18.57;2025-05-15T20:00:00+02:00
600;Marginal price Day Ahead market Spain;3;Spain;35.01;2025-05-15T21:00:00+02:00
600;Marginal price Day Ahead market Spain;3;Spain;30.64;2025-05-15T22:00:00+02:00
600;Marginal price Day Ahead market Spain;3;Spain;19.98;2025-05-15T23:00:00+02:00
600;Marginal price Day Ahead market Spain;3;Spain;5.11;2025-05-16T00:00:00+02:00
600;Marginal price Day Ahead market Spain;3;Spain;5;2025-05-16T01:00:00+02:00
600;Marginal price Day Ahead market Spain;3;Spain;6;2025-05-16T02:00:00+02:00
600;Marginal price Day Ahead market Spain;3;Spain;3.6;2025-05-16T03:00:00+02:00
600;Marginal price Day Ahead market Spain;3;Spain;3.28;2025-05-16T04:00:00+02:00
600;Marginal price Day Ahead market Spain;3;Spain;4.75;2025-05-16T05:00:00+02:00
600;Marginal price Day Ahead market Spain;3;Spain;6;2025-05-16T06:00:00+02:00
600;Marginal price Day Ahead market Spain;3;Spain;10;2025-05-16T07:00:00+02:00
600;Marginal price Day Ahead market Spain;3;Spain;0.01;2025-05-16T08:00:00+02:00
600;Marginal price Day Ahead market Spain;3;Spain;-0.01;2025-05-16T09:00:00+02:00
600;Marginal price Day Ahead market Spain;3;Spain;-5;2025-05-16T10:00:00+02:00
600;Marginal price Day Ahead market Spain;3;Spain;-5.8;2025-05-16T11:00:00+02:00
600;Marginal price Day Ahead market Spain;3;Spain;-8.01;2025-05-16T12:00:00+02:00
600;Marginal price Day Ahead market Spain;3;Spain;-8.01;2025-05-16T13:00:00+02:00
600;Marginal price Day Ahead market Spain;3;Spain;-9;2025-05-16T14:00:00+02:00
600;Marginal price Day Ahead market Spain;3;Spain;-10;2025-05-16T15:00:00+02:00
600;Marginal price Day Ahead market Spain;3;Spain;-10;2025-05-16T16:00:00+02:00
600;Marginal price Day Ahead market Spain;3;Spain;-5.5;2025-05-16T17:00:00+02:00
600;Marginal price Day Ahead market Spain;3;Spain;-1.54;2025-05-16T18:00:00+02:00
600;Marginal price Day Ahead market Spain;3;Spain;2;2025-05-16T19:00:00+02:00
600;Marginal price Day Ahead market Spain;3;Spain;18.04;2025-05-16T20:00:00+02:00
600;Marginal price Day Ahead market Spain;3;Spain;35.09;2025-05-16T21:00:00+02:00
600;Marginal price Day Ahead market Spain;3;Spain;41.21;2025-05-16T22:00:00+02:00
600;Marginal price Day Ahead market Spain;3;Spain;35.01;2025-05-16T23:00:00+02:00
600;Marginal price Day Ahead market Spain;3;Spain;21.23;2025-05-17T00:00:00+02:00
600;Marginal price Day Ahead market Spain;3;Spain;13.53;2025-05-17T01:00:00+02:00
600;Marginal price Day Ahead market Spain;3;Spain;12.68;2025-05-17T02:00:00+02:00
600;Marginal price Day Ahead market Spain;3;Spain;14.26;2025-05-17T03:00:00+02:00
600;Marginal price Day Ahead market Spain;3;Spain;12.82;2025-05-17T04:00:00+02:00
600;Marginal price Day Ahead market Spain;3;Spain;19;2025-05-17T05:00:00+02:00
600;Marginal price Day Ahead market Spain;3;Spain;21.79;2025-05-17T06:00:00+02:00
600;Marginal price Day Ahead market Spain;3;Spain;20.23;2025-05-17T07:00:00+02:00
600;Marginal price Day Ahead market Spain;3;Spain;6.09;2025-05-17T08:00:00+02:00
600;Marginal price Day Ahead market Spain;3;Spain;-0.01;2025-05-17T09:00:00+02:00
600;Marginal price Day Ahead market Spain;3;Spain;-3;2025-05-17T10:00:00+02:00
600;Marginal price Day Ahead market Spain;3;Spain;-5.7;2025-05-17T11:00:00+02:00
600;Marginal price Day Ahead market Spain;3;Spain;-9.7;2025-05-17T12:00:00+02:00
600;Marginal price Day Ahead market Spain;3;Spain;-10.01;2025-05-17T13:00:00+02:00
600;Marginal price Day Ahead market Spain;3;Spain;-11.26;2025-05-17T14:00:00+02:00
600;Marginal price Day Ahead market Spain;3;Spain;-10;2025-05-17T15:00:00+02:00
600;Marginal price Day Ahead market Spain;3;Spain;-10;2025-05-17T16:00:00+02:00
600;Marginal price Day Ahead market Spain;3;Spain;-5.8;2025-05-17T17:00:00+02:00
600;Marginal price Day Ahead market Spain;3;Spain;-1.81;2025-05-17T18:00:00+02:00
600;Marginal price Day Ahead market Spain;3;Spain;3.52;2025-05-17T19:00:00+02:00
600;Marginal price Day Ahead market Spain;3;Spain;26.56;2025-05-17T20:00:00+02:00
600;Marginal price Day Ahead market Spain;3;Spain;52.5;2025-05-17T21:00:00+02:00
600;Marginal price Day Ahead market Spain;3;Spain;57.12;2025-05-17T22:00:00+02:00
600;Marginal price Day Ahead market Spain;3;Spain;41.28;2025-05-17T23:00:00+02:00
600;Marginal price Day Ahead market Spain;3;Spain;37;2025-05-18T00:00:00+02:00
600;Marginal price Day Ahead market Spain;3;Spain;21.73;2025-05-18T01:00:00+02:00
600;Marginal price Day Ahead market Spain;3;Spain;15.49;2025-05-18T02:00:00+02:00
600;Marginal price Day Ahead market Spain;3;Spain;15;2025-05-18T03:00:00+02:00
600;Marginal price Day Ahead market Spain;3;Spain;13.9;2025-05-18T04:00:00+02:00
600;Marginal price Day Ahead market Spain;3;Spain;15.79;2025-05-18T05:00:00+02:00
600;Marginal price Day Ahead market Spain;3;Spain;14.5;2025-05-18T06:00:00+02:00
600;Marginal price Day Ahead market Spain;3;Spain;8.99;2025-05-18T07:00:00+02:00
600;Marginal price Day Ahead market Spain;3;Spain;0.01;2025-05-18T08:00:00+02:00
600;Marginal price Day Ahead market Spain;3;Spain;-1.54;2025-05-18T09:00:00+02:00
600;Marginal price Day Ahead market Spain;3;Spain;-10;2025-05-18T10:00:00+02:00
600;Marginal price Day Ahead market Spain;3;Spain;-10.04;2025-05-18T11:00:00+02:00
600;Marginal price Day Ahead market Spain;3;Spain;-12;2025-05-18T12:00:00+02:00
600;Marginal price Day Ahead market Spain;3;Spain;-11;2025-05-18T13:00:00+02:00
600;Marginal price Day Ahead market Spain;3;Spain;-15;2025-05-18T14:00:00+02:00
600;Marginal price Day Ahead market Spain;3;Spain;-14.05;2025-05-18T15:00:00+02:00
600;Marginal price Day Ahead market Spain;3;Spain;-13;2025-05-18T16:00:00+02:00
600;Marginal price Day Ahead market Spain;3;Spain;-10;2025-05-18T17:00:00+02:00
600;Marginal price Day Ahead market Spain;3;Spain;-3;2025-05-18T18:00:00+02:00
600;Marginal price Day Ahead market Spain;3;Spain;0.28;2025-05-18T19:00:00+02:00
600;Marginal price Day Ahead market Spain;3;Spain;7.44;2025-05-18T20:00:00+02:00
600;Marginal price Day Ahead market Spain;3;Spain;37;2025-05-18T21:00:00+02:00
600;Marginal price Day Ahead market Spain;3;Spain;40.7;2025-05-18T22:00:00+02:00
600;Marginal price Day Ahead market Spain;3;Spain;33.96;2025-05-18T23:00:00+02:00
600;Marginal price Day Ahead market Spain;3;Spain;20.82;2025-05-19T00:00:00+02:00
600;Marginal price Day Ahead market Spain;3;Spain;18.02;2025-05-19T01:00:00+02:00
600;Marginal price Day Ahead market Spain;3;Spain;13.83;2025-05-19T02:00:00+02:00
600;Marginal price Day Ahead market Spain;3;Spain;14;2025-05-19T03:00:00+02:00
600;Marginal price Day Ahead market Spain;3;Spain;10.63;2025-05-19T04:00:00+02:00
600;Marginal price Day Ahead market Spain;3;Spain;19.94;2025-05-19T05:00:00+02:00
600;Marginal price Day Ahead market Spain;3;Spain;25.95;2025-05-19T06:00:00+02:00
600;Marginal price Day Ahead market Spain;3;Spain;42.99;2025-05-19T07:00:00+02:00
600;Marginal price Day Ahead market Spain;3;Spain;22;2025-05-19T08:00:00+02:00
600;Marginal price Day Ahead market Spain;3;Spain;3.52;2025-05-19T09:00:00+02:00
600;Marginal price Day Ahead market Spain;3;Spain;0;2025-05-19T10:00:00+02:00
600;Marginal price Day Ahead market Spain;3;Spain;-0.5;2025-05-19T11:00:00+02:00
600;Marginal price Day Ahead market Spain;3;Spain;-1.01;2025-05-19T12:00:00+02:00
600;Marginal price Day Ahead market Spain;3;Spain;-1.5;2025-05-19T13:00:00+02:00
600;Marginal price Day Ahead market Spain;3;Spain;-1.54;2025-05-19T14:00:00+02:00
600;Marginal price Day Ahead market Spain;3;Spain;-2;2025-05-19T15:00:00+02:00
600;Marginal price Day Ahead market Spain;3;Spain;-2.5;2025-05-19T16:00:00+02:00
600;Marginal price Day Ahead market Spain;3;Spain;-1.54;2025-05-19T17:00:00+02:00
600;Marginal price Day Ahead market Spain;3;Spain;-0.62;2025-05-19T18:00:00+02:00
600;Marginal price Day Ahead market Spain;3;Spain;0.66;2025-05-19T19:00:00+02:00
600;Marginal price Day Ahead market Spain;3;Spain;22.2;2025-05-19T20:00:00+02:00
600;Marginal price Day Ahead market Spain;3;Spain;37.94;2025-05-19T21:00:00+02:00
600;Marginal price Day Ahead market Spain;3;Spain;37.22;2025-05-19T22:00:00+02:00
600;Marginal price Day Ahead market Spain;3;Spain;29.86;2025-05-19T23:00:00+02:00
600;Marginal price Day Ahead market Spain;3;Spain;20.53;2025-05-20T00:00:00+02:00
600;Marginal price Day Ahead market Spain;3;Spain;16.93;2025-05-20T01:00:00+02:00
600;Marginal price Day Ahead market Spain;3;Spain;13.58;2025-05-20T02:00:00+02:00
600;Marginal price Day Ahead market Spain;3;Spain;7.74;2025-05-20T03:00:00+02:00
600;Marginal price Day Ahead market Spain;3;Spain;7;2025-05-20T04:00:00+02:00
600;Marginal price Day Ahead market Spain;3;Spain;18.26;2025-05-20T05:00:00+02:00
600;Marginal price Day Ahead market Spain;3;Spain;25.66;2025-05-20T06:00:00+02:00
600;Marginal price Day Ahead market Spain;3;Spain;35.09;2025-05-20T07:00:00+02:00
600;Marginal price Day Ahead market Spain;3;Spain;20.2;2025-05-20T08:00:00+02:00
600;Marginal price Day Ahead market Spain;3;Spain;0;2025-05-20T09:00:00+02:00
600;Marginal price Day Ahead market Spain;3;Spain;-0.3;2025-05-20T10:00:00+02:00
600;Marginal price Day Ahead market Spain;3;Spain;-1.1;2025-05-20T11:00:00+02:00
600;Marginal price Day Ahead market Spain;3;Spain;-1.54;2025-05-20T12:00:00+02:00
600;Marginal price Day Ahead market Spain;3;Spain;-1.81;2025-05-20T13:00:00+02:00
600;Marginal price Day Ahead market Spain;3;Spain;-2.1;2025-05-20T14:00:00+02:00
600;Marginal price Day Ahead market Spain;3;Spain;-3.75;2025-05-20T15:00:00+02:00
600;Marginal price Day Ahead market Spain;3;Spain;-3.4;2025-05-20T16:00:00+02:00
600;Marginal price Day Ahead market Spain;3;Spain;-1.54;2025-05-20T17:00:00+02:00
600;Marginal price Day Ahead market Spain;3;Spain;-0.04;2025-05-20T18:00:00+02:00
600;Marginal price Day Ahead market Spain;3;Spain;3.52;2025-05-20T19:00:00+02:00
600;Marginal price Day Ahead market Spain;3;Spain;25.96;2025-05-20T20:00:00+02:00
600;Marginal price Day Ahead market Spain;3;Spain;53.91;2025-05-20T21:00:00+02:00
600;Marginal price Day Ahead market Spain;3;Spain;54;2025-05-20T22:00:00+02:00
600;Marginal price Day Ahead market Spain;3;Spain;35.01;2025-05-20T23:00:00+02:00
600;Marginal price Day Ahead market Spain;3;Spain;35;2025-05-21T00:00:00+02:00
600;Marginal price Day Ahead market Spain;3;Spain;30.2;2025-05-21T01:00:00+02:00
600;Marginal price Day Ahead market Spain;3;Spain;28.65;2025-05-21T02:00:00+02:00
600;Marginal price Day Ahead market Spain;3;Spain;22.03;2025-05-21T03:00:00+02:00
600;Marginal price Day Ahead market Spain;3;Spain;26.72;2025-05-21T04:00:00+02:00
600;Marginal price Day Ahead market Spain;3;Spain;30.2;2025-05-21T05:00:00+02:00
600;Marginal price Day Ahead market Spain;3;Spain;35.09;2025-05-21T06:00:00+02:00
600;Marginal price Day Ahead market Spain;3;Spain;58.87;2025-05-21T07:00:00+02:00
600;Marginal price Day Ahead market Spain;3;Spain;35.01;2025-05-21T08:00:00+02:00
600;Marginal price Day Ahead market Spain;3;Spain;10;2025-05-21T09:00:00+02:00
600;Marginal price Day Ahead market Spain;3;Spain;0;2025-05-21T10:00:00+02:00
600;Marginal price Day Ahead market Spain;3;Spain;-0.3;2025-05-21T11:00:00+02:00
600;Marginal price Day Ahead market Spain;3;Spain;-0.6;2025-05-21T12:00:00+02:00
600;Marginal price Day Ahead market Spain;3;Spain;-0.6;2025-05-21T13:00:00+02:00
600;Marginal price Day Ahead market Spain;3;Spain;-1;2025-05-21T14:00:00+02:00
600;Marginal price Day Ahead market Spain;3;Spain;-1.1;2025-05-21T15:00:00+02:00
600;Marginal price Day Ahead market Spain;3;Spain;-1.1;2025-05-21T16:00:00+02:00
600;Marginal price Day Ahead market Spain;3;Spain;-0.6;2025-05-21T17:00:00+02:00
600;Marginal price Day Ahead market Spain;3;Spain;0;2025-05-21T18:00:00+02:00
600;Marginal price Day Ahead market Spain;3;Spain;5.79;2025-05-21T19:00:00+02:00
600;Marginal price Day Ahead market Spain;3;Spain;34.94;2025-05-21T20:00:00+02:00
600;Marginal price Day Ahead market Spain;3;Spain;68.21;2025-05-21T21:00:00+02:00
600;Marginal price Day Ahead market Spain;3;Spain;41.93;2025-05-21T22:00:00+02:00
600;Marginal price Day Ahead market Spain;3;Spain;27.23;2025-05-21T23:00:00+02:00
600;Marginal price Day Ahead market Spain;3;Spain;13.06;2025-05-22T00:00:00+02:00
600;Marginal price Day Ahead market Spain;3;Spain;11;2025-05-22T01:00:00+02:00
600;Marginal price Day Ahead market Spain;3;Spain;7;2025-05-22T02:00:00+02:00
600;Marginal price Day Ahead market Spain;3;Spain;5.11;2025-05-22T03:00:00+02:00
600;Marginal price Day Ahead market Spain;3;Spain;5.11;2025-05-22T04:00:00+02:00
600;Marginal price Day Ahead market Spain;3;Spain;5.11;2025-05-22T05:00:00+02:00
600;Marginal price Day Ahead market Spain;3;Spain;6;2025-05-22T06:00:00+02:00
600;Marginal price Day Ahead market Spain;3;Spain;12.1;2025-05-22T07:00:00+02:00
600;Marginal price Day Ahead market Spain;3;Spain;0.65;2025-05-22T08:00:00+02:00
600;Marginal price Day Ahead market Spain;3;Spain;0;2025-05-22T09:00:00+02:00
600;Marginal price Day Ahead market Spain;3;Spain;-0.6;2025-05-22T10:00:00+02:00
600;Marginal price Day Ahead market Spain;3;Spain;-4;2025-05-22T11:00:00+02:00
600;Marginal price Day Ahead market Spain;3;Spain;-5;2025-05-22T12:00:00+02:00
600;Marginal price Day Ahead market Spain;3;Spain;-5;2025-05-22T13:00:00+02:00
600;Marginal price Day Ahead market Spain;3;Spain;-5;2025-05-22T14:00:00+02:00
600;Marginal price Day Ahead market Spain;3;Spain;-5;2025-05-22T15:00:00+02:00
600;Marginal price Day Ahead market Spain;3;Spain;-5;2025-05-22T16:00:00+02:00
600;Marginal price Day Ahead market Spain;3;Spain;-3;2025-05-22T17:00:00+02:00
600;Marginal price Day Ahead market Spain;3;Spain;-0.04;2025-05-22T18:00:00+02:00
600;Marginal price Day Ahead market Spain;3;Spain;2;2025-05-22T19:00:00+02:00
600;Marginal price Day Ahead market Spain;3;Spain;3.6;2025-05-22T20:00:00+02:00
600;Marginal price Day Ahead market Spain;3;Spain;24.42;2025-05-22T21:00:00+02:00
600;Marginal price Day Ahead market Spain;3;Spain;12.82;2025-05-22T22:00:00+02:00
600;Marginal price Day Ahead market Spain;3;Spain;5;2025-05-22T23:00:00+02:00
600;Marginal price Day Ahead market Spain;3;Spain;9.22;2025-05-23T00:00:00+02:00
600;Marginal price Day Ahead market Spain;3;Spain;7.69;2025-05-23T01:00:00+02:00
600;Marginal price Day Ahead market Spain;3;Spain;9.37;2025-05-23T02:00:00+02:00
600;Marginal price Day Ahead market Spain;3;Spain;5.8;2025-05-23T03:00:00+02:00
600;Marginal price Day Ahead market Spain;3;Spain;5.11;2025-05-23T04:00:00+02:00
600;Marginal price Day Ahead market Spain;3;Spain;4.9;2025-05-23T05:00:00+02:00
600;Marginal price Day Ahead market Spain;3;Spain;5.66;2025-05-23T06:00:00+02:00
600;Marginal price Day Ahead market Spain;3;Spain;12.34;2025-05-23T07:00:00+02:00
600;Marginal price Day Ahead market Spain;3;Spain;4.23;2025-05-23T08:00:00+02:00
600;Marginal price Day Ahead market Spain;3;Spain;1.72;2025-05-23T09:00:00+02:00
600;Marginal price Day Ahead market Spain;3;Spain;0;2025-05-23T10:00:00+02:00
600;Marginal price Day Ahead market Spain;3;Spain;-0.5;2025-05-23T11:00:00+02:00
600;Marginal price Day Ahead market Spain;3;Spain;-0.6;2025-05-23T12:00:00+02:00
600;Marginal price Day Ahead market Spain;3;Spain;-0.6;2025-05-23T13:00:00+02:00
600;Marginal price Day Ahead market Spain;3;Spain;-1.54;2025-05-23T14:00:00+02:00
600;Marginal price Day Ahead market Spain;3;Spain;-3;2025-05-23T15:00:00+02:00
600;Marginal price Day Ahead market Spain;3;Spain;-3;2025-05-23T16:00:00+02:00
600;Marginal price Day Ahead market Spain;3;Spain;-1.54;2025-05-23T17:00:00+02:00
600;Marginal price Day Ahead market Spain;3;Spain;-0.45;2025-05-23T18:00:00+02:00
600;Marginal price Day Ahead market Spain;3;Spain;0.65;2025-05-23T19:00:00+02:00
600;Marginal price Day Ahead market Spain;3;Spain;5.76;2025-05-23T20:00:00+02:00
600;Marginal price Day Ahead market Spain;3;Spain;31;2025-05-23T21:00:00+02:00
600;Marginal price Day Ahead market Spain;3;Spain;17.94;2025-05-23T22:00:00+02:00
600;Marginal price Day Ahead market Spain;3;Spain;12.58;2025-05-23T23:00:00+02:00
600;Marginal price Day Ahead market Spain;3;Spain;14;2025-05-24T00:00:00+02:00
600;Marginal price Day Ahead market Spain;3;Spain;12;2025-05-24T01:00:00+02:00
600;Marginal price Day Ahead market Spain;3;Spain;10.93;2025-05-24T02:00:00+02:00
600;Marginal price Day Ahead market Spain;3;Spain;10.34;2025-05-24T03:00:00+02:00
600;Marginal price Day Ahead market Spain;3;Spain;9.56;2025-05-24T04:00:00+02:00
600;Marginal price Day Ahead market Spain;3;Spain;9.99;2025-05-24T05:00:00+02:00
600;Marginal price Day Ahead market Spain;3;Spain;13.32;2025-05-24T06:00:00+02:00
600;Marginal price Day Ahead market Spain;3;Spain;6;2025-05-24T07:00:00+02:00
600;Marginal price Day Ahead market Spain;3;Spain;3.28;2025-05-24T08:00:00+02:00
600;Marginal price Day Ahead market Spain;3;Spain;-1;2025-05-24T09:00:00+02:00
600;Marginal price Day Ahead market Spain;3;Spain;-5;2025-05-24T10:00:00+02:00
600;Marginal price Day Ahead market Spain;3;Spain;-6;2025-05-24T11:00:00+02:00
600;Marginal price Day Ahead market Spain;3;Spain;-6;2025-05-24T12:00:00+02:00
600;Marginal price Day Ahead market Spain;3;Spain;-6;2025-05-24T13:00:00+02:00
600;Marginal price Day Ahead market Spain;3;Spain;-6;2025-05-24T14:00:00+02:00
600;Marginal price Day Ahead market Spain;3;Spain;-8.01;2025-05-24T15:00:00+02:00
600;Marginal price Day Ahead market Spain;3;Spain;-9.7;2025-05-24T16:00:00+02:00
600;Marginal price Day Ahead market Spain;3;Spain;-6.01;2025-05-24T17:00:00+02:00
600;Marginal price Day Ahead market Spain;3;Spain;-5.8;2025-05-24T18:00:00+02:00
600;Marginal price Day Ahead market Spain;3;Spain;-0.02;2025-05-24T19:00:00+02:00
600;Marginal price Day Ahead market Spain;3;Spain;17.72;2025-05-24T20:00:00+02:00
600;Marginal price Day Ahead market Spain;3;Spain;36.1;2025-05-24T21:00:00+02:00
600;Marginal price Day Ahead market Spain;3;Spain;52;2025-05-24T22:00:00+02:00
600;Marginal price Day Ahead market Spain;3;Spain;37;2025-05-24T23:00:00+02:00
600;Marginal price Day Ahead market Spain;3;Spain;30;2025-05-25T00:00:00+02:00
600;Marginal price Day Ahead market Spain;3;Spain;21;2025-05-25T01:00:00+02:00
600;Marginal price Day Ahead market Spain;3;Spain;18.66;2025-05-25T02:00:00+02:00
600;Marginal price Day Ahead market Spain;3;Spain;17.08;2025-05-25T03:00:00+02:00
600;Marginal price Day Ahead market Spain;3;Spain;16.01;2025-05-25T04:00:00+02:00
600;Marginal price Day Ahead market Spain;3;Spain;15.1;2025-05-25T05:00:00+02:00
600;Marginal price Day Ahead market Spain;3;Spain;15.5;2025-05-25T06:00:00+02:00
600;Marginal price Day Ahead market Spain;3;Spain;5.71;2025-05-25T07:00:00+02:00
600;Marginal price Day Ahead market Spain;3;Spain;0.01;2025-05-25T08:00:00+02:00
600;Marginal price Day Ahead market Spain;3;Spain;-1;2025-05-25T09:00:00+02:00
600;Marginal price Day Ahead market Spain;3;Spain;-5;2025-05-25T10:00:00+02:00
600;Marginal price Day Ahead market Spain;3;Spain;-6;2025-05-25T11:00:00+02:00
600;Marginal price Day Ahead market Spain;3;Spain;-7.71;2025-05-25T12:00:00+02:00
600;Marginal price Day Ahead market Spain;3;Spain;-15;2025-05-25T13:00:00+02:00
600;Marginal price Day Ahead market Spain;3;Spain;-15;2025-05-25T14:00:00+02:00
600;Marginal price Day Ahead market Spain;3;Spain;-14;2025-05-25T15:00:00+02:00
600;Marginal price Day Ahead market Spain;3;Spain;-9.02;2025-05-25T16:00:00+02:00
600;Marginal price Day Ahead market Spain;3;Spain;-6;2025-05-25T17:00:00+02:00
600;Marginal price Day Ahead market Spain;3;Spain;-3.99;2025-05-25T18:00:00+02:00
600;Marginal price Day Ahead market Spain;3;Spain;0;2025-05-25T19:00:00+02:00
600;Marginal price Day Ahead market Spain;3;Spain;17.03;2025-05-25T20:00:00+02:00
600;Marginal price Day Ahead market Spain;3;Spain;26.71;2025-05-25T21:00:00+02:00
600;Marginal price Day Ahead market Spain;3;Spain;35.01;2025-05-25T22:00:00+02:00
600;Marginal price Day Ahead market Spain;3;Spain;20.17;2025-05-25T23:00:00+02:00
600;Marginal price Day Ahead market Spain;3;Spain;26.25;2025-05-26T00:00:00+02:00
600;Marginal price Day Ahead market Spain;3;Spain;18.04;2025-05-26T01:00:00+02:00
600;Marginal price Day Ahead market Spain;3;Spain;16.64;2025-05-26T02:00:00+02:00
600;Marginal price Day Ahead market Spain;3;Spain;14.43;2025-05-26T03:00:00+02:00
600;Marginal price Day Ahead market Spain;3;Spain;16.4;2025-05-26T04:00:00+02:00
600;Marginal price Day Ahead market Spain;3;Spain;20;2025-05-26T05:00:00+02:00
600;Marginal price Day Ahead market Spain;3;Spain;25.78;2025-05-26T06:00:00+02:00
600;Marginal price Day Ahead market Spain;3;Spain;35.01;2025-05-26T07:00:00+02:00
600;Marginal price Day Ahead market Spain;3;Spain;25.3;2025-05-26T08:00:00+02:00
600;Marginal price Day Ahead market Spain;3;Spain;0.01;2025-05-26T09:00:00+02:00
600;Marginal price Day Ahead market Spain;3;Spain;0;2025-05-26T10:00:00+02:00
600;Marginal price Day Ahead market Spain;3;Spain;-0.01;2025-05-26T11:00:00+02:00
600;Marginal price Day Ahead market Spain;3;Spain;-0.01;2025-05-26T12:00:00+02:00
600;Marginal price Day Ahead market Spain;3;Spain;-0.01;2025-05-26T13:00:00+02:00
600;Marginal price Day Ahead market Spain;3;Spain;-0.02;2025-05-26T14:00:00+02:00
600;Marginal price Day Ahead market Spain;3;Spain;-0.5;2025-05-26T15:00:00+02:00
600;Marginal price Day Ahead market Spain;3;Spain;-0.3;2025-05-26T16:00:00+02:00
600;Marginal price Day Ahead market Spain;3;Spain;-0.01;2025-05-26T17:00:00+02:00
600;Marginal price Day Ahead market Spain;3;Spain;3.52;2025-05-26T18:00:00+02:00
600;Marginal price Day Ahead market Spain;3;Spain;5.11;2025-05-26T19:00:00+02:00
600;Marginal price Day Ahead market Spain;3;Spain;35.09;2025-05-26T20:00:00+02:00
600;Marginal price Day Ahead market Spain;3;Spain;76.06;2025-05-26T21:00:00+02:00
600;Marginal price Day Ahead market Spain;3;Spain;60.14;2025-05-26T22:00:00+02:00
600;Marginal price Day Ahead market Spain;3;Spain;35.33;2025-05-26T23:00:00+02:00
600;Marginal price Day Ahead market Spain;3;Spain;35.01;2025-05-27T00:00:00+02:00
600;Marginal price Day Ahead market Spain;3;Spain;30.5;2025-05-27T01:00:00+02:00
600;Marginal price Day Ahead market Spain;3;Spain;22.46;2025-05-27T02:00:00+02:00
600;Marginal price Day Ahead market Spain;3;Spain;20;2025-05-27T03:00:00+02:00
600;Marginal price Day Ahead market Spain;3;Spain;21.03;2025-05-27T04:00:00+02:00
600;Marginal price Day Ahead market Spain;3;Spain;26.01;2025-05-27T05:00:00+02:00
600;Marginal price Day Ahead market Spain;3;Spain;33.44;2025-05-27T06:00:00+02:00
600;Marginal price Day Ahead market Spain;3;Spain;36.26;2025-05-27T07:00:00+02:00
600;Marginal price Day Ahead market Spain;3;Spain;33;2025-05-27T08:00:00+02:00
600;Marginal price Day Ahead market Spain;3;Spain;18;2025-05-27T09:00:00+02:00
600;Marginal price Day Ahead market Spain;3;Spain;0.03;2025-05-27T10:00:00+02:00
600;Marginal price Day Ahead market Spain;3;Spain;-0.01;2025-05-27T11:00:00+02:00
600;Marginal price Day Ahead market Spain;3;Spain;-0.01;2025-05-27T12:00:00+02:00
600;Marginal price Day Ahead market Spain;3;Spain;-0.01;2025-05-27T13:00:00+02:00
600;Marginal price Day Ahead market Spain;3;Spain;-0.01;2025-05-27T14:00:00+02:00
600;Marginal price Day Ahead market Spain;3;Spain;-0.01;2025-05-27T15:00:00+02:00
600;Marginal price Day Ahead market Spain;3;Spain;-0.01;2025-05-27T16:00:00+02:00
600;Marginal price Day Ahead market Spain;3;Spain;-0.01;2025-05-27T17:00:00+02:00
600;Marginal price Day Ahead market Spain;3;Spain;0;2025-05-27T18:00:00+02:00
600;Marginal price Day Ahead market Spain;3;Spain;32.5;2025-05-27T19:00:00+02:00
600;Marginal price Day Ahead market Spain;3;Spain;49.56;2025-05-27T20:00:00+02:00
600;Marginal price Day Ahead market Spain;3;Spain;111.16;2025-05-27T21:00:00+02:00
600;Marginal price Day Ahead market Spain;3;Spain;100;2025-05-27T22:00:00+02:00
600;Marginal price Day Ahead market Spain;3;Spain;75.31;2025-05-27T23:00:00+02:00
600;Marginal price Day Ahead market Spain;3;Spain;35.01;2025-05-28T00:00:00+02:00
600;Marginal price Day Ahead market Spain;3;Spain;30.5;2025-05-28T01:00:00+02:00
600;Marginal price Day Ahead market Spain;3;Spain;33.27;2025-05-28T02:00:00+02:00
600;Marginal price Day Ahead market Spain;3;Spain;32.02;2025-05-28T03:00:00+02:00
600;Marginal price Day Ahead market Spain;3;Spain;32;2025-05-28T04:00:00+02:00
600;Marginal price Day Ahead market Spain;3;Spain;31.08;2025-05-28T05:00:00+02:00
600;Marginal price Day Ahead market Spain;3;Spain;35.01;2025-05-28T06:00:00+02:00
600;Marginal price Day Ahead market Spain;3;Spain;54.88;2025-05-28T07:00:00+02:00
600;Marginal price Day Ahead market Spain;3;Spain;35.01;2025-05-28T08:00:00+02:00
600;Marginal price Day Ahead market Spain;3;Spain;17.2;2025-05-28T09:00:00+02:00
600;Marginal price Day Ahead market Spain;3;Spain;0.85;2025-05-28T10:00:00+02:00
600;Marginal price Day Ahead market Spain;3;Spain;-0.01;2025-05-28T11:00:00+02:00
600;Marginal price Day Ahead market Spain;3;Spain;-0.01;2025-05-28T12:00:00+02:00
600;Marginal price Day Ahead market Spain;3;Spain;-0.01;2025-05-28T13:00:00+02:00
600;Marginal price Day Ahead market Spain;3;Spain;-0.5;2025-05-28T14:00:00+02:00
600;Marginal price Day Ahead market Spain;3;Spain;-0.6;2025-05-28T15:00:00+02:00
600;Marginal price Day Ahead market Spain;3;Spain;-0.62;2025-05-28T16:00:00+02:00
600;Marginal price Day Ahead market Spain;3;Spain;-0.01;2025-05-28T17:00:00+02:00
600;Marginal price Day Ahead market Spain;3;Spain;1.72;2025-05-28T18:00:00+02:00
600;Marginal price Day Ahead market Spain;3;Spain;23;2025-05-28T19:00:00+02:00
600;Marginal price Day Ahead market Spain;3;Spain;55.18;2025-05-28T20:00:00+02:00
600;Marginal price Day Ahead market Spain;3;Spain;96;2025-05-28T21:00:00+02:00
600;Marginal price Day Ahead market Spain;3;Spain;100.86;2025-05-28T22:00:00+02:00
600;Marginal price Day Ahead market Spain;3;Spain;54.88;2025-05-28T23:00:00+02:00
600;Marginal price Day Ahead market Spain;3;Spain;49.63;2025-05-29T00:00:00+02:00
600;Marginal price Day Ahead market Spain;3;Spain;39;2025-05-29T01:00:00+02:00
600;Marginal price Day Ahead market Spain;3;Spain;43.81;2025-05-29T02:00:00+02:00
600;Marginal price Day Ahead market Spain;3;Spain;39.22;2025-05-29T03:00:00+02:00
600;Marginal price Day Ahead market Spain;3;Spain;38.24;2025-05-29T04:00:00+02:00
600;Marginal price Day Ahead market Spain;3;Spain;40.01;2025-05-29T05:00:00+02:00
600;Marginal price Day Ahead market Spain;3;Spain;37.95;2025-05-29T06:00:00+02:00
600;Marginal price Day Ahead market Spain;3;Spain;45;2025-05-29T07:00:00+02:00
600;Marginal price Day Ahead market Spain;3;Spain;38.24;2025-05-29T08:00:00+02:00
600;Marginal price Day Ahead market Spain;3;Spain;16.06;2025-05-29T09:00:00+02:00
600;Marginal price Day Ahead market Spain;3;Spain;3.52;2025-05-29T10:00:00+02:00
600;Marginal price Day Ahead market Spain;3;Spain;0.65;2025-05-29T11:00:00+02:00
600;Marginal price Day Ahead market Spain;3;Spain;-0.01;2025-05-29T12:00:00+02:00
600;Marginal price Day Ahead market Spain;3;Spain;-0.48;2025-05-29T13:00:00+02:00
600;Marginal price Day Ahead market Spain;3;Spain;-0.9;2025-05-29T14:00:00+02:00
600;Marginal price Day Ahead market Spain;3;Spain;-0.12;2025-05-29T15:00:00+02:00
600;Marginal price Day Ahead market Spain;3;Spain;-0.01;2025-05-29T16:00:00+02:00
600;Marginal price Day Ahead market Spain;3;Spain;0.07;2025-05-29T17:00:00+02:00
600;Marginal price Day Ahead market Spain;3;Spain;17.77;2025-05-29T18:00:00+02:00
600;Marginal price Day Ahead market Spain;3;Spain;36.13;2025-05-29T19:00:00+02:00
600;Marginal price Day Ahead market Spain;3;Spain;71.63;2025-05-29T20:00:00+02:00
600;Marginal price Day Ahead market Spain;3;Spain;134.99;2025-05-29T21:00:00+02:00
600;Marginal price Day Ahead market Spain;3;Spain;119.02;2025-05-29T22:00:00+02:00
600;Marginal price Day Ahead market Spain;3;Spain;70.9;2025-05-29T23:00:00+02:00
600;Marginal price Day Ahead market Spain;3;Spain;55;2025-05-30T00:00:00+02:00
600;Marginal price Day Ahead market Spain;3;Spain;53.1;2025-05-30T01:00:00+02:00
600;Marginal price Day Ahead market Spain;3;Spain;47.7;2025-05-30T02:00:00+02:00
600;Marginal price Day Ahead market Spain;3;Spain;45.78;2025-05-30T03:00:00+02:00
600;Marginal price Day Ahead market Spain;3;Spain;45.54;2025-05-30T04:00:00+02:00
600;Marginal price Day Ahead market Spain;3;Spain;46.08;2025-05-30T05:00:00+02:00
600;Marginal price Day Ahead market Spain;3;Spain;49.55;2025-05-30T06:00:00+02:00
600;Marginal price Day Ahead market Spain;3;Spain;68.38;2025-05-30T07:00:00+02:00
600;Marginal price Day Ahead market Spain;3;Spain;53.01;2025-05-30T08:00:00+02:00
600;Marginal price Day Ahead market Spain;3;Spain;29.13;2025-05-30T09:00:00+02:00
600;Marginal price Day Ahead market Spain;3;Spain;1.83;2025-05-30T10:00:00+02:00
600;Marginal price Day Ahead market Spain;3;Spain;0;2025-05-30T11:00:00+02:00
600;Marginal price Day Ahead market Spain;3;Spain;-0.01;2025-05-30T12:00:00+02:00
600;Marginal price Day Ahead market Spain;3;Spain;-0.01;2025-05-30T13:00:00+02:00
600;Marginal price Day Ahead market Spain;3;Spain;-0.07;2025-05-30T14:00:00+02:00
600;Marginal price Day Ahead market Spain;3;Spain;-0.07;2025-05-30T15:00:00+02:00
600;Marginal price Day Ahead market Spain;3;Spain;-0.01;2025-05-30T16:00:00+02:00
600;Marginal price Day Ahead market Spain;3;Spain;5;2025-05-30T17:00:00+02:00
600;Marginal price Day Ahead market Spain;3;Spain;45.36;2025-05-30T18:00:00+02:00
600;Marginal price Day Ahead market Spain;3;Spain;55.28;2025-05-30T19:00:00+02:00
600;Marginal price Day Ahead market Spain;3;Spain;100.29;2025-05-30T20:00:00+02:00
600;Marginal price Day Ahead market Spain;3;Spain;120.59;2025-05-30T21:00:00+02:00
600;Marginal price Day Ahead market Spain;3;Spain;130.19;2025-05-30T22:00:00+02:00
600;Marginal price Day Ahead market Spain;3;Spain;103.35;2025-05-30T23:00:00+02:00
600;Marginal price Day Ahead market Spain;3;Spain;107;2025-05-31T00:00:00+02:00
600;Marginal price Day Ahead market Spain;3;Spain;89.74;2025-05-31T01:00:00+02:00
600;Marginal price Day Ahead market Spain;3;Spain;70.55;2025-05-31T02:00:00+02:00
600;Marginal price Day Ahead market Spain;3;Spain;72;2025-05-31T03:00:00+02:00
600;Marginal price Day Ahead market Spain;3;Spain;83.61;2025-05-31T04:00:00+02:00
600;Marginal price Day Ahead market Spain;3;Spain;80;2025-05-31T05:00:00+02:00
600;Marginal price Day Ahead market Spain;3;Spain;83.61;2025-05-31T06:00:00+02:00
600;Marginal price Day Ahead market Spain;3;Spain;64.31;2025-05-31T07:00:00+02:00
600;Marginal price Day Ahead market Spain;3;Spain;33.55;2025-05-31T08:00:00+02:00
600;Marginal price Day Ahead market Spain;3;Spain;1;2025-05-31T09:00:00+02:00
600;Marginal price Day Ahead market Spain;3;Spain;-0.02;2025-05-31T10:00:00+02:00
600;Marginal price Day Ahead market Spain;3;Spain;-1;2025-05-31T11:00:00+02:00
600;Marginal price Day Ahead market Spain;3;Spain;-3.07;2025-05-31T12:00:00+02:00
600;Marginal price Day Ahead market Spain;3;Spain;-5;2025-05-31T13:00:00+02:00
600;Marginal price Day Ahead market Spain;3;Spain;-5.48;2025-05-31T14:00:00+02:00
600;Marginal price Day Ahead market Spain;3;Spain;-3;2025-05-31T15:00:00+02:00
600;Marginal price Day Ahead market Spain;3;Spain;-0.05;2025-05-31T16:00:00+02:00
600;Marginal price Day Ahead market Spain;3;Spain;0;2025-05-31T17:00:00+02:00
600;Marginal price Day Ahead market Spain;3;Spain;1.93;2025-05-31T18:00:00+02:00
600;Marginal price Day Ahead market Spain;3;Spain;31.78;2025-05-31T19:00:00+02:00
600;Marginal price Day Ahead market Spain;3;Spain;62;2025-05-31T20:00:00+02:00
600;Marginal price Day Ahead market Spain;3;Spain;64.31;2025-05-31T21:00:00+02:00
600;Marginal price Day Ahead market Spain;3;Spain;74.44;2025-05-31T22:00:00+02:00
600;Marginal price Day Ahead market Spain;3;Spain;63.5;2025-05-31T23:00:00+02:00
600;Marginal price Day Ahead market Spain;3;Spain;60;2025-06-01T00:00:00+02:00
600;Marginal price Day Ahead market Spain;3;Spain;36.07;2025-06-01T01:00:00+02:00
600;Marginal price Day Ahead market Spain;3;Spain;35.01;2025-06-01T02:00:00+02:00
600;Marginal price Day Ahead market Spain;3;Spain;34.95;2025-06-01T03:00:00+02:00
600;Marginal price Day Ahead market Spain;3;Spain;34.43;2025-06-01T04:00:00+02:00
600;Marginal price Day Ahead market Spain;3;Spain;35;2025-06-01T05:00:00+02:00
600;Marginal price Day Ahead market Spain;3;Spain;35.01;2025-06-01T06:00:00+02:00
600;Marginal price Day Ahead market Spain;3;Spain;32.22;2025-06-01T07:00:00+02:00
600;Marginal price Day Ahead market Spain;3;Spain;2.4;2025-06-01T08:00:00+02:00
600;Marginal price Day Ahead market Spain;3;Spain;-0.01;2025-06-01T09:00:00+02:00
600;Marginal price Day Ahead market Spain;3;Spain;-0.6;2025-06-01T10:00:00+02:00
600;Marginal price Day Ahead market Spain;3;Spain;-2.11;2025-06-01T11:00:00+02:00
600;Marginal price Day Ahead market Spain;3;Spain;-5.48;2025-06-01T12:00:00+02:00
600;Marginal price Day Ahead market Spain;3;Spain;-6;2025-06-01T13:00:00+02:00
600;Marginal price Day Ahead market Spain;3;Spain;-6;2025-06-01T14:00:00+02:00
600;Marginal price Day Ahead market Spain;3;Spain;-6.01;2025-06-01T15:00:00+02:00
600;Marginal price Day Ahead market Spain;3;Spain;-6;2025-06-01T16:00:00+02:00
600;Marginal price Day Ahead market Spain;3;Spain;-0.62;2025-06-01T17:00:00+02:00
600;Marginal price Day Ahead market Spain;3;Spain;2.94;2025-06-01T18:00:00+02:00
600;Marginal price Day Ahead market Spain;3;Spain;22.82;2025-06-01T19:00:00+02:00
600;Marginal price Day Ahead market Spain;3;Spain;35.01;2025-06-01T20:00:00+02:00
600;Marginal price Day Ahead market Spain;3;Spain;40.55;2025-06-01T21:00:00+02:00
600;Marginal price Day Ahead market Spain;3;Spain;53.96;2025-06-01T22:00:00+02:00
600;Marginal price Day Ahead market Spain;3;Spain;40.41;2025-06-01T23:00:00+02:00
600;Marginal price Day Ahead market Spain;3;Spain;30.24;2025-06-02T00:00:00+02:00
600;Marginal price Day Ahead market Spain;3;Spain;27.25;2025-06-02T01:00:00+02:00
600;Marginal price Day Ahead market Spain;3;Spain;26.66;2025-06-02T02:00:00+02:00
600;Marginal price Day Ahead market Spain;3;Spain;19.1;2025-06-02T03:00:00+02:00
600;Marginal price Day Ahead market Spain;3;Spain;20.01;2025-06-02T04:00:00+02:00
600;Marginal price Day Ahead market Spain;3;Spain;18.89;2025-06-02T05:00:00+02:00
600;Marginal price Day Ahead market Spain;3;Spain;35.01;2025-06-02T06:00:00+02:00
600;Marginal price Day Ahead market Spain;3;Spain;45.59;2025-06-02T07:00:00+02:00
600;Marginal price Day Ahead market Spain;3;Spain;52.96;2025-06-02T08:00:00+02:00
600;Marginal price Day Ahead market Spain;3;Spain;40.01;2025-06-02T09:00:00+02:00
600;Marginal price Day Ahead market Spain;3;Spain;17.55;2025-06-02T10:00:00+02:00
600;Marginal price Day Ahead market Spain;3;Spain;2.95;2025-06-02T11:00:00+02:00
600;Marginal price Day Ahead market Spain;3;Spain;0.85;2025-06-02T12:00:00+02:00
600;Marginal price Day Ahead market Spain;3;Spain;0.46;2025-06-02T13:00:00+02:00
600;Marginal price Day Ahead market Spain;3;Spain;0;2025-06-02T14:00:00+02:00
600;Marginal price Day Ahead market Spain;3;Spain;0;2025-06-02T15:00:00+02:00
600;Marginal price Day Ahead market Spain;3;Spain;0;2025-06-02T16:00:00+02:00
600;Marginal price Day Ahead market Spain;3;Spain;1.72;2025-06-02T17:00:00+02:00
600;Marginal price Day Ahead market Spain;3;Spain;14.9;2025-06-02T18:00:00+02:00
600;Marginal price Day Ahead market Spain;3;Spain;40.3;2025-06-02T19:00:00+02:00
600;Marginal price Day Ahead market Spain;3;Spain;88.05;2025-06-02T20:00:00+02:00
600;Marginal price Day Ahead market Spain;3;Spain;100;2025-06-02T21:00:00+02:00
600;Marginal price Day Ahead market Spain;3;Spain;98.21;2025-06-02T22:00:00+02:00
600;Marginal price Day Ahead market Spain;3;Spain;66.5;2025-06-02T23:00:00+02:00
600;Marginal price Day Ahead market Spain;3;Spain;80;2025-06-03T00:00:00+02:00
600;Marginal price Day Ahead market Spain;3;Spain;69.76;2025-06-03T01:00:00+02:00
600;Marginal price Day Ahead market Spain;3;Spain;69.76;2025-06-03T02:00:00+02:00
600;Marginal price Day Ahead market Spain;3;Spain;69.76;2025-06-03T03:00:00+02:00
600;Marginal price Day Ahead market Spain;3;Spain;69.76;2025-06-03T04:00:00+02:00
600;Marginal price Day Ahead market Spain;3;Spain;80.95;2025-06-03T05:00:00+02:00
600;Marginal price Day Ahead market Spain;3;Spain;95.94;2025-06-03T06:00:00+02:00
600;Marginal price Day Ahead market Spain;3;Spain;107.61;2025-06-03T07:00:00+02:00
600;Marginal price Day Ahead market Spain;3;Spain;82;2025-06-03T08:00:00+02:00
600;Marginal price Day Ahead market Spain;3;Spain;52;2025-06-03T09:00:00+02:00
600;Marginal price Day Ahead market Spain;3;Spain;31.45;2025-06-03T10:00:00+02:00
600;Marginal price Day Ahead market Spain;3;Spain;5;2025-06-03T11:00:00+02:00
600;Marginal price Day Ahead market Spain;3;Spain;1.03;2025-06-03T12:00:00+02:00
600;Marginal price Day Ahead market Spain;3;Spain;0;2025-06-03T13:00:00+02:00
600;Marginal price Day Ahead market Spain;3;Spain;0;2025-06-03T14:00:00+02:00
600;Marginal price Day Ahead market Spain;3;Spain;0;2025-06-03T15:00:00+02:00
600;Marginal price Day Ahead market Spain;3;Spain;0;2025-06-03T16:00:00+02:00
600;Marginal price Day Ahead market Spain;3;Spain;3.17;2025-06-03T17:00:00+02:00
600;Marginal price Day Ahead market Spain;3;Spain;17.71;2025-06-03T18:00:00+02:00
600;Marginal price Day Ahead market Spain;3;Spain;38.57;2025-06-03T19:00:00+02:00
600;Marginal price Day Ahead market Spain;3;Spain;53.1;2025-06-03T20:00:00+02:00
600;Marginal price Day Ahead market Spain;3;Spain;108.27;2025-06-03T21:00:00+02:00
600;Marginal price Day Ahead market Spain;3;Spain;108.78;2025-06-03T22:00:00+02:00
600;Marginal price Day Ahead market Spain;3;Spain;96.05;2025-06-03T23:00:00+02:00
600;Marginal price Day Ahead market Spain;3;Spain;89.6;2025-06-04T00:00:00+02:00
600;Marginal price Day Ahead market Spain;3;Spain;80.71;2025-06-04T01:00:00+02:00
600;Marginal price Day Ahead market Spain;3;Spain;75.14;2025-06-04T02:00:00+02:00
600;Marginal price Day Ahead market Spain;3;Spain;75;2025-06-04T03:00:00+02:00
600;Marginal price Day Ahead market Spain;3;Spain;74.52;2025-06-04T04:00:00+02:00
600;Marginal price Day Ahead market Spain;3;Spain;82.13;2025-06-04T05:00:00+02:00
600;Marginal price Day Ahead market Spain;3;Spain;98.22;2025-06-04T06:00:00+02:00
600;Marginal price Day Ahead market Spain;3;Spain;105;2025-06-04T07:00:00+02:00
600;Marginal price Day Ahead market Spain;3;Spain;78.1;2025-06-04T08:00:00+02:00
600;Marginal price Day Ahead market Spain;3;Spain;48.37;2025-06-04T09:00:00+02:00
600;Marginal price Day Ahead market Spain;3;Spain;32.35;2025-06-04T10:00:00+02:00
600;Marginal price Day Ahead market Spain;3;Spain;4.83;2025-06-04T11:00:00+02:00
600;Marginal price Day Ahead market Spain;3;Spain;3.6;2025-06-04T12:00:00+02:00
600;Marginal price Day Ahead market Spain;3;Spain;3.52;2025-06-04T13:00:00+02:00
600;Marginal price Day Ahead market Spain;3;Spain;1.72;2025-06-04T14:00:00+02:00
600;Marginal price Day Ahead market Spain;3;Spain;0.09;2025-06-04T15:00:00+02:00
600;Marginal price Day Ahead market Spain;3;Spain;0;2025-06-04T16:00:00+02:00
600;Marginal price Day Ahead market Spain;3;Spain;6.2;2025-06-04T17:00:00+02:00
600;Marginal price Day Ahead market Spain;3;Spain;28.04;2025-06-04T18:00:00+02:00
600;Marginal price Day Ahead market Spain;3;Spain;60;2025-06-04T19:00:00+02:00
600;Marginal price Day Ahead market Spain;3;Spain;108.38;2025-06-04T20:00:00+02:00
600;Marginal price Day Ahead market Spain;3;Spain;127.01;2025-06-04T21:00:00+02:00
600;Marginal price Day Ahead market Spain;3;Spain;123.46;2025-06-04T22:00:00+02:00
600;Marginal price Day Ahead market Spain;3;Spain;99.38;2025-06-04T23:00:00+02:00
600;Marginal price Day Ahead market Spain;3;Spain;110.73;2025-06-05T00:00:00+02:00
600;Marginal price Day Ahead market Spain;3;Spain;96;2025-06-05T01:00:00+02:00
600;Marginal price Day Ahead market Spain;3;Spain;94.25;2025-06-05T02:00:00+02:00
600;Marginal price Day Ahead market Spain;3;Spain;92.28;2025-06-05T03:00:00+02:00
600;Marginal price Day Ahead market Spain;3;Spain;92.28;2025-06-05T04:00:00+02:00
600;Marginal price Day Ahead market Spain;3;Spain;93.86;2025-06-05T05:00:00+02:00
600;Marginal price Day Ahead market Spain;3;Spain;101.27;2025-06-05T06:00:00+02:00
600;Marginal price Day Ahead market Spain;3;Spain;111.24;2025-06-05T07:00:00+02:00
600;Marginal price Day Ahead market Spain;3;Spain;82.13;2025-06-05T08:00:00+02:00
600;Marginal price Day Ahead market Spain;3;Spain;17.01;2025-06-05T09:00:00+02:00
600;Marginal price Day Ahead market Spain;3;Spain;0;2025-06-05T10:00:00+02:00
600;Marginal price Day Ahead market Spain;3;Spain;0;2025-06-05T11:00:00+02:00
600;Marginal price Day Ahead market Spain;3;Spain;-0.01;2025-06-05T12:00:00+02:00
600;Marginal price Day Ahead market Spain;3;Spain;-0.01;2025-06-05T13:00:00+02:00
600;Marginal price Day Ahead market Spain;3;Spain;-0.01;2025-06-05T14:00:00+02:00
600;Marginal price Day Ahead market Spain;3;Spain;-0.01;2025-06-05T15:00:00+02:00
600;Marginal price Day Ahead market Spain;3;Spain;-0.01;2025-06-05T16:00:00+02:00
600;Marginal price Day Ahead market Spain;3;Spain;0;2025-06-05T17:00:00+02:00
600;Marginal price Day Ahead market Spain;3;Spain;3.17;2025-06-05T18:00:00+02:00
600;Marginal price Day Ahead market Spain;3;Spain;33.94;2025-06-05T19:00:00+02:00
600;Marginal price Day Ahead market Spain;3;Spain;99.77;2025-06-05T20:00:00+02:00
600;Marginal price Day Ahead market Spain;3;Spain;140.34;2025-06-05T21:00:00+02:00
600;Marginal price Day Ahead market Spain;3;Spain;142.03;2025-06-05T22:00:00+02:00
600;Marginal price Day Ahead market Spain;3;Spain;118.24;2025-06-05T23:00:00+02:00
600;Marginal price Day Ahead market Spain;3;Spain;130.05;2025-06-06T00:00:00+02:00
600;Marginal price Day Ahead market Spain;3;Spain;127.93;2025-06-06T01:00:00+02:00
600;Marginal price Day Ahead market Spain;3;Spain;118.24;2025-06-06T02:00:00+02:00
600;Marginal price Day Ahead market Spain;3;Spain;112.75;2025-06-06T03:00:00+02:00
600;Marginal price Day Ahead market Spain;3;Spain;112.24;2025-06-06T04:00:00+02:00
600;Marginal price Day Ahead market Spain;3;Spain;113.77;2025-06-06T05:00:00+02:00
600;Marginal price Day Ahead market Spain;3;Spain;123.26;2025-06-06T06:00:00+02:00
600;Marginal price Day Ahead market Spain;3;Spain;126.83;2025-06-06T07:00:00+02:00
600;Marginal price Day Ahead market Spain;3;Spain;123.26;2025-06-06T08:00:00+02:00
600;Marginal price Day Ahead market Spain;3;Spain;57.03;2025-06-06T09:00:00+02:00
600;Marginal price Day Ahead market Spain;3;Spain;7.26;2025-06-06T10:00:00+02:00
600;Marginal price Day Ahead market Spain;3;Spain;1.72;2025-06-06T11:00:00+02:00
600;Marginal price Day Ahead market Spain;3;Spain;0.66;2025-06-06T12:00:00+02:00
600;Marginal price Day Ahead market Spain;3;Spain;0;2025-06-06T13:00:00+02:00
600;Marginal price Day Ahead market Spain;3;Spain;0;2025-06-06T14:00:00+02:00
600;Marginal price Day Ahead market Spain;3;Spain;0;2025-06-06T15:00:00+02:00
600;Marginal price Day Ahead market Spain;3;Spain;0;2025-06-06T16:00:00+02:00
600;Marginal price Day Ahead market Spain;3;Spain;1.2;2025-06-06T17:00:00+02:00
600;Marginal price Day Ahead market Spain;3;Spain;14.34;2025-06-06T18:00:00+02:00
600;Marginal price Day Ahead market Spain;3;Spain;44.69;2025-06-06T19:00:00+02:00
600;Marginal price Day Ahead market Spain;3;Spain;105;2025-06-06T20:00:00+02:00
600;Marginal price Day Ahead market Spain;3;Spain;135.01;2025-06-06T21:00:00+02:00
600;Marginal price Day Ahead market Spain;3;Spain;140.34;2025-06-06T22:00:00+02:00
600;Marginal price Day Ahead market Spain;3;Spain;121.35;2025-06-06T23:00:00+02:00
600;Marginal price Day Ahead market Spain;3;Spain;112.84;2025-06-07T00:00:00+02:00
600;Marginal price Day Ahead market Spain;3;Spain;103.77;2025-06-07T01:00:00+02:00
600;Marginal price Day Ahead market Spain;3;Spain;101.57;2025-06-07T02:00:00+02:00
600;Marginal price Day Ahead market Spain;3;Spain;100.59;2025-06-07T03:00:00+02:00
600;Marginal price Day Ahead market Spain;3;Spain;100.59;2025-06-07T04:00:00+02:00
600;Marginal price Day Ahead market Spain;3;Spain;101.57;2025-06-07T05:00:00+02:00
600;Marginal price Day Ahead market Spain;3;Spain;104;2025-06-07T06:00:00+02:00
600;Marginal price Day Ahead market Spain;3;Spain;93.8;2025-06-07T07:00:00+02:00
600;Marginal price Day Ahead market Spain;3;Spain;22.2;2025-06-07T08:00:00+02:00
600;Marginal price Day Ahead market Spain;3;Spain;0.7;2025-06-07T09:00:00+02:00
600;Marginal price Day Ahead market Spain;3;Spain;0;2025-06-07T10:00:00+02:00
600;Marginal price Day Ahead market Spain;3;Spain;-0.01;2025-06-07T11:00:00+02:00
600;Marginal price Day Ahead market Spain;3;Spain;-0.5;2025-06-07T12:00:00+02:00
600;Marginal price Day Ahead market Spain;3;Spain;-0.5;2025-06-07T13:00:00+02:00
600;Marginal price Day Ahead market Spain;3;Spain;-0.6;2025-06-07T14:00:00+02:00
600;Marginal price Day Ahead market Spain;3;Spain;-1.21;2025-06-07T15:00:00+02:00
600;Marginal price Day Ahead market Spain;3;Spain;-1.21;2025-06-07T16:00:00+02:00
600;Marginal price Day Ahead market Spain;3;Spain;-0.6;2025-06-07T17:00:00+02:00
600;Marginal price Day Ahead market Spain;3;Spain;0;2025-06-07T18:00:00+02:00
600;Marginal price Day Ahead market Spain;3;Spain;3.52;2025-06-07T19:00:00+02:00
600;Marginal price Day Ahead market Spain;3;Spain;45;2025-06-07T20:00:00+02:00
600;Marginal price Day Ahead market Spain;3;Spain;110.2;2025-06-07T21:00:00+02:00
600;Marginal price Day Ahead market Spain;3;Spain;104;2025-06-07T22:00:00+02:00
600;Marginal price Day Ahead market Spain;3;Spain;90;2025-06-07T23:00:00+02:00
600;Marginal price Day Ahead market Spain;3;Spain;79.47;2025-06-08T00:00:00+02:00
600;Marginal price Day Ahead market Spain;3;Spain;78.49;2025-06-08T01:00:00+02:00
600;Marginal price Day Ahead market Spain;3;Spain;79;2025-06-08T02:00:00+02:00
600;Marginal price Day Ahead market Spain;3;Spain;65;2025-06-08T03:00:00+02:00
600;Marginal price Day Ahead market Spain;3;Spain;65;2025-06-08T04:00:00+02:00
600;Marginal price Day Ahead market Spain;3;Spain;65;2025-06-08T05:00:00+02:00
600;Marginal price Day Ahead market Spain;3;Spain;64.36;2025-06-08T06:00:00+02:00
600;Marginal price Day Ahead market Spain;3;Spain;22.02;2025-06-08T07:00:00+02:00
600;Marginal price Day Ahead market Spain;3;Spain;0.83;2025-06-08T08:00:00+02:00
600;Marginal price Day Ahead market Spain;3;Spain;-0.5;2025-06-08T09:00:00+02:00
600;Marginal price Day Ahead market Spain;3;Spain;-2;2025-06-08T10:00:00+02:00
600;Marginal price Day Ahead market Spain;3;Spain;-2.5;2025-06-08T11:00:00+02:00
600;Marginal price Day Ahead market Spain;3;Spain;-2.5;2025-06-08T12:00:00+02:00
600;Marginal price Day Ahead market Spain;3;Spain;-2.5;2025-06-08T13:00:00+02:00
600;Marginal price Day Ahead market Spain;3;Spain;-2.1;2025-06-08T14:00:00+02:00
600;Marginal price Day Ahead market Spain;3;Spain;-3;2025-06-08T15:00:00+02:00
600;Marginal price Day Ahead market Spain;3;Spain;-2.8;2025-06-08T16:00:00+02:00
600;Marginal price Day Ahead market Spain;3;Spain;-2.1;2025-06-08T17:00:00+02:00
600;Marginal price Day Ahead market Spain;3;Spain;0;2025-06-08T18:00:00+02:00
600;Marginal price Day Ahead market Spain;3;Spain;4.9;2025-06-08T19:00:00+02:00
600;Marginal price Day Ahead market Spain;3;Spain;86.78;2025-06-08T20:00:00+02:00
600;Marginal price Day Ahead market Spain;3;Spain;108.78;2025-06-08T21:00:00+02:00
600;Marginal price Day Ahead market Spain;3;Spain;109.29;2025-06-08T22:00:00+02:00
600;Marginal price Day Ahead market Spain;3;Spain;98.8;2025-06-08T23:00:00+02:00
600;Marginal price Day Ahead market Spain;3;Spain;90.6;2025-06-09T00:00:00+02:00
600;Marginal price Day Ahead market Spain;3;Spain;77.94;2025-06-09T01:00:00+02:00
600;Marginal price Day Ahead market Spain;3;Spain;77.94;2025-06-09T02:00:00+02:00
600;Marginal price Day Ahead market Spain;3;Spain;80;2025-06-09T03:00:00+02:00
600;Marginal price Day Ahead market Spain;3;Spain;82.86;2025-06-09T04:00:00+02:00
600;Marginal price Day Ahead market Spain;3;Spain;87.35;2025-06-09T05:00:00+02:00
600;Marginal price Day Ahead market Spain;3;Spain;102.25;2025-06-09T06:00:00+02:00
600;Marginal price Day Ahead market Spain;3;Spain;107.06;2025-06-09T07:00:00+02:00
600;Marginal price Day Ahead market Spain;3;Spain;85.01;2025-06-09T08:00:00+02:00
600;Marginal price Day Ahead market Spain;3;Spain;20.1;2025-06-09T09:00:00+02:00
600;Marginal price Day Ahead market Spain;3;Spain;7.19;2025-06-09T10:00:00+02:00
600;Marginal price Day Ahead market Spain;3;Spain;3.17;2025-06-09T11:00:00+02:00
600;Marginal price Day Ahead market Spain;3;Spain;1.72;2025-06-09T12:00:00+02:00
600;Marginal price Day Ahead market Spain;3;Spain;1.72;2025-06-09T13:00:00+02:00
600;Marginal price Day Ahead market Spain;3;Spain;2.95;2025-06-09T14:00:00+02:00
600;Marginal price Day Ahead market Spain;3;Spain;3.17;2025-06-09T15:00:00+02:00
600;Marginal price Day Ahead market Spain;3;Spain;5.57;2025-06-09T16:00:00+02:00
600;Marginal price Day Ahead market Spain;3;Spain;12.39;2025-06-09T17:00:00+02:00
600;Marginal price Day Ahead market Spain;3;Spain;50;2025-06-09T18:00:00+02:00
600;Marginal price Day Ahead market Spain;3;Spain;90;2025-06-09T19:00:00+02:00
600;Marginal price Day Ahead market Spain;3;Spain;113.76;2025-06-09T20:00:00+02:00
600;Marginal price Day Ahead market Spain;3;Spain;135;2025-06-09T21:00:00+02:00
600;Marginal price Day Ahead market Spain;3;Spain;124.1;2025-06-09T22:00:00+02:00
600;Marginal price Day Ahead market Spain;3;Spain;114.27;2025-06-09T23:00:00+02:00
600;Marginal price Day Ahead market Spain;3;Spain;118.97;2025-06-10T00:00:00+02:00
600;Marginal price Day Ahead market Spain;3;Spain;114.99;2025-06-10T01:00:00+02:00
600;Marginal price Day Ahead market Spain;3;Spain;114.4;2025-06-10T02:00:00+02:00
600;Marginal price Day Ahead market Spain;3;Spain;113.01;2025-06-10T03:00:00+02:00
600;Marginal price Day Ahead market Spain;3;Spain;113.03;2025-06-10T04:00:00+02:00
600;Marginal price Day Ahead market Spain;3;Spain;113.2;2025-06-10T05:00:00+02:00
600;Marginal price Day Ahead market Spain;3;Spain;114.4;2025-06-10T06:00:00+02:00
600;Marginal price Day Ahead market Spain;3;Spain;117;2025-06-10T07:00:00+02:00
600;Marginal price Day Ahead market Spain;3;Spain;114.99;2025-06-10T08:00:00+02:00
600;Marginal price Day Ahead market Spain;3;Spain;111.72;2025-06-10T09:00:00+02:00
600;Marginal price Day Ahead market Spain;3;Spain;105;2025-06-10T10:00:00+02:00
600;Marginal price Day Ahead market Spain;3;Spain;87.47;2025-06-10T11:00:00+02:00
600;Marginal price Day Ahead market Spain;3;Spain;56.6;2025-06-10T12:00:00+02:00
600;Marginal price Day Ahead market Spain;3;Spain;56;2025-06-10T13:00:00+02:00
600;Marginal price Day Ahead market Spain;3;Spain;55.4;2025-06-10T14:00:00+02:00
600;Marginal price Day Ahead market Spain;3;Spain;54.88;2025-06-10T15:00:00+02:00
600;Marginal price Day Ahead market Spain;3;Spain;55.01;2025-06-10T16:00:00+02:00
600;Marginal price Day Ahead market Spain;3;Spain;93.35;2025-06-10T17:00:00+02:00
600;Marginal price Day Ahead market Spain;3;Spain;105;2025-06-10T18:00:00+02:00
600;Marginal price Day Ahead market Spain;3;Spain;110.7;2025-06-10T19:00:00+02:00
600;Marginal price Day Ahead market Spain;3;Spain;119.58;2025-06-10T20:00:00+02:00
600;Marginal price Day Ahead market Spain;3;Spain;124.35;2025-06-10T21:00:00+02:00
600;Marginal price Day Ahead market Spain;3;Spain;121.18;2025-06-10T22:00:00+02:00
600;Marginal price Day Ahead market Spain;3;Spain;114.4;2025-06-10T23:00:00+02:00
600;Marginal price Day Ahead market Spain;3;Spain;111.89;2025-06-11T00:00:00+02:00
600;Marginal price Day Ahead market Spain;3;Spain;108.56;2025-06-11T01:00:00+02:00
600;Marginal price Day Ahead market Spain;3;Spain;106.07;2025-06-11T02:00:00+02:00
600;Marginal price Day Ahead market Spain;3;Spain;106.02;2025-06-11T03:00:00+02:00
600;Marginal price Day Ahead market Spain;3;Spain;104;2025-06-11T04:00:00+02:00
600;Marginal price Day Ahead market Spain;3;Spain;106.02;2025-06-11T05:00:00+02:00
600;Marginal price Day Ahead market Spain;3;Spain;107.49;2025-06-11T06:00:00+02:00
600;Marginal price Day Ahead market Spain;3;Spain;110.63;2025-06-11T07:00:00+02:00
600;Marginal price Day Ahead market Spain;3;Spain;109.58;2025-06-11T08:00:00+02:00
600;Marginal price Day Ahead market Spain;3;Spain;101.27;2025-06-11T09:00:00+02:00
600;Marginal price Day Ahead market Spain;3;Spain;82.28;2025-06-11T10:00:00+02:00
600;Marginal price Day Ahead market Spain;3;Spain;49.99;2025-06-11T11:00:00+02:00
600;Marginal price Day Ahead market Spain;3;Spain;14.28;2025-06-11T12:00:00+02:00
600;Marginal price Day Ahead market Spain;3;Spain;5;2025-06-11T13:00:00+02:00
600;Marginal price Day Ahead market Spain;3;Spain;3.52;2025-06-11T14:00:00+02:00
600;Marginal price Day Ahead market Spain;3;Spain;1.1;2025-06-11T15:00:00+02:00
600;Marginal price Day Ahead market Spain;3;Spain;2.5;2025-06-11T16:00:00+02:00
600;Marginal price Day Ahead market Spain;3;Spain;3;2025-06-11T17:00:00+02:00
600;Marginal price Day Ahead market Spain;3;Spain;15;2025-06-11T18:00:00+02:00
600;Marginal price Day Ahead market Spain;3;Spain;74;2025-06-11T19:00:00+02:00
600;Marginal price Day Ahead market Spain;3;Spain;105.01;2025-06-11T20:00:00+02:00
600;Marginal price Day Ahead market Spain;3;Spain;115.5;2025-06-11T21:00:00+02:00
600;Marginal price Day Ahead market Spain;3;Spain;114.81;2025-06-11T22:00:00+02:00
600;Marginal price Day Ahead market Spain;3;Spain;109.58;2025-06-11T23:00:00+02:00
600;Marginal price Day Ahead market Spain;3;Spain;104.59;2025-06-12T00:00:00+02:00
600;Marginal price Day Ahead market Spain;3;Spain;99.97;2025-06-12T01:00:00+02:00
600;Marginal price Day Ahead market Spain;3;Spain;95.11;2025-06-12T02:00:00+02:00
600;Marginal price Day Ahead market Spain;3;Spain;93.94;2025-06-12T03:00:00+02:00
600;Marginal price Day Ahead market Spain;3;Spain;93.94;2025-06-12T04:00:00+02:00
600;Marginal price Day Ahead market Spain;3;Spain;98.27;2025-06-12T05:00:00+02:00
600;Marginal price Day Ahead market Spain;3;Spain;102.98;2025-06-12T06:00:00+02:00
600;Marginal price Day Ahead market Spain;3;Spain;103.8;2025-06-12T07:00:00+02:00
600;Marginal price Day Ahead market Spain;3;Spain;90;2025-06-12T08:00:00+02:00
600;Marginal price Day Ahead market Spain;3;Spain;15.27;2025-06-12T09:00:00+02:00
600;Marginal price Day Ahead market Spain;3;Spain;0.01;2025-06-12T10:00:00+02:00
600;Marginal price Day Ahead market Spain;3;Spain;0;2025-06-12T11:00:00+02:00
600;Marginal price Day Ahead market Spain;3;Spain;-0.01;2025-06-12T12:00:00+02:00
600;Marginal price Day Ahead market Spain;3;Spain;0;2025-06-12T13:00:00+02:00
600;Marginal price Day Ahead market Spain;3;Spain;0;2025-06-12T14:00:00+02:00
600;Marginal price Day Ahead market Spain;3;Spain;-0.01;2025-06-12T15:00:00+02:00
600;Marginal price Day Ahead market Spain;3;Spain;0.01;2025-06-12T16:00:00+02:00
600;Marginal price Day Ahead market Spain;3;Spain;1;2025-06-12T17:00:00+02:00
600;Marginal price Day Ahead market Spain;3;Spain;15.27;2025-06-12T18:00:00+02:00
600;Marginal price Day Ahead market Spain;3;Spain;89.6;2025-06-12T19:00:00+02:00
600;Marginal price Day Ahead market Spain;3;Spain;104.01;2025-06-12T20:00:00+02:00
600;Marginal price Day Ahead market Spain;3;Spain;131.71;2025-06-12T21:00:00+02:00
600;Marginal price Day Ahead market Spain;3;Spain;140.64;2025-06-12T22:00:00+02:00
600;Marginal price Day Ahead market Spain;3;Spain;117.96;2025-06-12T23:00:00+02:00
600;Marginal price Day Ahead market Spain;3;Spain;126.84;2025-06-13T00:00:00+02:00
600;Marginal price Day Ahead market Spain;3;Spain;119.08;2025-06-13T01:00:00+02:00
600;Marginal price Day Ahead market Spain;3;Spain;113.98;2025-06-13T02:00:00+02:00
600;Marginal price Day Ahead market Spain;3;Spain;112.33;2025-06-13T03:00:00+02:00
600;Marginal price Day Ahead market Spain;3;Spain;111.35;2025-06-13T04:00:00+02:00
600;Marginal price Day Ahead market Spain;3;Spain;111.35;2025-06-13T05:00:00+02:00
600;Marginal price Day Ahead market Spain;3;Spain;113.89;2025-06-13T06:00:00+02:00
600;Marginal price Day Ahead market Spain;3;Spain;113.86;2025-06-13T07:00:00+02:00
600;Marginal price Day Ahead market Spain;3;Spain;112.47;2025-06-13T08:00:00+02:00
600;Marginal price Day Ahead market Spain;3;Spain;50;2025-06-13T09:00:00+02:00
600;Marginal price Day Ahead market Spain;3;Spain;14.5;2025-06-13T10:00:00+02:00
600;Marginal price Day Ahead market Spain;3;Spain;0.85;2025-06-13T11:00:00+02:00
600;Marginal price Day Ahead market Spain;3;Spain;0;2025-06-13T12:00:00+02:00
600;Marginal price Day Ahead market Spain;3;Spain;0;2025-06-13T13:00:00+02:00
600;Marginal price Day Ahead market Spain;3;Spain;-0.01;2025-06-13T14:00:00+02:00
600;Marginal price Day Ahead market Spain;3;Spain;-0.01;2025-06-13T15:00:00+02:00
600;Marginal price Day Ahead market Spain;3;Spain;0.65;2025-06-13T16:00:00+02:00
600;Marginal price Day Ahead market Spain;3;Spain;3.52;2025-06-13T17:00:00+02:00
600;Marginal price Day Ahead market Spain;3;Spain;17.43;2025-06-13T18:00:00+02:00
600;Marginal price Day Ahead market Spain;3;Spain;90.4;2025-06-13T19:00:00+02:00
600;Marginal price Day Ahead market Spain;3;Spain;105.47;2025-06-13T20:00:00+02:00
600;Marginal price Day Ahead market Spain;3;Spain;120.58;2025-06-13T21:00:00+02:00
600;Marginal price Day Ahead market Spain;3;Spain;120.98;2025-06-13T22:00:00+02:00
600;Marginal price Day Ahead market Spain;3;Spain;113.98;2025-06-13T23:00:00+02:00
600;Marginal price Day Ahead market Spain;3;Spain;110.02;2025-06-14T00:00:00+02:00
600;Marginal price Day Ahead market Spain;3;Spain;109.7;2025-06-14T01:00:00+02:00
600;Marginal price Day Ahead market Spain;3;Spain;109.8;2025-06-14T02:00:00+02:00
600;Marginal price Day Ahead market Spain;3;Spain;108.98;2025-06-14T03:00:00+02:00
600;Marginal price Day Ahead market Spain;3;Spain;109;2025-06-14T04:00:00+02:00
600;Marginal price Day Ahead market Spain;3;Spain;109.7;2025-06-14T05:00:00+02:00
600;Marginal price Day Ahead market Spain;3;Spain;109.73;2025-06-14T06:00:00+02:00
600;Marginal price Day Ahead market Spain;3;Spain;104.9;2025-06-14T07:00:00+02:00
600;Marginal price Day Ahead market Spain;3;Spain;51.21;2025-06-14T08:00:00+02:00
600;Marginal price Day Ahead market Spain;3;Spain;4.17;2025-06-14T09:00:00+02:00
600;Marginal price Day Ahead market Spain;3;Spain;0.46;2025-06-14T10:00:00+02:00
600;Marginal price Day Ahead market Spain;3;Spain;-0.01;2025-06-14T11:00:00+02:00
600;Marginal price Day Ahead market Spain;3;Spain;-0.58;2025-06-14T12:00:00+02:00
600;Marginal price Day Ahead market Spain;3;Spain;-0.62;2025-06-14T13:00:00+02:00
600;Marginal price Day Ahead market Spain;3;Spain;-1;2025-06-14T14:00:00+02:00
600;Marginal price Day Ahead market Spain;3;Spain;-1.5;2025-06-14T15:00:00+02:00
600;Marginal price Day Ahead market Spain;3;Spain;-0.37;2025-06-14T16:00:00+02:00
600;Marginal price Day Ahead market Spain;3;Spain;0.65;2025-06-14T17:00:00+02:00
600;Marginal price Day Ahead market Spain;3;Spain;5;2025-06-14T18:00:00+02:00
600;Marginal price Day Ahead market Spain;3;Spain;36.27;2025-06-14T19:00:00+02:00
600;Marginal price Day Ahead market Spain;3;Spain;86;2025-06-14T20:00:00+02:00
600;Marginal price Day Ahead market Spain;3;Spain;101.96;2025-06-14T21:00:00+02:00
600;Marginal price Day Ahead market Spain;3;Spain;105.88;2025-06-14T22:00:00+02:00
600;Marginal price Day Ahead market Spain;3;Spain;100.98;2025-06-14T23:00:00+02:00
600;Marginal price Day Ahead market Spain;3;Spain;87.47;2025-06-15T00:00:00+02:00
600;Marginal price Day Ahead market Spain;3;Spain;62;2025-06-15T01:00:00+02:00
600;Marginal price Day Ahead market Spain;3;Spain;38.7;2025-06-15T02:00:00+02:00
600;Marginal price Day Ahead market Spain;3;Spain;34.7;2025-06-15T03:00:00+02:00
600;Marginal price Day Ahead market Spain;3;Spain;24.35;2025-06-15T04:00:00+02:00
600;Marginal price Day Ahead market Spain;3;Spain;20;2025-06-15T05:00:00+02:00
600;Marginal price Day Ahead market Spain;3;Spain;18.47;2025-06-15T06:00:00+02:00
600;Marginal price Day Ahead market Spain;3;Spain;15.13;2025-06-15T07:00:00+02:00
600;Marginal price Day Ahead market Spain;3;Spain;2;2025-06-15T08:00:00+02:00
600;Marginal price Day Ahead market Spain;3;Spain;0;2025-06-15T09:00:00+02:00
600;Marginal price Day Ahead market Spain;3;Spain;-0.6;2025-06-15T10:00:00+02:00
600;Marginal price Day Ahead market Spain;3;Spain;-1.21;2025-06-15T11:00:00+02:00
600;Marginal price Day Ahead market Spain;3;Spain;-1.21;2025-06-15T12:00:00+02:00
600;Marginal price Day Ahead market Spain;3;Spain;-3;2025-06-15T13:00:00+02:00
600;Marginal price Day Ahead market Spain;3;Spain;-2.67;2025-06-15T14:00:00+02:00
600;Marginal price Day Ahead market Spain;3;Spain;-2;2025-06-15T15:00:00+02:00
600;Marginal price Day Ahead market Spain;3;Spain;-1.21;2025-06-15T16:00:00+02:00
600;Marginal price Day Ahead market Spain;3;Spain;-0.6;2025-06-15T17:00:00+02:00
600;Marginal price Day Ahead market Spain;3;Spain;0;2025-06-15T18:00:00+02:00
600;Marginal price Day Ahead market Spain;3;Spain;2.4;2025-06-15T19:00:00+02:00
600;Marginal price Day Ahead market Spain;3;Spain;33.96;2025-06-15T20:00:00+02:00
600;Marginal price Day Ahead market Spain;3;Spain;76.85;2025-06-15T21:00:00+02:00
600;Marginal price Day Ahead market Spain;3;Spain;78.43;2025-06-15T22:00:00+02:00
600;Marginal price Day Ahead market Spain;3;Spain;53.97;2025-06-15T23:00:00+02:00
600;Marginal price Day Ahead market Spain;3;Spain;32.74;2025-06-16T00:00:00+02:00
600;Marginal price Day Ahead market Spain;3;Spain;19.96;2025-06-16T01:00:00+02:00
600;Marginal price Day Ahead market Spain;3;Spain;16.58;2025-06-16T02:00:00+02:00
600;Marginal price Day Ahead market Spain;3;Spain;13.27;2025-06-16T03:00:00+02:00
600;Marginal price Day Ahead market Spain;3;Spain;15;2025-06-16T04:00:00+02:00
600;Marginal price Day Ahead market Spain;3;Spain;24.76;2025-06-16T05:00:00+02:00
600;Marginal price Day Ahead market Spain;3;Spain;60;2025-06-16T06:00:00+02:00
600;Marginal price Day Ahead market Spain;3;Spain;71.6;2025-06-16T07:00:00+02:00
600;Marginal price Day Ahead market Spain;3;Spain;58.49;2025-06-16T08:00:00+02:00
600;Marginal price Day Ahead market Spain;3;Spain;20;2025-06-16T09:00:00+02:00
600;Marginal price Day Ahead market Spain;3;Spain;4.5;2025-06-16T10:00:00+02:00
600;Marginal price Day Ahead market Spain;3;Spain;1;2025-06-16T11:00:00+02:00
600;Marginal price Day Ahead market Spain;3;Spain;0.65;2025-06-16T12:00:00+02:00
600;Marginal price Day Ahead market Spain;3;Spain;0.85;2025-06-16T13:00:00+02:00
600;Marginal price Day Ahead market Spain;3;Spain;1.72;2025-06-16T14:00:00+02:00
600;Marginal price Day Ahead market Spain;3;Spain;3.52;2025-06-16T15:00:00+02:00
600;Marginal price Day Ahead market Spain;3;Spain;17.73;2025-06-16T16:00:00+02:00
600;Marginal price Day Ahead market Spain;3;Spain;47.69;2025-06-16T17:00:00+02:00
600;Marginal price Day Ahead market Spain;3;Spain;101.64;2025-06-16T18:00:00+02:00
600;Marginal price Day Ahead market Spain;3;Spain;117.2;2025-06-16T19:00:00+02:00
600;Marginal price Day Ahead market Spain;3;Spain;125.41;2025-06-16T20:00:00+02:00
600;Marginal price Day Ahead market Spain;3;Spain;210;2025-06-16T21:00:00+02:00
600;Marginal price Day Ahead market Spain;3;Spain;166.91;2025-06-16T22:00:00+02:00
600;Marginal price Day Ahead market Spain;3;Spain;125.41;2025-06-16T23:00:00+02:00
600;Marginal price Day Ahead market Spain;3;Spain;128.64;2025-06-17T00:00:00+02:00
600;Marginal price Day Ahead market Spain;3;Spain;124.76;2025-06-17T01:00:00+02:00
600;Marginal price Day Ahead market Spain;3;Spain;120;2025-06-17T02:00:00+02:00
600;Marginal price Day Ahead market Spain;3;Spain;119.82;2025-06-17T03:00:00+02:00
600;Marginal price Day Ahead market Spain;3;Spain;120;2025-06-17T04:00:00+02:00
600;Marginal price Day Ahead market Spain;3;Spain;117.1;2025-06-17T05:00:00+02:00
600;Marginal price Day Ahead market Spain;3;Spain;119.82;2025-06-17T06:00:00+02:00
600;Marginal price Day Ahead market Spain;3;Spain;124.59;2025-06-17T07:00:00+02:00
600;Marginal price Day Ahead market Spain;3;Spain;126.91;2025-06-17T08:00:00+02:00
600;Marginal price Day Ahead market Spain;3;Spain;112.96;2025-06-17T09:00:00+02:00
600;Marginal price Day Ahead market Spain;3;Spain;72.88;2025-06-17T10:00:00+02:00
600;Marginal price Day Ahead market Spain;3;Spain;26.75;2025-06-17T11:00:00+02:00
600;Marginal price Day Ahead market Spain;3;Spain;24.17;2025-06-17T12:00:00+02:00
600;Marginal price Day Ahead market Spain;3;Spain;22.57;2025-06-17T13:00:00+02:00
600;Marginal price Day Ahead market Spain;3;Spain;18.16;2025-06-17T14:00:00+02:00
600;Marginal price Day Ahead market Spain;3;Spain;12;2025-06-17T15:00:00+02:00
600;Marginal price Day Ahead market Spain;3;Spain;24.2;2025-06-17T16:00:00+02:00
600;Marginal price Day Ahead market Spain;3;Spain;72.88;2025-06-17T17:00:00+02:00
600;Marginal price Day Ahead market Spain;3;Spain;94.78;2025-06-17T18:00:00+02:00
600;Marginal price Day Ahead market Spain;3;Spain;115;2025-06-17T19:00:00+02:00
600;Marginal price Day Ahead market Spain;3;Spain;126.68;2025-06-17T20:00:00+02:00
600;Marginal price Day Ahead market Spain;3;Spain;154.76;2025-06-17T21:00:00+02:00
600;Marginal price Day Ahead market Spain;3;Spain;152.03;2025-06-17T22:00:00+02:00
600;Marginal price Day Ahead market Spain;3;Spain;127.91;2025-06-17T23:00:00+02:00
600;Marginal price Day Ahead market Spain;3;Spain;128.37;2025-06-18T00:00:00+02:00
600;Marginal price Day Ahead market Spain;3;Spain;123.17;2025-06-18T01:00:00+02:00
600;Marginal price Day Ahead market Spain;3;Spain;121.86;2025-06-18T02:00:00+02:00
600;Marginal price Day Ahead market Spain;3;Spain;122.11;2025-06-18T03:00:00+02:00
600;Marginal price Day Ahead market Spain;3;Spain;123.17;2025-06-18T04:00:00+02:00
600;Marginal price Day Ahead market Spain;3;Spain;125.97;2025-06-18T05:00:00+02:00
600;Marginal price Day Ahead market Spain;3;Spain;125.07;2025-06-18T06:00:00+02:00
600;Marginal price Day Ahead market Spain;3;Spain;128.31;2025-06-18T07:00:00+02:00
600;Marginal price Day Ahead market Spain;3;Spain;121.12;2025-06-18T08:00:00+02:00
600;Marginal price Day Ahead market Spain;3;Spain;114.68;2025-06-18T09:00:00+02:00
600;Marginal price Day Ahead market Spain;3;Spain;80.4;2025-06-18T10:00:00+02:00
600;Marginal price Day Ahead market Spain;3;Spain;61;2025-06-18T11:00:00+02:00
600;Marginal price Day Ahead market Spain;3;Spain;46.01;2025-06-18T12:00:00+02:00
600;Marginal price Day Ahead market Spain;3;Spain;41.55;2025-06-18T13:00:00+02:00
600;Marginal price Day Ahead market Spain;3;Spain;41.11;2025-06-18T14:00:00+02:00
600;Marginal price Day Ahead market Spain;3;Spain;40.01;2025-06-18T15:00:00+02:00
600;Marginal price Day Ahead market Spain;3;Spain;51.77;2025-06-18T16:00:00+02:00
600;Marginal price Day Ahead market Spain;3;Spain;82.9;2025-06-18T17:00:00+02:00
600;Marginal price Day Ahead market Spain;3;Spain;114.67;2025-06-18T18:00:00+02:00
600;Marginal price Day Ahead market Spain;3;Spain;123.17;2025-06-18T19:00:00+02:00
600;Marginal price Day Ahead market Spain;3;Spain;139.03;2025-06-18T20:00:00+02:00
600;Marginal price Day Ahead market Spain;3;Spain;194.56;2025-06-18T21:00:00+02:00
600;Marginal price Day Ahead market Spain;3;Spain;166.75;2025-06-18T22:00:00+02:00
600;Marginal price Day Ahead market Spain;3;Spain;135.01;2025-06-18T23:00:00+02:00
600;Marginal price Day Ahead market Spain;3;Spain;139.01;2025-06-19T00:00:00+02:00
600;Marginal price Day Ahead market Spain;3;Spain;131.68;2025-06-19T01:00:00+02:00
600;Marginal price Day Ahead market Spain;3;Spain;128.61;2025-06-19T02:00:00+02:00
600;Marginal price Day Ahead market Spain;3;Spain;128.31;2025-06-19T03:00:00+02:00
600;Marginal price Day Ahead market Spain;3;Spain;128.12;2025-06-19T04:00:00+02:00
600;Marginal price Day Ahead market Spain;3;Spain;128.96;2025-06-19T05:00:00+02:00
600;Marginal price Day Ahead market Spain;3;Spain;135.01;2025-06-19T06:00:00+02:00
600;Marginal price Day Ahead market Spain;3;Spain;139.01;2025-06-19T07:00:00+02:00
600;Marginal price Day Ahead market Spain;3;Spain;128.37;2025-06-19T08:00:00+02:00
600;Marginal price Day Ahead market Spain;3;Spain;124.19;2025-06-19T09:00:00+02:00
600;Marginal price Day Ahead market Spain;3;Spain;114.26;2025-06-19T10:00:00+02:00
600;Marginal price Day Ahead market Spain;3;Spain;80.27;2025-06-19T11:00:00+02:00
600;Marginal price Day Ahead market Spain;3;Spain;75.75;2025-06-19T12:00:00+02:00
600;Marginal price Day Ahead market Spain;3;Spain;70;2025-06-19T13:00:00+02:00
600;Marginal price Day Ahead market Spain;3;Spain;67.86;2025-06-19T14:00:00+02:00
600;Marginal price Day Ahead market Spain;3;Spain;65;2025-06-19T15:00:00+02:00
600;Marginal price Day Ahead market Spain;3;Spain;76;2025-06-19T16:00:00+02:00
600;Marginal price Day Ahead market Spain;3;Spain;95;2025-06-19T17:00:00+02:00
600;Marginal price Day Ahead market Spain;3;Spain;118.18;2025-06-19T18:00:00+02:00
600;Marginal price Day Ahead market Spain;3;Spain;123;2025-06-19T19:00:00+02:00
600;Marginal price Day Ahead market Spain;3;Spain;133.22;2025-06-19T20:00:00+02:00
600;Marginal price Day Ahead market Spain;3;Spain;167.55;2025-06-19T21:00:00+02:00
600;Marginal price Day Ahead market Spain;3;Spain;164.6;2025-06-19T22:00:00+02:00
600;Marginal price Day Ahead market Spain;3;Spain;133.02;2025-06-19T23:00:00+02:00
600;Marginal price Day Ahead market Spain;3;Spain;130.78;2025-06-20T00:00:00+02:00
600;Marginal price Day Ahead market Spain;3;Spain;127.9;2025-06-20T01:00:00+02:00
600;Marginal price Day Ahead market Spain;3;Spain;125.25;2025-06-20T02:00:00+02:00
600;Marginal price Day Ahead market Spain;3;Spain;125.25;2025-06-20T03:00:00+02:00
600;Marginal price Day Ahead market Spain;3;Spain;124.94;2025-06-20T04:00:00+02:00
600;Marginal price Day Ahead market Spain;3;Spain;124.33;2025-06-20T05:00:00+02:00
600;Marginal price Day Ahead market Spain;3;Spain;127.97;2025-06-20T06:00:00+02:00
600;Marginal price Day Ahead market Spain;3;Spain;128.08;2025-06-20T07:00:00+02:00
600;Marginal price Day Ahead market Spain;3;Spain;122.57;2025-06-20T08:00:00+02:00
600;Marginal price Day Ahead market Spain;3;Spain;113.94;2025-06-20T09:00:00+02:00
600;Marginal price Day Ahead market Spain;3;Spain;86.9;2025-06-20T10:00:00+02:00
600;Marginal price Day Ahead market Spain;3;Spain;84.35;2025-06-20T11:00:00+02:00
600;Marginal price Day Ahead market Spain;3;Spain;77;2025-06-20T12:00:00+02:00
600;Marginal price Day Ahead market Spain;3;Spain;72;2025-06-20T13:00:00+02:00
600;Marginal price Day Ahead market Spain;3;Spain;71;2025-06-20T14:00:00+02:00
600;Marginal price Day Ahead market Spain;3;Spain;70;2025-06-20T15:00:00+02:00
600;Marginal price Day Ahead market Spain;3;Spain;81.5;2025-06-20T16:00:00+02:00
600;Marginal price Day Ahead market Spain;3;Spain;88;2025-06-20T17:00:00+02:00
600;Marginal price Day Ahead market Spain;3;Spain;111.79;2025-06-20T18:00:00+02:00
600;Marginal price Day Ahead market Spain;3;Spain;128.74;2025-06-20T19:00:00+02:00
600;Marginal price Day Ahead market Spain;3;Spain;140;2025-06-20T20:00:00+02:00
600;Marginal price Day Ahead market Spain;3;Spain;163.49;2025-06-20T21:00:00+02:00
600;Marginal price Day Ahead market Spain;3;Spain;159.99;2025-06-20T22:00:00+02:00
600;Marginal price Day Ahead market Spain;3;Spain;132.21;2025-06-20T23:00:00+02:00
600;Marginal price Day Ahead market Spain;3;Spain;128.89;2025-06-21T00:00:00+02:00
600;Marginal price Day Ahead market Spain;3;Spain;126.93;2025-06-21T01:00:00+02:00
600;Marginal price Day Ahead market Spain;3;Spain;125.87;2025-06-21T02:00:00+02:00
600;Marginal price Day Ahead market Spain;3;Spain;122.86;2025-06-21T03:00:00+02:00
600;Marginal price Day Ahead market Spain;3;Spain;122.42;2025-06-21T04:00:00+02:00
600;Marginal price Day Ahead market Spain;3;Spain;121.44;2025-06-21T05:00:00+02:00
600;Marginal price Day Ahead market Spain;3;Spain;122.86;2025-06-21T06:00:00+02:00
600;Marginal price Day Ahead market Spain;3;Spain;115.56;2025-06-21T07:00:00+02:00
600;Marginal price Day Ahead market Spain;3;Spain;103.6;2025-06-21T08:00:00+02:00
600;Marginal price Day Ahead market Spain;3;Spain;40;2025-06-21T09:00:00+02:00
600;Marginal price Day Ahead market Spain;3;Spain;2.5;2025-06-21T10:00:00+02:00
600;Marginal price Day Ahead market Spain;3;Spain;0;2025-06-21T11:00:00+02:00
600;Marginal price Day Ahead market Spain;3;Spain;0;2025-06-21T12:00:00+02:00
600;Marginal price Day Ahead market Spain;3;Spain;0;2025-06-21T13:00:00+02:00
600;Marginal price Day Ahead market Spain;3;Spain;0;2025-06-21T14:00:00+02:00
600;Marginal price Day Ahead market Spain;3;Spain;0;2025-06-21T15:00:00+02:00
600;Marginal price Day Ahead market Spain;3;Spain;0.1;2025-06-21T16:00:00+02:00
600;Marginal price Day Ahead market Spain;3;Spain;4.31;2025-06-21T17:00:00+02:00
600;Marginal price Day Ahead market Spain;3;Spain;74.27;2025-06-21T18:00:00+02:00
600;Marginal price Day Ahead market Spain;3;Spain;109.99;2025-06-21T19:00:00+02:00
600;Marginal price Day Ahead market Spain;3;Spain;126.34;2025-06-21T20:00:00+02:00
600;Marginal price Day Ahead market Spain;3;Spain;134.93;2025-06-21T21:00:00+02:00
600;Marginal price Day Ahead market Spain;3;Spain;138.81;2025-06-21T22:00:00+02:00
600;Marginal price Day Ahead market Spain;3;Spain;126.07;2025-06-21T23:00:00+02:00
600;Marginal price Day Ahead market Spain;3;Spain;124.24;2025-06-22T00:00:00+02:00
600;Marginal price Day Ahead market Spain;3;Spain;121.96;2025-06-22T01:00:00+02:00
600;Marginal price Day Ahead market Spain;3;Spain;122.94;2025-06-22T02:00:00+02:00
600;Marginal price Day Ahead market Spain;3;Spain;123.92;2025-06-22T03:00:00+02:00
600;Marginal price Day Ahead market Spain;3;Spain;122.94;2025-06-22T04:00:00+02:00
600;Marginal price Day Ahead market Spain;3;Spain;123.58;2025-06-22T05:00:00+02:00
600;Marginal price Day Ahead market Spain;3;Spain;122.94;2025-06-22T06:00:00+02:00
600;Marginal price Day Ahead market Spain;3;Spain;119;2025-06-22T07:00:00+02:00
600;Marginal price Day Ahead market Spain;3;Spain;60;2025-06-22T08:00:00+02:00
600;Marginal price Day Ahead market Spain;3;Spain;0.65;2025-06-22T09:00:00+02:00
600;Marginal price Day Ahead market Spain;3;Spain;-0.05;2025-06-22T10:00:00+02:00
600;Marginal price Day Ahead market Spain;3;Spain;-1.21;2025-06-22T11:00:00+02:00
600;Marginal price Day Ahead market Spain;3;Spain;-1.5;2025-06-22T12:00:00+02:00
600;Marginal price Day Ahead market Spain;3;Spain;-1.01;2025-06-22T13:00:00+02:00
600;Marginal price Day Ahead market Spain;3;Spain;-0.62;2025-06-22T14:00:00+02:00
600;Marginal price Day Ahead market Spain;3;Spain;-1.21;2025-06-22T15:00:00+02:00
600;Marginal price Day Ahead market Spain;3;Spain;-1.1;2025-06-22T16:00:00+02:00
600;Marginal price Day Ahead market Spain;3;Spain;0;2025-06-22T17:00:00+02:00
600;Marginal price Day Ahead market Spain;3;Spain;5;2025-06-22T18:00:00+02:00
600;Marginal price Day Ahead market Spain;3;Spain;71.14;2025-06-22T19:00:00+02:00
600;Marginal price Day Ahead market Spain;3;Spain;114.12;2025-06-22T20:00:00+02:00
600;Marginal price Day Ahead market Spain;3;Spain;128.76;2025-06-22T21:00:00+02:00
600;Marginal price Day Ahead market Spain;3;Spain;130.78;2025-06-22T22:00:00+02:00
600;Marginal price Day Ahead market Spain;3;Spain;128.76;2025-06-22T23:00:00+02:00
600;Marginal price Day Ahead market Spain;3;Spain;127.73;2025-06-23T00:00:00+02:00
600;Marginal price Day Ahead market Spain;3;Spain;123.58;2025-06-23T01:00:00+02:00
600;Marginal price Day Ahead market Spain;3;Spain;117.78;2025-06-23T02:00:00+02:00
600;Marginal price Day Ahead market Spain;3;Spain;115.2;2025-06-23T03:00:00+02:00
600;Marginal price Day Ahead market Spain;3;Spain;114.72;2025-06-23T04:00:00+02:00
600;Marginal price Day Ahead market Spain;3;Spain;114.96;2025-06-23T05:00:00+02:00
600;Marginal price Day Ahead market Spain;3;Spain;121.85;2025-06-23T06:00:00+02:00
600;Marginal price Day Ahead market Spain;3;Spain;127;2025-06-23T07:00:00+02:00
600;Marginal price Day Ahead market Spain;3;Spain;117.05;2025-06-23T08:00:00+02:00
600;Marginal price Day Ahead market Spain;3;Spain;98.86;2025-06-23T09:00:00+02:00
600;Marginal price Day Ahead market Spain;3;Spain;91.75;2025-06-23T10:00:00+02:00
600;Marginal price Day Ahead market Spain;3;Spain;75.48;2025-06-23T11:00:00+02:00
600;Marginal price Day Ahead market Spain;3;Spain;71.27;2025-06-23T12:00:00+02:00
600;Marginal price Day Ahead market Spain;3;Spain;70.75;2025-06-23T13:00:00+02:00
600;Marginal price Day Ahead market Spain;3;Spain;57.42;2025-06-23T14:00:00+02:00
600;Marginal price Day Ahead market Spain;3;Spain;70.75;2025-06-23T15:00:00+02:00
600;Marginal price Day Ahead market Spain;3;Spain;71.4;2025-06-23T16:00:00+02:00
600;Marginal price Day Ahead market Spain;3;Spain;90;2025-06-23T17:00:00+02:00
600;Marginal price Day Ahead market Spain;3;Spain;108;2025-06-23T18:00:00+02:00
600;Marginal price Day Ahead market Spain;3;Spain;124.72;2025-06-23T19:00:00+02:00
600;Marginal price Day Ahead market Spain;3;Spain;136.43;2025-06-23T20:00:00+02:00
600;Marginal price Day Ahead market Spain;3;Spain;195.77;2025-06-23T21:00:00+02:00
600;Marginal price Day Ahead market Spain;3;Spain;175.14;2025-06-23T22:00:00+02:00
600;Marginal price Day Ahead market Spain;3;Spain;135.82;2025-06-23T23:00:00+02:00
600;Marginal price Day Ahead market Spain;3;Spain;129.82;2025-06-24T00:00:00+02:00
600;Marginal price Day Ahead market Spain;3;Spain;126.84;2025-06-24T01:00:00+02:00
600;Marginal price Day Ahead market Spain;3;Spain;123.94;2025-06-24T02:00:00+02:00
600;Marginal price Day Ahead market Spain;3;Spain;124.92;2025-06-24T03:00:00+02:00
600;Marginal price Day Ahead market Spain;3;Spain;124.92;2025-06-24T04:00:00+02:00
600;Marginal price Day Ahead market Spain;3;Spain;125.21;2025-06-24T05:00:00+02:00
600;Marginal price Day Ahead market Spain;3;Spain;126.1;2025-06-24T06:00:00+02:00
600;Marginal price Day Ahead market Spain;3;Spain;126.73;2025-06-24T07:00:00+02:00
600;Marginal price Day Ahead market Spain;3;Spain;126.9;2025-06-24T08:00:00+02:00
600;Marginal price Day Ahead market Spain;3;Spain;119.04;2025-06-24T09:00:00+02:00
600;Marginal price Day Ahead market Spain;3;Spain;100.47;2025-06-24T10:00:00+02:00
600;Marginal price Day Ahead market Spain;3;Spain;77.69;2025-06-24T11:00:00+02:00
600;Marginal price Day Ahead market Spain;3;Spain;76.75;2025-06-24T12:00:00+02:00
600;Marginal price Day Ahead market Spain;3;Spain;37.28;2025-06-24T13:00:00+02:00
600;Marginal price Day Ahead market Spain;3;Spain;16.23;2025-06-24T14:00:00+02:00
600;Marginal price Day Ahead market Spain;3;Spain;7.5;2025-06-24T15:00:00+02:00
600;Marginal price Day Ahead market Spain;3;Spain;7.5;2025-06-24T16:00:00+02:00
600;Marginal price Day Ahead market Spain;3;Spain;20.06;2025-06-24T17:00:00+02:00
600;Marginal price Day Ahead market Spain;3;Spain;71.95;2025-06-24T18:00:00+02:00
600;Marginal price Day Ahead market Spain;3;Spain;104.61;2025-06-24T19:00:00+02:00
600;Marginal price Day Ahead market Spain;3;Spain;125.4;2025-06-24T20:00:00+02:00
600;Marginal price Day Ahead market Spain;3;Spain;146.03;2025-06-24T21:00:00+02:00
600;Marginal price Day Ahead market Spain;3;Spain;154.52;2025-06-24T22:00:00+02:00
600;Marginal price Day Ahead market Spain;3;Spain;131.81;2025-06-24T23:00:00+02:00
600;Marginal price Day Ahead market Spain;3;Spain;129.8;2025-06-25T00:00:00+02:00
600;Marginal price Day Ahead market Spain;3;Spain;118.37;2025-06-25T01:00:00+02:00
600;Marginal price Day Ahead market Spain;3;Spain;116.76;2025-06-25T02:00:00+02:00
600;Marginal price Day Ahead market Spain;3;Spain;116.46;2025-06-25T03:00:00+02:00
600;Marginal price Day Ahead market Spain;3;Spain;116.46;2025-06-25T04:00:00+02:00
600;Marginal price Day Ahead market Spain;3;Spain;117.14;2025-06-25T05:00:00+02:00
600;Marginal price Day Ahead market Spain;3;Spain;119.44;2025-06-25T06:00:00+02:00
600;Marginal price Day Ahead market Spain;3;Spain;125.21;2025-06-25T07:00:00+02:00
600;Marginal price Day Ahead market Spain;3;Spain;114.8;2025-06-25T08:00:00+02:00
600;Marginal price Day Ahead market Spain;3;Spain;85.23;2025-06-25T09:00:00+02:00
600;Marginal price Day Ahead market Spain;3;Spain;42.63;2025-06-25T10:00:00+02:00
600;Marginal price Day Ahead market Spain;3;Spain;27.98;2025-06-25T11:00:00+02:00
600;Marginal price Day Ahead market Spain;3;Spain;15;2025-06-25T12:00:00+02:00
600;Marginal price Day Ahead market Spain;3;Spain;5.79;2025-06-25T13:00:00+02:00
600;Marginal price Day Ahead market Spain;3;Spain;3.52;2025-06-25T14:00:00+02:00
600;Marginal price Day Ahead market Spain;3;Spain;2.44;2025-06-25T15:00:00+02:00
600;Marginal price Day Ahead market Spain;3;Spain;3.52;2025-06-25T16:00:00+02:00
600;Marginal price Day Ahead market Spain;3;Spain;4.9;2025-06-25T17:00:00+02:00
600;Marginal price Day Ahead market Spain;3;Spain;35;2025-06-25T18:00:00+02:00
600;Marginal price Day Ahead market Spain;3;Spain;96;2025-06-25T19:00:00+02:00
600;Marginal price Day Ahead market Spain;3;Spain;119.26;2025-06-25T20:00:00+02:00
600;Marginal price Day Ahead market Spain;3;Spain;150;2025-06-25T21:00:00+02:00
600;Marginal price Day Ahead market Spain;3;Spain;154.52;2025-06-25T22:00:00+02:00
600;Marginal price Day Ahead market Spain;3;Spain;125.21;2025-06-25T23:00:00+02:00
600;Marginal price Day Ahead market Spain;3;Spain;119.95;2025-06-26T00:00:00+02:00
600;Marginal price Day Ahead market Spain;3;Spain;116.43;2025-06-26T01:00:00+02:00
600;Marginal price Day Ahead market Spain;3;Spain;112;2025-06-26T02:00:00+02:00
600;Marginal price Day Ahead market Spain;3;Spain;110;2025-06-26T03:00:00+02:00
600;Marginal price Day Ahead market Spain;3;Spain;109.57;2025-06-26T04:00:00+02:00
600;Marginal price Day Ahead market Spain;3;Spain;110.55;2025-06-26T05:00:00+02:00
600;Marginal price Day Ahead market Spain;3;Spain;116.43;2025-06-26T06:00:00+02:00
600;Marginal price Day Ahead market Spain;3;Spain;117.05;2025-06-26T07:00:00+02:00
600;Marginal price Day Ahead market Spain;3;Spain;111.53;2025-06-26T08:00:00+02:00
600;Marginal price Day Ahead market Spain;3;Spain;85;2025-06-26T09:00:00+02:00
600;Marginal price Day Ahead market Spain;3;Spain;50.24;2025-06-26T10:00:00+02:00
600;Marginal price Day Ahead market Spain;3;Spain;63;2025-06-26T11:00:00+02:00
600;Marginal price Day Ahead market Spain;3;Spain;62.59;2025-06-26T12:00:00+02:00
600;Marginal price Day Ahead market Spain;3;Spain;45.64;2025-06-26T13:00:00+02:00
600;Marginal price Day Ahead market Spain;3;Spain;37.39;2025-06-26T14:00:00+02:00
600;Marginal price Day Ahead market Spain;3;Spain;36.2;2025-06-26T15:00:00+02:00
600;Marginal price Day Ahead market Spain;3;Spain;37.39;2025-06-26T16:00:00+02:00
600;Marginal price Day Ahead market Spain;3;Spain;59.13;2025-06-26T17:00:00+02:00
600;Marginal price Day Ahead market Spain;3;Spain;80.09;2025-06-26T18:00:00+02:00
600;Marginal price Day Ahead market Spain;3;Spain;97.81;2025-06-26T19:00:00+02:00
600;Marginal price Day Ahead market Spain;3;Spain;118.33;2025-06-26T20:00:00+02:00
600;Marginal price Day Ahead market Spain;3;Spain;159.62;2025-06-26T21:00:00+02:00
600;Marginal price Day Ahead market Spain;3;Spain;157;2025-06-26T22:00:00+02:00
600;Marginal price Day Ahead market Spain;3;Spain;119.77;2025-06-26T23:00:00+02:00
600;Marginal price Day Ahead market Spain;3;Spain;115.98;2025-06-27T00:00:00+02:00
600;Marginal price Day Ahead market Spain;3;Spain;111.91;2025-06-27T01:00:00+02:00
600;Marginal price Day Ahead market Spain;3;Spain;111.38;2025-06-27T02:00:00+02:00
600;Marginal price Day Ahead market Spain;3;Spain;111.57;2025-06-27T03:00:00+02:00
600;Marginal price Day Ahead market Spain;3;Spain;111.01;2025-06-27T04:00:00+02:00
600;Marginal price Day Ahead market Spain;3;Spain;111.91;2025-06-27T05:00:00+02:00
600;Marginal price Day Ahead market Spain;3;Spain;113.21;2025-06-27T06:00:00+02:00
600;Marginal price Day Ahead market Spain;3;Spain;115.11;2025-06-27T07:00:00+02:00
600;Marginal price Day Ahead market Spain;3;Spain;111.25;2025-06-27T08:00:00+02:00
600;Marginal price Day Ahead market Spain;3;Spain;92.91;2025-06-27T09:00:00+02:00
600;Marginal price Day Ahead market Spain;3;Spain;78.73;2025-06-27T10:00:00+02:00
600;Marginal price Day Ahead market Spain;3;Spain;67.45;2025-06-27T11:00:00+02:00
600;Marginal price Day Ahead market Spain;3;Spain;54.6;2025-06-27T12:00:00+02:00
600;Marginal price Day Ahead market Spain;3;Spain;36.95;2025-06-27T13:00:00+02:00
600;Marginal price Day Ahead market Spain;3;Spain;36.95;2025-06-27T14:00:00+02:00
600;Marginal price Day Ahead market Spain;3;Spain;35;2025-06-27T15:00:00+02:00
600;Marginal price Day Ahead market Spain;3;Spain;37.2;2025-06-27T16:00:00+02:00
600;Marginal price Day Ahead market Spain;3;Spain;71.87;2025-06-27T17:00:00+02:00
600;Marginal price Day Ahead market Spain;3;Spain;88.27;2025-06-27T18:00:00+02:00
600;Marginal price Day Ahead market Spain;3;Spain;109.29;2025-06-27T19:00:00+02:00
600;Marginal price Day Ahead market Spain;3;Spain;116.83;2025-06-27T20:00:00+02:00
600;Marginal price Day Ahead market Spain;3;Spain;141.05;2025-06-27T21:00:00+02:00
600;Marginal price Day Ahead market Spain;3;Spain;138.56;2025-06-27T22:00:00+02:00
600;Marginal price Day Ahead market Spain;3;Spain;115.31;2025-06-27T23:00:00+02:00
600;Marginal price Day Ahead market Spain;3;Spain;112.96;2025-06-28T00:00:00+02:00
600;Marginal price Day Ahead market Spain;3;Spain;112.92;2025-06-28T01:00:00+02:00
600;Marginal price Day Ahead market Spain;3;Spain;108.5;2025-06-28T02:00:00+02:00
600;Marginal price Day Ahead market Spain;3;Spain;108.25;2025-06-28T03:00:00+02:00
600;Marginal price Day Ahead market Spain;3;Spain;107.04;2025-06-28T04:00:00+02:00
600;Marginal price Day Ahead market Spain;3;Spain;108;2025-06-28T05:00:00+02:00
600;Marginal price Day Ahead market Spain;3;Spain;108;2025-06-28T06:00:00+02:00
600;Marginal price Day Ahead market Spain;3;Spain;108;2025-06-28T07:00:00+02:00
600;Marginal price Day Ahead market Spain;3;Spain;91;2025-06-28T08:00:00+02:00
600;Marginal price Day Ahead market Spain;3;Spain;22.22;2025-06-28T09:00:00+02:00
600;Marginal price Day Ahead market Spain;3;Spain;6;2025-06-28T10:00:00+02:00
600;Marginal price Day Ahead market Spain;3;Spain;0.83;2025-06-28T11:00:00+02:00
600;Marginal price Day Ahead market Spain;3;Spain;0.65;2025-06-28T12:00:00+02:00
600;Marginal price Day Ahead market Spain;3;Spain;0.65;2025-06-28T13:00:00+02:00
600;Marginal price Day Ahead market Spain;3;Spain;0.7;2025-06-28T14:00:00+02:00
600;Marginal price Day Ahead market Spain;3;Spain;0.65;2025-06-28T15:00:00+02:00
600;Marginal price Day Ahead market Spain;3;Spain;2.12;2025-06-28T16:00:00+02:00
600;Marginal price Day Ahead market Spain;3;Spain;10.26;2025-06-28T17:00:00+02:00
600;Marginal price Day Ahead market Spain;3;Spain;46;2025-06-28T18:00:00+02:00
600;Marginal price Day Ahead market Spain;3;Spain;96.26;2025-06-28T19:00:00+02:00
600;Marginal price Day Ahead market Spain;3;Spain;111.38;2025-06-28T20:00:00+02:00
600;Marginal price Day Ahead market Spain;3;Spain;131.33;2025-06-28T21:00:00+02:00
600;Marginal price Day Ahead market Spain;3;Spain;132.65;2025-06-28T22:00:00+02:00
600;Marginal price Day Ahead market Spain;3;Spain;115;2025-06-28T23:00:00+02:00
600;Marginal price Day Ahead market Spain;3;Spain;111.38;2025-06-29T00:00:00+02:00
600;Marginal price Day Ahead market Spain;3;Spain;108.02;2025-06-29T01:00:00+02:00
600;Marginal price Day Ahead market Spain;3;Spain;107;2025-06-29T02:00:00+02:00
600;Marginal price Day Ahead market Spain;3;Spain;106.06;2025-06-29T03:00:00+02:00
600;Marginal price Day Ahead market Spain;3;Spain;107;2025-06-29T04:00:00+02:00
600;Marginal price Day Ahead market Spain;3;Spain;108.02;2025-06-29T05:00:00+02:00
600;Marginal price Day Ahead market Spain;3;Spain;109.98;2025-06-29T06:00:00+02:00
600;Marginal price Day Ahead market Spain;3;Spain;107.04;2025-06-29T07:00:00+02:00
600;Marginal price Day Ahead market Spain;3;Spain;81;2025-06-29T08:00:00+02:00
600;Marginal price Day Ahead market Spain;3;Spain;20;2025-06-29T09:00:00+02:00
600;Marginal price Day Ahead market Spain;3;Spain;3.5;2025-06-29T10:00:00+02:00
600;Marginal price Day Ahead market Spain;3;Spain;0.85;2025-06-29T11:00:00+02:00
600;Marginal price Day Ahead market Spain;3;Spain;0.85;2025-06-29T12:00:00+02:00
600;Marginal price Day Ahead market Spain;3;Spain;3.5;2025-06-29T13:00:00+02:00
600;Marginal price Day Ahead market Spain;3;Spain;4.31;2025-06-29T14:00:00+02:00
600;Marginal price Day Ahead market Spain;3;Spain;4.31;2025-06-29T15:00:00+02:00
600;Marginal price Day Ahead market Spain;3;Spain;5;2025-06-29T16:00:00+02:00
600;Marginal price Day Ahead market Spain;3;Spain;20;2025-06-29T17:00:00+02:00
600;Marginal price Day Ahead market Spain;3;Spain;66.27;2025-06-29T18:00:00+02:00
600;Marginal price Day Ahead market Spain;3;Spain;102.14;2025-06-29T19:00:00+02:00
600;Marginal price Day Ahead market Spain;3;Spain;111.98;2025-06-29T20:00:00+02:00
600;Marginal price Day Ahead market Spain;3;Spain;129.45;2025-06-29T21:00:00+02:00
600;Marginal price Day Ahead market Spain;3;Spain;154.52;2025-06-29T22:00:00+02:00
600;Marginal price Day Ahead market Spain;3;Spain;133.61;2025-06-29T23:00:00+02:00
600;Marginal price Day Ahead market Spain;3;Spain;125.5;2025-06-30T00:00:00+02:00
600;Marginal price Day Ahead market Spain;3;Spain;116.18;2025-06-30T01:00:00+02:00
600;Marginal price Day Ahead market Spain;3;Spain;113.18;2025-06-30T02:00:00+02:00
600;Marginal price Day Ahead market Spain;3;Spain;111.74;2025-06-30T03:00:00+02:00
600;Marginal price Day Ahead market Spain;3;Spain;114.89;2025-06-30T04:00:00+02:00
600;Marginal price Day Ahead market Spain;3;Spain;115;2025-06-30T05:00:00+02:00
600;Marginal price Day Ahead market Spain;3;Spain;115;2025-06-30T06:00:00+02:00
600;Marginal price Day Ahead market Spain;3;Spain;121;2025-06-30T07:00:00+02:00
600;Marginal price Day Ahead market Spain;3;Spain;115;2025-06-30T08:00:00+02:00
600;Marginal price Day Ahead market Spain;3;Spain;109.63;2025-06-30T09:00:00+02:00
600;Marginal price Day Ahead market Spain;3;Spain;85;2025-06-30T10:00:00+02:00
600;Marginal price Day Ahead market Spain;3;Spain;78.27;2025-06-30T11:00:00+02:00
600;Marginal price Day Ahead market Spain;3;Spain;77.75;2025-06-30T12:00:00+02:00
600;Marginal price Day Ahead market Spain;3;Spain;78.01;2025-06-30T13:00:00+02:00
600;Marginal price Day Ahead market Spain;3;Spain;78.4;2025-06-30T14:00:00+02:00
600;Marginal price Day Ahead market Spain;3;Spain;88.18;2025-06-30T15:00:00+02:00
600;Marginal price Day Ahead market Spain;3;Spain;99.32;2025-06-30T16:00:00+02:00
600;Marginal price Day Ahead market Spain;3;Spain;104.1;2025-06-30T17:00:00+02:00
600;Marginal price Day Ahead market Spain;3;Spain;110.1;2025-06-30T18:00:00+02:00
600;Marginal price Day Ahead market Spain;3;Spain;111.38;2025-06-30T19:00:00+02:00
600;Marginal price Day Ahead market Spain;3;Spain;135;2025-06-30T20:00:00+02:00
600;Marginal price Day Ahead market Spain;3;Spain;175.01;2025-06-30T21:00:00+02:00
600;Marginal price Day Ahead market Spain;3;Spain;157;2025-06-30T22:00:00+02:00
600;Marginal price Day Ahead market Spain;3;Spain;127.86;2025-06-30T23:00:00+02:00
600;Marginal price Day Ahead market Spain;3;Spain;129.98;2025-07-01T00:00:00+02:00
600;Marginal price Day Ahead market Spain;3;Spain;118.32;2025-07-01T01:00:00+02:00
600;Marginal price Day Ahead market Spain;3;Spain;116.7;2025-07-01T02:00:00+02:00
600;Marginal price Day Ahead market Spain;3;Spain;115.98;2025-07-01T03:00:00+02:00
600;Marginal price Day Ahead market Spain;3;Spain;114.8;2025-07-01T04:00:00+02:00
600;Marginal price Day Ahead market Spain;3;Spain;115.98;2025-07-01T05:00:00+02:00
600;Marginal price Day Ahead market Spain;3;Spain;116.22;2025-07-01T06:00:00+02:00
600;Marginal price Day Ahead market Spain;3;Spain;121.4;2025-07-01T07:00:00+02:00
600;Marginal price Day Ahead market Spain;3;Spain;114.74;2025-07-01T08:00:00+02:00
600;Marginal price Day Ahead market Spain;3;Spain;105;2025-07-01T09:00:00+02:00
600;Marginal price Day Ahead market Spain;3;Spain;96.91;2025-07-01T10:00:00+02:00
600;Marginal price Day Ahead market Spain;3;Spain;80.7;2025-07-01T11:00:00+02:00
600;Marginal price Day Ahead market Spain;3;Spain;80;2025-07-01T12:00:00+02:00
600;Marginal price Day Ahead market Spain;3;Spain;80;2025-07-01T13:00:00+02:00
600;Marginal price Day Ahead market Spain;3;Spain;80.19;2025-07-01T14:00:00+02:00
600;Marginal price Day Ahead market Spain;3;Spain;80.4;2025-07-01T15:00:00+02:00
600;Marginal price Day Ahead market Spain;3;Spain;92;2025-07-01T16:00:00+02:00
600;Marginal price Day Ahead market Spain;3;Spain;102.65;2025-07-01T17:00:00+02:00
600;Marginal price Day Ahead market Spain;3;Spain;109.91;2025-07-01T18:00:00+02:00
600;Marginal price Day Ahead market Spain;3;Spain;115.5;2025-07-01T19:00:00+02:00
600;Marginal price Day Ahead market Spain;3;Spain;125;2025-07-01T20:00:00+02:00
600;Marginal price Day Ahead market Spain;3;Spain;167;2025-07-01T21:00:00+02:00
600;Marginal price Day Ahead market Spain;3;Spain;159.66;2025-07-01T22:00:00+02:00
600;Marginal price Day Ahead market Spain;3;Spain;129.78;2025-07-01T23:00:00+02:00
600;Marginal price Day Ahead market Spain;3;Spain;130.14;2025-07-02T00:00:00+02:00
600;Marginal price Day Ahead market Spain;3;Spain;120;2025-07-02T01:00:00+02:00
600;Marginal price Day Ahead market Spain;3;Spain;112.13;2025-07-02T02:00:00+02:00
600;Marginal price Day Ahead market Spain;3;Spain;111.63;2025-07-02T03:00:00+02:00
600;Marginal price Day Ahead market Spain;3;Spain;112.13;2025-07-02T04:00:00+02:00
600;Marginal price Day Ahead market Spain;3;Spain;112.92;2025-07-02T05:00:00+02:00
600;Marginal price Day Ahead market Spain;3;Spain;111;2025-07-02T06:00:00+02:00
600;Marginal price Day Ahead market Spain;3;Spain;113.55;2025-07-02T07:00:00+02:00
600;Marginal price Day Ahead market Spain;3;Spain;110.45;2025-07-02T08:00:00+02:00
600;Marginal price Day Ahead market Spain;3;Spain;104.1;2025-07-02T09:00:00+02:00
600;Marginal price Day Ahead market Spain;3;Spain;81.79;2025-07-02T10:00:00+02:00
600;Marginal price Day Ahead market Spain;3;Spain;76.39;2025-07-02T11:00:00+02:00
600;Marginal price Day Ahead market Spain;3;Spain;70.64;2025-07-02T12:00:00+02:00
600;Marginal price Day Ahead market Spain;3;Spain;70.64;2025-07-02T13:00:00+02:00
600;Marginal price Day Ahead market Spain;3;Spain;70.64;2025-07-02T14:00:00+02:00
600;Marginal price Day Ahead market Spain;3;Spain;71.57;2025-07-02T15:00:00+02:00
600;Marginal price Day Ahead market Spain;3;Spain;79.73;2025-07-02T16:00:00+02:00
600;Marginal price Day Ahead market Spain;3;Spain;80;2025-07-02T17:00:00+02:00
600;Marginal price Day Ahead market Spain;3;Spain;87.68;2025-07-02T18:00:00+02:00
600;Marginal price Day Ahead market Spain;3;Spain;107.04;2025-07-02T19:00:00+02:00
600;Marginal price Day Ahead market Spain;3;Spain;112.92;2025-07-02T20:00:00+02:00
600;Marginal price Day Ahead market Spain;3;Spain;126.16;2025-07-02T21:00:00+02:00
600;Marginal price Day Ahead market Spain;3;Spain;125.1;2025-07-02T22:00:00+02:00
600;Marginal price Day Ahead market Spain;3;Spain;110.25;2025-07-02T23:00:00+02:00
600;Marginal price Day Ahead market Spain;3;Spain;111.96;2025-07-03T00:00:00+02:00
600;Marginal price Day Ahead market Spain;3;Spain;110;2025-07-03T01:00:00+02:00
600;Marginal price Day Ahead market Spain;3;Spain;109.12;2025-07-03T02:00:00+02:00
600;Marginal price Day Ahead market Spain;3;Spain;101.9;2025-07-03T03:00:00+02:00
600;Marginal price Day Ahead market Spain;3;Spain;91.21;2025-07-03T04:00:00+02:00
600;Marginal price Day Ahead market Spain;3;Spain;100.18;2025-07-03T05:00:00+02:00
600;Marginal price Day Ahead market Spain;3;Spain;109.81;2025-07-03T06:00:00+02:00
600;Marginal price Day Ahead market Spain;3;Spain;111.51;2025-07-03T07:00:00+02:00
600;Marginal price Day Ahead market Spain;3;Spain;104.9;2025-07-03T08:00:00+02:00
600;Marginal price Day Ahead market Spain;3;Spain;70.58;2025-07-03T09:00:00+02:00
600;Marginal price Day Ahead market Spain;3;Spain;67.42;2025-07-03T10:00:00+02:00
600;Marginal price Day Ahead market Spain;3;Spain;55.58;2025-07-03T11:00:00+02:00
600;Marginal price Day Ahead market Spain;3;Spain;42.16;2025-07-03T12:00:00+02:00
600;Marginal price Day Ahead market Spain;3;Spain;37.2;2025-07-03T13:00:00+02:00
600;Marginal price Day Ahead market Spain;3;Spain;39.63;2025-07-03T14:00:00+02:00
600;Marginal price Day Ahead market Spain;3;Spain;56.67;2025-07-03T15:00:00+02:00
600;Marginal price Day Ahead market Spain;3;Spain;64.71;2025-07-03T16:00:00+02:00
600;Marginal price Day Ahead market Spain;3;Spain;81;2025-07-03T17:00:00+02:00
600;Marginal price Day Ahead market Spain;3;Spain;96.34;2025-07-03T18:00:00+02:00
600;Marginal price Day Ahead market Spain;3;Spain;109;2025-07-03T19:00:00+02:00
600;Marginal price Day Ahead market Spain;3;Spain;118.8;2025-07-03T20:00:00+02:00
600;Marginal price Day Ahead market Spain;3;Spain;142.59;2025-07-03T21:00:00+02:00
600;Marginal price Day Ahead market Spain;3;Spain;140.34;2025-07-03T22:00:00+02:00
600;Marginal price Day Ahead market Spain;3;Spain;119.35;2025-07-03T23:00:00+02:00
600;Marginal price Day Ahead market Spain;3;Spain;110.62;2025-07-04T00:00:00+02:00
600;Marginal price Day Ahead market Spain;3;Spain;107.9;2025-07-04T01:00:00+02:00
600;Marginal price Day Ahead market Spain;3;Spain;107.26;2025-07-04T02:00:00+02:00
600;Marginal price Day Ahead market Spain;3;Spain;106.76;2025-07-04T03:00:00+02:00
600;Marginal price Day Ahead market Spain;3;Spain;107.02;2025-07-04T04:00:00+02:00
600;Marginal price Day Ahead market Spain;3;Spain;107.83;2025-07-04T05:00:00+02:00
600;Marginal price Day Ahead market Spain;3;Spain;111.04;2025-07-04T06:00:00+02:00
600;Marginal price Day Ahead market Spain;3;Spain;113.37;2025-07-04T07:00:00+02:00
600;Marginal price Day Ahead market Spain;3;Spain;110;2025-07-04T08:00:00+02:00
600;Marginal price Day Ahead market Spain;3;Spain;91.15;2025-07-04T09:00:00+02:00
600;Marginal price Day Ahead market Spain;3;Spain;76.14;2025-07-04T10:00:00+02:00
600;Marginal price Day Ahead market Spain;3;Spain;72;2025-07-04T11:00:00+02:00
600;Marginal price Day Ahead market Spain;3;Spain;75;2025-07-04T12:00:00+02:00
600;Marginal price Day Ahead market Spain;3;Spain;75.58;2025-07-04T13:00:00+02:00
600;Marginal price Day Ahead market Spain;3;Spain;75.88;2025-07-04T14:00:00+02:00
600;Marginal price Day Ahead market Spain;3;Spain;75.88;2025-07-04T15:00:00+02:00
600;Marginal price Day Ahead market Spain;3;Spain;76.14;2025-07-04T16:00:00+02:00
600;Marginal price Day Ahead market Spain;3;Spain;78.98;2025-07-04T17:00:00+02:00
600;Marginal price Day Ahead market Spain;3;Spain;90.19;2025-07-04T18:00:00+02:00
600;Marginal price Day Ahead market Spain;3;Spain;108.5;2025-07-04T19:00:00+02:00
600;Marginal price Day Ahead market Spain;3;Spain;113.85;2025-07-04T20:00:00+02:00
600;Marginal price Day Ahead market Spain;3;Spain;139.26;2025-07-04T21:00:00+02:00
600;Marginal price Day Ahead market Spain;3;Spain;138.03;2025-07-04T22:00:00+02:00
600;Marginal price Day Ahead market Spain;3;Spain;122.72;2025-07-04T23:00:00+02:00
600;Marginal price Day Ahead market Spain;3;Spain;131.56;2025-07-05T00:00:00+02:00
600;Marginal price Day Ahead market Spain;3;Spain;118.8;2025-07-05T01:00:00+02:00
600;Marginal price Day Ahead market Spain;3;Spain;110;2025-07-05T02:00:00+02:00
600;Marginal price Day Ahead market Spain;3;Spain;107.02;2025-07-05T03:00:00+02:00
600;Marginal price Day Ahead market Spain;3;Spain;107;2025-07-05T04:00:00+02:00
600;Marginal price Day Ahead market Spain;3;Spain;106.69;2025-07-05T05:00:00+02:00
600;Marginal price Day Ahead market Spain;3;Spain;109.42;2025-07-05T06:00:00+02:00
600;Marginal price Day Ahead market Spain;3;Spain;110.62;2025-07-05T07:00:00+02:00
600;Marginal price Day Ahead market Spain;3;Spain;100;2025-07-05T08:00:00+02:00
600;Marginal price Day Ahead market Spain;3;Spain;36.8;2025-07-05T09:00:00+02:00
600;Marginal price Day Ahead market Spain;3;Spain;5.76;2025-07-05T10:00:00+02:00
600;Marginal price Day Ahead market Spain;3;Spain;3.52;2025-07-05T11:00:00+02:00
600;Marginal price Day Ahead market Spain;3;Spain;4.31;2025-07-05T12:00:00+02:00
600;Marginal price Day Ahead market Spain;3;Spain;5;2025-07-05T13:00:00+02:00
600;Marginal price Day Ahead market Spain;3;Spain;5;2025-07-05T14:00:00+02:00
600;Marginal price Day Ahead market Spain;3;Spain;5;2025-07-05T15:00:00+02:00
600;Marginal price Day Ahead market Spain;3;Spain;5;2025-07-05T16:00:00+02:00
600;Marginal price Day Ahead market Spain;3;Spain;25.44;2025-07-05T17:00:00+02:00
600;Marginal price Day Ahead market Spain;3;Spain;41.25;2025-07-05T18:00:00+02:00
600;Marginal price Day Ahead market Spain;3;Spain;100;2025-07-05T19:00:00+02:00
600;Marginal price Day Ahead market Spain;3;Spain;112.8;2025-07-05T20:00:00+02:00
600;Marginal price Day Ahead market Spain;3;Spain;131.33;2025-07-05T21:00:00+02:00
600;Marginal price Day Ahead market Spain;3;Spain;134;2025-07-05T22:00:00+02:00
600;Marginal price Day Ahead market Spain;3;Spain;120;2025-07-05T23:00:00+02:00
600;Marginal price Day Ahead market Spain;3;Spain;112.17;2025-07-06T00:00:00+02:00
600;Marginal price Day Ahead market Spain;3;Spain;106.01;2025-07-06T01:00:00+02:00
600;Marginal price Day Ahead market Spain;3;Spain;103.6;2025-07-06T02:00:00+02:00
600;Marginal price Day Ahead market Spain;3;Spain;100.58;2025-07-06T03:00:00+02:00
600;Marginal price Day Ahead market Spain;3;Spain;100.1;2025-07-06T04:00:00+02:00
600;Marginal price Day Ahead market Spain;3;Spain;100.82;2025-07-06T05:00:00+02:00
600;Marginal price Day Ahead market Spain;3;Spain;101.3;2025-07-06T06:00:00+02:00
600;Marginal price Day Ahead market Spain;3;Spain;96.98;2025-07-06T07:00:00+02:00
600;Marginal price Day Ahead market Spain;3;Spain;52;2025-07-06T08:00:00+02:00
600;Marginal price Day Ahead market Spain;3;Spain;7.4;2025-07-06T09:00:00+02:00
600;Marginal price Day Ahead market Spain;3;Spain;2;2025-07-06T10:00:00+02:00
600;Marginal price Day Ahead market Spain;3;Spain;1;2025-07-06T11:00:00+02:00
600;Marginal price Day Ahead market Spain;3;Spain;0.85;2025-07-06T12:00:00+02:00
600;Marginal price Day Ahead market Spain;3;Spain;3.52;2025-07-06T13:00:00+02:00
600;Marginal price Day Ahead market Spain;3;Spain;2.99;2025-07-06T14:00:00+02:00
600;Marginal price Day Ahead market Spain;3;Spain;0.65;2025-07-06T15:00:00+02:00
600;Marginal price Day Ahead market Spain;3;Spain;0.65;2025-07-06T16:00:00+02:00
600;Marginal price Day Ahead market Spain;3;Spain;0.65;2025-07-06T17:00:00+02:00
600;Marginal price Day Ahead market Spain;3;Spain;4.31;2025-07-06T18:00:00+02:00
600;Marginal price Day Ahead market Spain;3;Spain;31.53;2025-07-06T19:00:00+02:00
600;Marginal price Day Ahead market Spain;3;Spain;90;2025-07-06T20:00:00+02:00
600;Marginal price Day Ahead market Spain;3;Spain;108.21;2025-07-06T21:00:00+02:00
600;Marginal price Day Ahead market Spain;3;Spain;110.62;2025-07-06T22:00:00+02:00
600;Marginal price Day Ahead market Spain;3;Spain;108.68;2025-07-06T23:00:00+02:00
600;Marginal price Day Ahead market Spain;3;Spain;106.65;2025-07-07T00:00:00+02:00
600;Marginal price Day Ahead market Spain;3;Spain;96.18;2025-07-07T01:00:00+02:00
600;Marginal price Day Ahead market Spain;3;Spain;92.25;2025-07-07T02:00:00+02:00
600;Marginal price Day Ahead market Spain;3;Spain;89.01;2025-07-07T03:00:00+02:00
600;Marginal price Day Ahead market Spain;3;Spain;85.01;2025-07-07T04:00:00+02:00
600;Marginal price Day Ahead market Spain;3;Spain;95;2025-07-07T05:00:00+02:00
600;Marginal price Day Ahead market Spain;3;Spain;103.5;2025-07-07T06:00:00+02:00
600;Marginal price Day Ahead market Spain;3;Spain;106.65;2025-07-07T07:00:00+02:00
600;Marginal price Day Ahead market Spain;3;Spain;94;2025-07-07T08:00:00+02:00
600;Marginal price Day Ahead market Spain;3;Spain;57.5;2025-07-07T09:00:00+02:00
600;Marginal price Day Ahead market Spain;3;Spain;37.5;2025-07-07T10:00:00+02:00
600;Marginal price Day Ahead market Spain;3;Spain;18.01;2025-07-07T11:00:00+02:00
600;Marginal price Day Ahead market Spain;3;Spain;15.01;2025-07-07T12:00:00+02:00
600;Marginal price Day Ahead market Spain;3;Spain;6;2025-07-07T13:00:00+02:00
600;Marginal price Day Ahead market Spain;3;Spain;5.79;2025-07-07T14:00:00+02:00
600;Marginal price Day Ahead market Spain;3;Spain;5;2025-07-07T15:00:00+02:00
600;Marginal price Day Ahead market Spain;3;Spain;3.6;2025-07-07T16:00:00+02:00
600;Marginal price Day Ahead market Spain;3;Spain;4.31;2025-07-07T17:00:00+02:00
600;Marginal price Day Ahead market Spain;3;Spain;5;2025-07-07T18:00:00+02:00
600;Marginal price Day Ahead market Spain;3;Spain;37.39;2025-07-07T19:00:00+02:00
600;Marginal price Day Ahead market Spain;3;Spain;80;2025-07-07T20:00:00+02:00
600;Marginal price Day Ahead market Spain;3;Spain;105.75;2025-07-07T21:00:00+02:00
600;Marginal price Day Ahead market Spain;3;Spain;104.48;2025-07-07T22:00:00+02:00
600;Marginal price Day Ahead market Spain;3;Spain;95.1;2025-07-07T23:00:00+02:00
600;Marginal price Day Ahead market Spain;3;Spain;80.1;2025-07-08T00:00:00+02:00
600;Marginal price Day Ahead market Spain;3;Spain;62.4;2025-07-08T01:00:00+02:00
600;Marginal price Day Ahead market Spain;3;Spain;50;2025-07-08T02:00:00+02:00
600;Marginal price Day Ahead market Spain;3;Spain;35.1;2025-07-08T03:00:00+02:00
600;Marginal price Day Ahead market Spain;3;Spain;35.1;2025-07-08T04:00:00+02:00
600;Marginal price Day Ahead market Spain;3;Spain;30.1;2025-07-08T05:00:00+02:00
600;Marginal price Day Ahead market Spain;3;Spain;60.73;2025-07-08T06:00:00+02:00
600;Marginal price Day Ahead market Spain;3;Spain;74.99;2025-07-08T07:00:00+02:00
600;Marginal price Day Ahead market Spain;3;Spain;60;2025-07-08T08:00:00+02:00
600;Marginal price Day Ahead market Spain;3;Spain;18.01;2025-07-08T09:00:00+02:00
600;Marginal price Day Ahead market Spain;3;Spain;4.31;2025-07-08T10:00:00+02:00
600;Marginal price Day Ahead market Spain;3;Spain;1.72;2025-07-08T11:00:00+02:00
600;Marginal price Day Ahead market Spain;3;Spain;1.72;2025-07-08T12:00:00+02:00
600;Marginal price Day Ahead market Spain;3;Spain;2.99;2025-07-08T13:00:00+02:00
600;Marginal price Day Ahead market Spain;3;Spain;3.52;2025-07-08T14:00:00+02:00
600;Marginal price Day Ahead market Spain;3;Spain;3.52;2025-07-08T15:00:00+02:00
600;Marginal price Day Ahead market Spain;3;Spain;5;2025-07-08T16:00:00+02:00
600;Marginal price Day Ahead market Spain;3;Spain;17.1;2025-07-08T17:00:00+02:00
600;Marginal price Day Ahead market Spain;3;Spain;45;2025-07-08T18:00:00+02:00
600;Marginal price Day Ahead market Spain;3;Spain;60.39;2025-07-08T19:00:00+02:00
600;Marginal price Day Ahead market Spain;3;Spain;104.5;2025-07-08T20:00:00+02:00
600;Marginal price Day Ahead market Spain;3;Spain;110.69;2025-07-08T21:00:00+02:00
600;Marginal price Day Ahead market Spain;3;Spain;110.62;2025-07-08T22:00:00+02:00
600;Marginal price Day Ahead market Spain;3;Spain;106.06;2025-07-08T23:00:00+02:00
600;Marginal price Day Ahead market Spain;3;Spain;110.62;2025-07-09T00:00:00+02:00
600;Marginal price Day Ahead market Spain;3;Spain;104.01;2025-07-09T01:00:00+02:00
600;Marginal price Day Ahead market Spain;3;Spain;101.42;2025-07-09T02:00:00+02:00
600;Marginal price Day Ahead market Spain;3;Spain;103.32;2025-07-09T03:00:00+02:00
600;Marginal price Day Ahead market Spain;3;Spain;108.6;2025-07-09T04:00:00+02:00
600;Marginal price Day Ahead market Spain;3;Spain;110.37;2025-07-09T05:00:00+02:00
600;Marginal price Day Ahead market Spain;3;Spain;107.27;2025-07-09T06:00:00+02:00
600;Marginal price Day Ahead market Spain;3;Spain;111.82;2025-07-09T07:00:00+02:00
600;Marginal price Day Ahead market Spain;3;Spain;108.75;2025-07-09T08:00:00+02:00
600;Marginal price Day Ahead market Spain;3;Spain;99.5;2025-07-09T09:00:00+02:00
600;Marginal price Day Ahead market Spain;3;Spain;56.91;2025-07-09T10:00:00+02:00
600;Marginal price Day Ahead market Spain;3;Spain;40;2025-07-09T11:00:00+02:00
600;Marginal price Day Ahead market Spain;3;Spain;35.1;2025-07-09T12:00:00+02:00
600;Marginal price Day Ahead market Spain;3;Spain;36.2;2025-07-09T13:00:00+02:00
600;Marginal price Day Ahead market Spain;3;Spain;36.2;2025-07-09T14:00:00+02:00
600;Marginal price Day Ahead market Spain;3;Spain;37.55;2025-07-09T15:00:00+02:00
600;Marginal price Day Ahead market Spain;3;Spain;50;2025-07-09T16:00:00+02:00
600;Marginal price Day Ahead market Spain;3;Spain;73.55;2025-07-09T17:00:00+02:00
600;Marginal price Day Ahead market Spain;3;Spain;75.4;2025-07-09T18:00:00+02:00
600;Marginal price Day Ahead market Spain;3;Spain;110.41;2025-07-09T19:00:00+02:00
600;Marginal price Day Ahead market Spain;3;Spain;115.04;2025-07-09T20:00:00+02:00
600;Marginal price Day Ahead market Spain;3;Spain;155.75;2025-07-09T21:00:00+02:00
600;Marginal price Day Ahead market Spain;3;Spain;145.01;2025-07-09T22:00:00+02:00
600;Marginal price Day Ahead market Spain;3;Spain;120;2025-07-09T23:00:00+02:00
600;Marginal price Day Ahead market Spain;3;Spain;123.51;2025-07-10T00:00:00+02:00
600;Marginal price Day Ahead market Spain;3;Spain;115.5;2025-07-10T01:00:00+02:00
600;Marginal price Day Ahead market Spain;3;Spain;113.02;2025-07-10T02:00:00+02:00
600;Marginal price Day Ahead market Spain;3;Spain;112.38;2025-07-10T03:00:00+02:00
600;Marginal price Day Ahead market Spain;3;Spain;112.38;2025-07-10T04:00:00+02:00
600;Marginal price Day Ahead market Spain;3;Spain;113.53;2025-07-10T05:00:00+02:00
600;Marginal price Day Ahead market Spain;3;Spain;117.89;2025-07-10T06:00:00+02:00
600;Marginal price Day Ahead market Spain;3;Spain;123.51;2025-07-10T07:00:00+02:00
600;Marginal price Day Ahead market Spain;3;Spain;110.66;2025-07-10T08:00:00+02:00
600;Marginal price Day Ahead market Spain;3;Spain;108.1;2025-07-10T09:00:00+02:00
600;Marginal price Day Ahead market Spain;3;Spain;106.5;2025-07-10T10:00:00+02:00
600;Marginal price Day Ahead market Spain;3;Spain;90.01;2025-07-10T11:00:00+02:00
600;Marginal price Day Ahead market Spain;3;Spain;76.98;2025-07-10T12:00:00+02:00
600;Marginal price Day Ahead market Spain;3;Spain;75.57;2025-07-10T13:00:00+02:00
600;Marginal price Day Ahead market Spain;3;Spain;75.44;2025-07-10T14:00:00+02:00
600;Marginal price Day Ahead market Spain;3;Spain;75;2025-07-10T15:00:00+02:00
600;Marginal price Day Ahead market Spain;3;Spain;74;2025-07-10T16:00:00+02:00
600;Marginal price Day Ahead market Spain;3;Spain;76.73;2025-07-10T17:00:00+02:00
600;Marginal price Day Ahead market Spain;3;Spain;88.08;2025-07-10T18:00:00+02:00
600;Marginal price Day Ahead market Spain;3;Spain;103.99;2025-07-10T19:00:00+02:00
600;Marginal price Day Ahead market Spain;3;Spain;118.65;2025-07-10T20:00:00+02:00
600;Marginal price Day Ahead market Spain;3;Spain;153.75;2025-07-10T21:00:00+02:00
600;Marginal price Day Ahead market Spain;3;Spain;170;2025-07-10T22:00:00+02:00
600;Marginal price Day Ahead market Spain;3;Spain;132;2025-07-10T23:00:00+02:00
600;Marginal price Day Ahead market Spain;3;Spain;121.74;2025-07-11T00:00:00+02:00
600;Marginal price Day Ahead market Spain;3;Spain;115.46;2025-07-11T01:00:00+02:00
600;Marginal price Day Ahead market Spain;3;Spain;113.85;2025-07-11T02:00:00+02:00
600;Marginal price Day Ahead market Spain;3;Spain;112.73;2025-07-11T03:00:00+02:00
600;Marginal price Day Ahead market Spain;3;Spain;112.73;2025-07-11T04:00:00+02:00
600;Marginal price Day Ahead market Spain;3;Spain;113.33;2025-07-11T05:00:00+02:00
600;Marginal price Day Ahead market Spain;3;Spain;118.47;2025-07-11T06:00:00+02:00
600;Marginal price Day Ahead market Spain;3;Spain;125;2025-07-11T07:00:00+02:00
600;Marginal price Day Ahead market Spain;3;Spain;111.07;2025-07-11T08:00:00+02:00
600;Marginal price Day Ahead market Spain;3;Spain;105.34;2025-07-11T09:00:00+02:00
600;Marginal price Day Ahead market Spain;3;Spain;63.1;2025-07-11T10:00:00+02:00
600;Marginal price Day Ahead market Spain;3;Spain;76.75;2025-07-11T11:00:00+02:00
600;Marginal price Day Ahead market Spain;3;Spain;80;2025-07-11T12:00:00+02:00
600;Marginal price Day Ahead market Spain;3;Spain;74.01;2025-07-11T13:00:00+02:00
600;Marginal price Day Ahead market Spain;3;Spain;62.19;2025-07-11T14:00:00+02:00
600;Marginal price Day Ahead market Spain;3;Spain;59.9;2025-07-11T15:00:00+02:00
600;Marginal price Day Ahead market Spain;3;Spain;55.4;2025-07-11T16:00:00+02:00
600;Marginal price Day Ahead market Spain;3;Spain;61.98;2025-07-11T17:00:00+02:00
600;Marginal price Day Ahead market Spain;3;Spain;67;2025-07-11T18:00:00+02:00
600;Marginal price Day Ahead market Spain;3;Spain;100;2025-07-11T19:00:00+02:00
600;Marginal price Day Ahead market Spain;3;Spain;114.23;2025-07-11T20:00:00+02:00
600;Marginal price Day Ahead market Spain;3;Spain;125.67;2025-07-11T21:00:00+02:00
600;Marginal price Day Ahead market Spain;3;Spain;138.16;2025-07-11T22:00:00+02:00
600;Marginal price Day Ahead market Spain;3;Spain;130;2025-07-11T23:00:00+02:00
600;Marginal price Day Ahead market Spain;3;Spain;119.78;2025-07-12T00:00:00+02:00
600;Marginal price Day Ahead market Spain;3;Spain;116.62;2025-07-12T01:00:00+02:00
600;Marginal price Day Ahead market Spain;3;Spain;112.18;2025-07-12T02:00:00+02:00
600;Marginal price Day Ahead market Spain;3;Spain;107.53;2025-07-12T03:00:00+02:00
600;Marginal price Day Ahead market Spain;3;Spain;105.42;2025-07-12T04:00:00+02:00
600;Marginal price Day Ahead market Spain;3;Spain;103.79;2025-07-12T05:00:00+02:00
600;Marginal price Day Ahead market Spain;3;Spain;109.85;2025-07-12T06:00:00+02:00
600;Marginal price Day Ahead market Spain;3;Spain;118.99;2025-07-12T07:00:00+02:00
600;Marginal price Day Ahead market Spain;3;Spain;105.42;2025-07-12T08:00:00+02:00
600;Marginal price Day Ahead market Spain;3;Spain;72.95;2025-07-12T09:00:00+02:00
600;Marginal price Day Ahead market Spain;3;Spain;42.1;2025-07-12T10:00:00+02:00
600;Marginal price Day Ahead market Spain;3;Spain;19;2025-07-12T11:00:00+02:00
600;Marginal price Day Ahead market Spain;3;Spain;15;2025-07-12T12:00:00+02:00
600;Marginal price Day Ahead market Spain;3;Spain;5.76;2025-07-12T13:00:00+02:00
600;Marginal price Day Ahead market Spain;3;Spain;4.31;2025-07-12T14:00:00+02:00
600;Marginal price Day Ahead market Spain;3;Spain;0.85;2025-07-12T15:00:00+02:00
600;Marginal price Day Ahead market Spain;3;Spain;13.68;2025-07-12T16:00:00+02:00
600;Marginal price Day Ahead market Spain;3;Spain;35;2025-07-12T17:00:00+02:00
600;Marginal price Day Ahead market Spain;3;Spain;50.08;2025-07-12T18:00:00+02:00
600;Marginal price Day Ahead market Spain;3;Spain;75.4;2025-07-12T19:00:00+02:00
600;Marginal price Day Ahead market Spain;3;Spain;107.75;2025-07-12T20:00:00+02:00
600;Marginal price Day Ahead market Spain;3;Spain;125.67;2025-07-12T21:00:00+02:00
600;Marginal price Day Ahead market Spain;3;Spain;133;2025-07-12T22:00:00+02:00
600;Marginal price Day Ahead market Spain;3;Spain;121.74;2025-07-12T23:00:00+02:00
600;Marginal price Day Ahead market Spain;3;Spain;119.36;2025-07-13T00:00:00+02:00
600;Marginal price Day Ahead market Spain;3;Spain;117.06;2025-07-13T01:00:00+02:00
600;Marginal price Day Ahead market Spain;3;Spain;114.11;2025-07-13T02:00:00+02:00
600;Marginal price Day Ahead market Spain;3;Spain;113.99;2025-07-13T03:00:00+02:00
600;Marginal price Day Ahead market Spain;3;Spain;108.67;2025-07-13T04:00:00+02:00
600;Marginal price Day Ahead market Spain;3;Spain;104.64;2025-07-13T05:00:00+02:00
600;Marginal price Day Ahead market Spain;3;Spain;104.64;2025-07-13T06:00:00+02:00
600;Marginal price Day Ahead market Spain;3;Spain;90;2025-07-13T07:00:00+02:00
600;Marginal price Day Ahead market Spain;3;Spain;55;2025-07-13T08:00:00+02:00
600;Marginal price Day Ahead market Spain;3;Spain;22.5;2025-07-13T09:00:00+02:00
600;Marginal price Day Ahead market Spain;3;Spain;4.28;2025-07-13T10:00:00+02:00
600;Marginal price Day Ahead market Spain;3;Spain;0.05;2025-07-13T11:00:00+02:00
600;Marginal price Day Ahead market Spain;3;Spain;0;2025-07-13T12:00:00+02:00
600;Marginal price Day Ahead market Spain;3;Spain;0;2025-07-13T13:00:00+02:00
600;Marginal price Day Ahead market Spain;3;Spain;0;2025-07-13T14:00:00+02:00
600;Marginal price Day Ahead market Spain;3;Spain;0;2025-07-13T15:00:00+02:00
600;Marginal price Day Ahead market Spain;3;Spain;1;2025-07-13T16:00:00+02:00
600;Marginal price Day Ahead market Spain;3;Spain;5.79;2025-07-13T17:00:00+02:00
600;Marginal price Day Ahead market Spain;3;Spain;30.39;2025-07-13T18:00:00+02:00
600;Marginal price Day Ahead market Spain;3;Spain;70.1;2025-07-13T19:00:00+02:00
600;Marginal price Day Ahead market Spain;3;Spain;107.69;2025-07-13T20:00:00+02:00
600;Marginal price Day Ahead market Spain;3;Spain;124.5;2025-07-13T21:00:00+02:00
600;Marginal price Day Ahead market Spain;3;Spain;134.62;2025-07-13T22:00:00+02:00
600;Marginal price Day Ahead market Spain;3;Spain;121.74;2025-07-13T23:00:00+02:00
600;Marginal price Day Ahead market Spain;3;Spain;118.1;2025-07-14T00:00:00+02:00
600;Marginal price Day Ahead market Spain;3;Spain;112.45;2025-07-14T01:00:00+02:00
600;Marginal price Day Ahead market Spain;3;Spain;109.86;2025-07-14T02:00:00+02:00
600;Marginal price Day Ahead market Spain;3;Spain;109.23;2025-07-14T03:00:00+02:00
600;Marginal price Day Ahead market Spain;3;Spain;108.9;2025-07-14T04:00:00+02:00
600;Marginal price Day Ahead market Spain;3;Spain;110.1;2025-07-14T05:00:00+02:00
600;Marginal price Day Ahead market Spain;3;Spain;118.06;2025-07-14T06:00:00+02:00
600;Marginal price Day Ahead market Spain;3;Spain;122.72;2025-07-14T07:00:00+02:00
600;Marginal price Day Ahead market Spain;3;Spain;116;2025-07-14T08:00:00+02:00
600;Marginal price Day Ahead market Spain;3;Spain;75.19;2025-07-14T09:00:00+02:00
600;Marginal price Day Ahead market Spain;3;Spain;65;2025-07-14T10:00:00+02:00
600;Marginal price Day Ahead market Spain;3;Spain;33.72;2025-07-14T11:00:00+02:00
600;Marginal price Day Ahead market Spain;3;Spain;34.06;2025-07-14T12:00:00+02:00
600;Marginal price Day Ahead market Spain;3;Spain;38.8;2025-07-14T13:00:00+02:00
600;Marginal price Day Ahead market Spain;3;Spain;31.49;2025-07-14T14:00:00+02:00
600;Marginal price Day Ahead market Spain;3;Spain;18.21;2025-07-14T15:00:00+02:00
600;Marginal price Day Ahead market Spain;3;Spain;27.09;2025-07-14T16:00:00+02:00
600;Marginal price Day Ahead market Spain;3;Spain;47.5;2025-07-14T17:00:00+02:00
600;Marginal price Day Ahead market Spain;3;Spain;60;2025-07-14T18:00:00+02:00
600;Marginal price Day Ahead market Spain;3;Spain;77.76;2025-07-14T19:00:00+02:00
600;Marginal price Day Ahead market Spain;3;Spain;117.06;2025-07-14T20:00:00+02:00
600;Marginal price Day Ahead market Spain;3;Spain;126.64;2025-07-14T21:00:00+02:00
600;Marginal price Day Ahead market Spain;3;Spain;124.68;2025-07-14T22:00:00+02:00
600;Marginal price Day Ahead market Spain;3;Spain;118.26;2025-07-14T23:00:00+02:00
600;Marginal price Day Ahead market Spain;3;Spain;113.16;2025-07-15T00:00:00+02:00
600;Marginal price Day Ahead market Spain;3;Spain;109.48;2025-07-15T01:00:00+02:00
600;Marginal price Day Ahead market Spain;3;Spain;107.41;2025-07-15T02:00:00+02:00
600;Marginal price Day Ahead market Spain;3;Spain;107.22;2025-07-15T03:00:00+02:00
600;Marginal price Day Ahead market Spain;3;Spain;105.43;2025-07-15T04:00:00+02:00
600;Marginal price Day Ahead market Spain;3;Spain;107.38;2025-07-15T05:00:00+02:00
600;Marginal price Day Ahead market Spain;3;Spain;113.16;2025-07-15T06:00:00+02:00
600;Marginal price Day Ahead market Spain;3;Spain;118.81;2025-07-15T07:00:00+02:00
600;Marginal price Day Ahead market Spain;3;Spain;107.4;2025-07-15T08:00:00+02:00
600;Marginal price Day Ahead market Spain;3;Spain;72.97;2025-07-15T09:00:00+02:00
600;Marginal price Day Ahead market Spain;3;Spain;30.5;2025-07-15T10:00:00+02:00
600;Marginal price Day Ahead market Spain;3;Spain;39.87;2025-07-15T11:00:00+02:00
600;Marginal price Day Ahead market Spain;3;Spain;46.2;2025-07-15T12:00:00+02:00
600;Marginal price Day Ahead market Spain;3;Spain;45;2025-07-15T13:00:00+02:00
600;Marginal price Day Ahead market Spain;3;Spain;35;2025-07-15T14:00:00+02:00
600;Marginal price Day Ahead market Spain;3;Spain;29.95;2025-07-15T15:00:00+02:00
600;Marginal price Day Ahead market Spain;3;Spain;29.95;2025-07-15T16:00:00+02:00
600;Marginal price Day Ahead market Spain;3;Spain;49;2025-07-15T17:00:00+02:00
600;Marginal price Day Ahead market Spain;3;Spain;50.08;2025-07-15T18:00:00+02:00
600;Marginal price Day Ahead market Spain;3;Spain;72.84;2025-07-15T19:00:00+02:00
600;Marginal price Day Ahead market Spain;3;Spain;112.92;2025-07-15T20:00:00+02:00
600;Marginal price Day Ahead market Spain;3;Spain;135.87;2025-07-15T21:00:00+02:00
600;Marginal price Day Ahead market Spain;3;Spain;135.05;2025-07-15T22:00:00+02:00
600;Marginal price Day Ahead market Spain;3;Spain;120.05;2025-07-15T23:00:00+02:00
600;Marginal price Day Ahead market Spain;3;Spain;113.31;2025-07-16T00:00:00+02:00
600;Marginal price Day Ahead market Spain;3;Spain;107.85;2025-07-16T01:00:00+02:00
600;Marginal price Day Ahead market Spain;3;Spain;106.83;2025-07-16T02:00:00+02:00
600;Marginal price Day Ahead market Spain;3;Spain;106.83;2025-07-16T03:00:00+02:00
600;Marginal price Day Ahead market Spain;3;Spain;107.22;2025-07-16T04:00:00+02:00
600;Marginal price Day Ahead market Spain;3;Spain;110.68;2025-07-16T05:00:00+02:00
600;Marginal price Day Ahead market Spain;3;Spain;117.61;2025-07-16T06:00:00+02:00
600;Marginal price Day Ahead market Spain;3;Spain;125.67;2025-07-16T07:00:00+02:00
600;Marginal price Day Ahead market Spain;3;Spain;109.5;2025-07-16T08:00:00+02:00
600;Marginal price Day Ahead market Spain;3;Spain;89;2025-07-16T09:00:00+02:00
600;Marginal price Day Ahead market Spain;3;Spain;75;2025-07-16T10:00:00+02:00
600;Marginal price Day Ahead market Spain;3;Spain;70.1;2025-07-16T11:00:00+02:00
600;Marginal price Day Ahead market Spain;3;Spain;70.1;2025-07-16T12:00:00+02:00
600;Marginal price Day Ahead market Spain;3;Spain;70.1;2025-07-16T13:00:00+02:00
600;Marginal price Day Ahead market Spain;3;Spain;70;2025-07-16T14:00:00+02:00
600;Marginal price Day Ahead market Spain;3;Spain;69.84;2025-07-16T15:00:00+02:00
600;Marginal price Day Ahead market Spain;3;Spain;69.95;2025-07-16T16:00:00+02:00
600;Marginal price Day Ahead market Spain;3;Spain;70.1;2025-07-16T17:00:00+02:00
600;Marginal price Day Ahead market Spain;3;Spain;79.1;2025-07-16T18:00:00+02:00
600;Marginal price Day Ahead market Spain;3;Spain;109.62;2025-07-16T19:00:00+02:00
600;Marginal price Day Ahead market Spain;3;Spain;125;2025-07-16T20:00:00+02:00
600;Marginal price Day Ahead market Spain;3;Spain;175.49;2025-07-16T21:00:00+02:00
600;Marginal price Day Ahead market Spain;3;Spain;169.2;2025-07-16T22:00:00+02:00
600;Marginal price Day Ahead market Spain;3;Spain;129.36;2025-07-16T23:00:00+02:00
600;Marginal price Day Ahead market Spain;3;Spain;119.78;2025-07-17T00:00:00+02:00
600;Marginal price Day Ahead market Spain;3;Spain;115.13;2025-07-17T01:00:00+02:00
600;Marginal price Day Ahead market Spain;3;Spain;113.84;2025-07-17T02:00:00+02:00
600;Marginal price Day Ahead market Spain;3;Spain;108.62;2025-07-17T03:00:00+02:00
600;Marginal price Day Ahead market Spain;3;Spain;108.62;2025-07-17T04:00:00+02:00
600;Marginal price Day Ahead market Spain;3;Spain;113.46;2025-07-17T05:00:00+02:00
600;Marginal price Day Ahead market Spain;3;Spain;118.36;2025-07-17T06:00:00+02:00
600;Marginal price Day Ahead market Spain;3;Spain;125;2025-07-17T07:00:00+02:00
600;Marginal price Day Ahead market Spain;3;Spain;115.45;2025-07-17T08:00:00+02:00
600;Marginal price Day Ahead market Spain;3;Spain;104.27;2025-07-17T09:00:00+02:00
600;Marginal price Day Ahead market Spain;3;Spain;85;2025-07-17T10:00:00+02:00
600;Marginal price Day Ahead market Spain;3;Spain;77.07;2025-07-17T11:00:00+02:00
600;Marginal price Day Ahead market Spain;3;Spain;76.8;2025-07-17T12:00:00+02:00
600;Marginal price Day Ahead market Spain;3;Spain;76.68;2025-07-17T13:00:00+02:00
600;Marginal price Day Ahead market Spain;3;Spain;75.2;2025-07-17T14:00:00+02:00
600;Marginal price Day Ahead market Spain;3;Spain;73;2025-07-17T15:00:00+02:00
600;Marginal price Day Ahead market Spain;3;Spain;76.81;2025-07-17T16:00:00+02:00
600;Marginal price Day Ahead market Spain;3;Spain;84.36;2025-07-17T17:00:00+02:00
600;Marginal price Day Ahead market Spain;3;Spain;91.52;2025-07-17T18:00:00+02:00
600;Marginal price Day Ahead market Spain;3;Spain;108.66;2025-07-17T19:00:00+02:00
600;Marginal price Day Ahead market Spain;3;Spain;121.41;2025-07-17T20:00:00+02:00
600;Marginal price Day Ahead market Spain;3;Spain;128.67;2025-07-17T21:00:00+02:00
600;Marginal price Day Ahead market Spain;3;Spain;129.85;2025-07-17T22:00:00+02:00
600;Marginal price Day Ahead market Spain;3;Spain;120.76;2025-07-17T23:00:00+02:00
600;Marginal price Day Ahead market Spain;3;Spain;114;2025-07-18T00:00:00+02:00
600;Marginal price Day Ahead market Spain;3;Spain;107.61;2025-07-18T01:00:00+02:00
600;Marginal price Day Ahead market Spain;3;Spain;107.22;2025-07-18T02:00:00+02:00
600;Marginal price Day Ahead market Spain;3;Spain;105.9;2025-07-18T03:00:00+02:00
600;Marginal price Day Ahead market Spain;3;Spain;105;2025-07-18T04:00:00+02:00
600;Marginal price Day Ahead market Spain;3;Spain;107.17;2025-07-18T05:00:00+02:00
600;Marginal price Day Ahead market Spain;3;Spain;111.55;2025-07-18T06:00:00+02:00
600;Marginal price Day Ahead market Spain;3;Spain;115.14;2025-07-18T07:00:00+02:00
600;Marginal price Day Ahead market Spain;3;Spain;109.39;2025-07-18T08:00:00+02:00
600;Marginal price Day Ahead market Spain;3;Spain;90.64;2025-07-18T09:00:00+02:00
600;Marginal price Day Ahead market Spain;3;Spain;80;2025-07-18T10:00:00+02:00
600;Marginal price Day Ahead market Spain;3;Spain;81.58;2025-07-18T11:00:00+02:00
600;Marginal price Day Ahead market Spain;3;Spain;80;2025-07-18T12:00:00+02:00
600;Marginal price Day Ahead market Spain;3;Spain;73.02;2025-07-18T13:00:00+02:00
600;Marginal price Day Ahead market Spain;3;Spain;71.2;2025-07-18T14:00:00+02:00
600;Marginal price Day Ahead market Spain;3;Spain;72.68;2025-07-18T15:00:00+02:00
600;Marginal price Day Ahead market Spain;3;Spain;72.81;2025-07-18T16:00:00+02:00
600;Marginal price Day Ahead market Spain;3;Spain;72.8;2025-07-18T17:00:00+02:00
600;Marginal price Day Ahead market Spain;3;Spain;71.08;2025-07-18T18:00:00+02:00
600;Marginal price Day Ahead market Spain;3;Spain;72.8;2025-07-18T19:00:00+02:00
600;Marginal price Day Ahead market Spain;3;Spain;110;2025-07-18T20:00:00+02:00
600;Marginal price Day Ahead market Spain;3;Spain;119.39;2025-07-18T21:00:00+02:00
600;Marginal price Day Ahead market Spain;3;Spain;119.19;2025-07-18T22:00:00+02:00
600;Marginal price Day Ahead market Spain;3;Spain;111.65;2025-07-18T23:00:00+02:00
600;Marginal price Day Ahead market Spain;3;Spain;101.72;2025-07-19T00:00:00+02:00
600;Marginal price Day Ahead market Spain;3;Spain;98.25;2025-07-19T01:00:00+02:00
600;Marginal price Day Ahead market Spain;3;Spain;90;2025-07-19T02:00:00+02:00
600;Marginal price Day Ahead market Spain;3;Spain;84.99;2025-07-19T03:00:00+02:00
600;Marginal price Day Ahead market Spain;3;Spain;82.5;2025-07-19T04:00:00+02:00
600;Marginal price Day Ahead market Spain;3;Spain;83.74;2025-07-19T05:00:00+02:00
600;Marginal price Day Ahead market Spain;3;Spain;90;2025-07-19T06:00:00+02:00
600;Marginal price Day Ahead market Spain;3;Spain;79.3;2025-07-19T07:00:00+02:00
600;Marginal price Day Ahead market Spain;3;Spain;56.62;2025-07-19T08:00:00+02:00
600;Marginal price Day Ahead market Spain;3;Spain;9.83;2025-07-19T09:00:00+02:00
600;Marginal price Day Ahead market Spain;3;Spain;3.52;2025-07-19T10:00:00+02:00
600;Marginal price Day Ahead market Spain;3;Spain;0.65;2025-07-19T11:00:00+02:00
600;Marginal price Day Ahead market Spain;3;Spain;0;2025-07-19T12:00:00+02:00
600;Marginal price Day Ahead market Spain;3;Spain;0;2025-07-19T13:00:00+02:00
600;Marginal price Day Ahead market Spain;3;Spain;0;2025-07-19T14:00:00+02:00
600;Marginal price Day Ahead market Spain;3;Spain;0;2025-07-19T15:00:00+02:00
600;Marginal price Day Ahead market Spain;3;Spain;0;2025-07-19T16:00:00+02:00
600;Marginal price Day Ahead market Spain;3;Spain;0.65;2025-07-19T17:00:00+02:00
600;Marginal price Day Ahead market Spain;3;Spain;3.52;2025-07-19T18:00:00+02:00
600;Marginal price Day Ahead market Spain;3;Spain;42.32;2025-07-19T19:00:00+02:00
600;Marginal price Day Ahead market Spain;3;Spain;72.92;2025-07-19T20:00:00+02:00
600;Marginal price Day Ahead market Spain;3;Spain;100.28;2025-07-19T21:00:00+02:00
600;Marginal price Day Ahead market Spain;3;Spain;106.8;2025-07-19T22:00:00+02:00
600;Marginal price Day Ahead market Spain;3;Spain;96.25;2025-07-19T23:00:00+02:00
600;Marginal price Day Ahead market Spain;3;Spain;57.73;2025-07-20T00:00:00+02:00
600;Marginal price Day Ahead market Spain;3;Spain;45;2025-07-20T01:00:00+02:00
600;Marginal price Day Ahead market Spain;3;Spain;43.94;2025-07-20T02:00:00+02:00
600;Marginal price Day Ahead market Spain;3;Spain;43.81;2025-07-20T03:00:00+02:00
600;Marginal price Day Ahead market Spain;3;Spain;43.81;2025-07-20T04:00:00+02:00
600;Marginal price Day Ahead market Spain;3;Spain;43.81;2025-07-20T05:00:00+02:00
600;Marginal price Day Ahead market Spain;3;Spain;43.94;2025-07-20T06:00:00+02:00
600;Marginal price Day Ahead market Spain;3;Spain;38.3;2025-07-20T07:00:00+02:00
600;Marginal price Day Ahead market Spain;3;Spain;3.6;2025-07-20T08:00:00+02:00
600;Marginal price Day Ahead market Spain;3;Spain;0.65;2025-07-20T09:00:00+02:00
600;Marginal price Day Ahead market Spain;3;Spain;0;2025-07-20T10:00:00+02:00
600;Marginal price Day Ahead market Spain;3;Spain;0;2025-07-20T11:00:00+02:00
600;Marginal price Day Ahead market Spain;3;Spain;-0.01;2025-07-20T12:00:00+02:00
600;Marginal price Day Ahead market Spain;3;Spain;-0.01;2025-07-20T13:00:00+02:00
600;Marginal price Day Ahead market Spain;3;Spain;-0.01;2025-07-20T14:00:00+02:00
600;Marginal price Day Ahead market Spain;3;Spain;-0.66;2025-07-20T15:00:00+02:00
600;Marginal price Day Ahead market Spain;3;Spain;-1.01;2025-07-20T16:00:00+02:00
600;Marginal price Day Ahead market Spain;3;Spain;-0.62;2025-07-20T17:00:00+02:00
600;Marginal price Day Ahead market Spain;3;Spain;0;2025-07-20T18:00:00+02:00
600;Marginal price Day Ahead market Spain;3;Spain;3.6;2025-07-20T19:00:00+02:00
600;Marginal price Day Ahead market Spain;3;Spain;43.81;2025-07-20T20:00:00+02:00
600;Marginal price Day Ahead market Spain;3;Spain;75.3;2025-07-20T21:00:00+02:00
600;Marginal price Day Ahead market Spain;3;Spain;92;2025-07-20T22:00:00+02:00
600;Marginal price Day Ahead market Spain;3;Spain;76.26;2025-07-20T23:00:00+02:00
600;Marginal price Day Ahead market Spain;3;Spain;64.99;2025-07-21T00:00:00+02:00
600;Marginal price Day Ahead market Spain;3;Spain;51.48;2025-07-21T01:00:00+02:00
600;Marginal price Day Ahead market Spain;3;Spain;45;2025-07-21T02:00:00+02:00
600;Marginal price Day Ahead market Spain;3;Spain;40;2025-07-21T03:00:00+02:00
600;Marginal price Day Ahead market Spain;3;Spain;17.88;2025-07-21T04:00:00+02:00
600;Marginal price Day Ahead market Spain;3;Spain;50;2025-07-21T05:00:00+02:00
600;Marginal price Day Ahead market Spain;3;Spain;75.54;2025-07-21T06:00:00+02:00
600;Marginal price Day Ahead market Spain;3;Spain;107.88;2025-07-21T07:00:00+02:00
600;Marginal price Day Ahead market Spain;3;Spain;80;2025-07-21T08:00:00+02:00
600;Marginal price Day Ahead market Spain;3;Spain;40;2025-07-21T09:00:00+02:00
600;Marginal price Day Ahead market Spain;3;Spain;5.11;2025-07-21T10:00:00+02:00
600;Marginal price Day Ahead market Spain;3;Spain;6;2025-07-21T11:00:00+02:00
600;Marginal price Day Ahead market Spain;3;Spain;15.23;2025-07-21T12:00:00+02:00
600;Marginal price Day Ahead market Spain;3;Spain;22.63;2025-07-21T13:00:00+02:00
600;Marginal price Day Ahead market Spain;3;Spain;17.22;2025-07-21T14:00:00+02:00
600;Marginal price Day Ahead market Spain;3;Spain;16.01;2025-07-21T15:00:00+02:00
600;Marginal price Day Ahead market Spain;3;Spain;8.93;2025-07-21T16:00:00+02:00
600;Marginal price Day Ahead market Spain;3;Spain;30.17;2025-07-21T17:00:00+02:00
600;Marginal price Day Ahead market Spain;3;Spain;43.81;2025-07-21T18:00:00+02:00
600;Marginal price Day Ahead market Spain;3;Spain;75.11;2025-07-21T19:00:00+02:00
600;Marginal price Day Ahead market Spain;3;Spain;115.15;2025-07-21T20:00:00+02:00
600;Marginal price Day Ahead market Spain;3;Spain;169.2;2025-07-21T21:00:00+02:00
600;Marginal price Day Ahead market Spain;3;Spain;165.43;2025-07-21T22:00:00+02:00
600;Marginal price Day Ahead market Spain;3;Spain;119.78;2025-07-21T23:00:00+02:00
600;Marginal price Day Ahead market Spain;3;Spain;116.69;2025-07-22T00:00:00+02:00
600;Marginal price Day Ahead market Spain;3;Spain;112.66;2025-07-22T01:00:00+02:00
600;Marginal price Day Ahead market Spain;3;Spain;100;2025-07-22T02:00:00+02:00
600;Marginal price Day Ahead market Spain;3;Spain;100.62;2025-07-22T03:00:00+02:00
600;Marginal price Day Ahead market Spain;3;Spain;99.96;2025-07-22T04:00:00+02:00
600;Marginal price Day Ahead market Spain;3;Spain;107.4;2025-07-22T05:00:00+02:00
600;Marginal price Day Ahead market Spain;3;Spain;114.56;2025-07-22T06:00:00+02:00
600;Marginal price Day Ahead market Spain;3;Spain;120.76;2025-07-22T07:00:00+02:00
600;Marginal price Day Ahead market Spain;3;Spain;105.46;2025-07-22T08:00:00+02:00
600;Marginal price Day Ahead market Spain;3;Spain;69.57;2025-07-22T09:00:00+02:00
600;Marginal price Day Ahead market Spain;3;Spain;38.5;2025-07-22T10:00:00+02:00
600;Marginal price Day Ahead market Spain;3;Spain;35.01;2025-07-22T11:00:00+02:00
600;Marginal price Day Ahead market Spain;3;Spain;35.1;2025-07-22T12:00:00+02:00
600;Marginal price Day Ahead market Spain;3;Spain;35.1;2025-07-22T13:00:00+02:00
600;Marginal price Day Ahead market Spain;3;Spain;34.75;2025-07-22T14:00:00+02:00
600;Marginal price Day Ahead market Spain;3;Spain;31.25;2025-07-22T15:00:00+02:00
600;Marginal price Day Ahead market Spain;3;Spain;31.11;2025-07-22T16:00:00+02:00
600;Marginal price Day Ahead market Spain;3;Spain;35.01;2025-07-22T17:00:00+02:00
600;Marginal price Day Ahead market Spain;3;Spain;51.83;2025-07-22T18:00:00+02:00
600;Marginal price Day Ahead market Spain;3;Spain;86.66;2025-07-22T19:00:00+02:00
600;Marginal price Day Ahead market Spain;3;Spain;113.92;2025-07-22T20:00:00+02:00
600;Marginal price Day Ahead market Spain;3;Spain;138.83;2025-07-22T21:00:00+02:00
600;Marginal price Day Ahead market Spain;3;Spain;135.05;2025-07-22T22:00:00+02:00
600;Marginal price Day Ahead market Spain;3;Spain;115.39;2025-07-22T23:00:00+02:00
600;Marginal price Day Ahead market Spain;3;Spain;112.91;2025-07-23T00:00:00+02:00
600;Marginal price Day Ahead market Spain;3;Spain;106.53;2025-07-23T01:00:00+02:00
600;Marginal price Day Ahead market Spain;3;Spain;100.62;2025-07-23T02:00:00+02:00
600;Marginal price Day Ahead market Spain;3;Spain;100.5;2025-07-23T03:00:00+02:00
600;Marginal price Day Ahead market Spain;3;Spain;101.15;2025-07-23T04:00:00+02:00
600;Marginal price Day Ahead market Spain;3;Spain;101;2025-07-23T05:00:00+02:00
600;Marginal price Day Ahead market Spain;3;Spain;105.46;2025-07-23T06:00:00+02:00
600;Marginal price Day Ahead market Spain;3;Spain;113.91;2025-07-23T07:00:00+02:00
600;Marginal price Day Ahead market Spain;3;Spain;96.5;2025-07-23T08:00:00+02:00
600;Marginal price Day Ahead market Spain;3;Spain;83.31;2025-07-23T09:00:00+02:00
600;Marginal price Day Ahead market Spain;3;Spain;76.4;2025-07-23T10:00:00+02:00
600;Marginal price Day Ahead market Spain;3;Spain;68.64;2025-07-23T11:00:00+02:00
600;Marginal price Day Ahead market Spain;3;Spain;61.97;2025-07-23T12:00:00+02:00
600;Marginal price Day Ahead market Spain;3;Spain;51.89;2025-07-23T13:00:00+02:00
600;Marginal price Day Ahead market Spain;3;Spain;44.88;2025-07-23T14:00:00+02:00
600;Marginal price Day Ahead market Spain;3;Spain;46;2025-07-23T15:00:00+02:00
600;Marginal price Day Ahead market Spain;3;Spain;47;2025-07-23T16:00:00+02:00
600;Marginal price Day Ahead market Spain;3;Spain;51.76;2025-07-23T17:00:00+02:00
600;Marginal price Day Ahead market Spain;3;Spain;52.13;2025-07-23T18:00:00+02:00
600;Marginal price Day Ahead market Spain;3;Spain;75.92;2025-07-23T19:00:00+02:00
600;Marginal price Day Ahead market Spain;3;Spain;105.46;2025-07-23T20:00:00+02:00
600;Marginal price Day Ahead market Spain;3;Spain;112;2025-07-23T21:00:00+02:00
600;Marginal price Day Ahead market Spain;3;Spain;109.96;2025-07-23T22:00:00+02:00
600;Marginal price Day Ahead market Spain;3;Spain;100.39;2025-07-23T23:00:00+02:00
600;Marginal price Day Ahead market Spain;3;Spain;95;2025-07-24T00:00:00+02:00
600;Marginal price Day Ahead market Spain;3;Spain;85;2025-07-24T01:00:00+02:00
600;Marginal price Day Ahead market Spain;3;Spain;81.88;2025-07-24T02:00:00+02:00
600;Marginal price Day Ahead market Spain;3;Spain;71.79;2025-07-24T03:00:00+02:00
600;Marginal price Day Ahead market Spain;3;Spain;63.27;2025-07-24T04:00:00+02:00
600;Marginal price Day Ahead market Spain;3;Spain;80.9;2025-07-24T05:00:00+02:00
600;Marginal price Day Ahead market Spain;3;Spain;85.62;2025-07-24T06:00:00+02:00
600;Marginal price Day Ahead market Spain;3;Spain;90.44;2025-07-24T07:00:00+02:00
600;Marginal price Day Ahead market Spain;3;Spain;60.51;2025-07-24T08:00:00+02:00
600;Marginal price Day Ahead market Spain;3;Spain;35.5;2025-07-24T09:00:00+02:00
600;Marginal price Day Ahead market Spain;3;Spain;5.11;2025-07-24T10:00:00+02:00
600;Marginal price Day Ahead market Spain;3;Spain;3.52;2025-07-24T11:00:00+02:00
600;Marginal price Day Ahead market Spain;3;Spain;2;2025-07-24T12:00:00+02:00
600;Marginal price Day Ahead market Spain;3;Spain;3.52;2025-07-24T13:00:00+02:00
600;Marginal price Day Ahead market Spain;3;Spain;3.52;2025-07-24T14:00:00+02:00
600;Marginal price Day Ahead market Spain;3;Spain;1.72;2025-07-24T15:00:00+02:00
600;Marginal price Day Ahead market Spain;3;Spain;1.72;2025-07-24T16:00:00+02:00
600;Marginal price Day Ahead market Spain;3;Spain;1.72;2025-07-24T17:00:00+02:00
600;Marginal price Day Ahead market Spain;3;Spain;3.52;2025-07-24T18:00:00+02:00
600;Marginal price Day Ahead market Spain;3;Spain;29.97;2025-07-24T19:00:00+02:00
600;Marginal price Day Ahead market Spain;3;Spain;50;2025-07-24T20:00:00+02:00
600;Marginal price Day Ahead market Spain;3;Spain;90.92;2025-07-24T21:00:00+02:00
600;Marginal price Day Ahead market Spain;3;Spain;90.68;2025-07-24T22:00:00+02:00
600;Marginal price Day Ahead market Spain;3;Spain;71.05;2025-07-24T23:00:00+02:00
600;Marginal price Day Ahead market Spain;3;Spain;73.63;2025-07-25T00:00:00+02:00
600;Marginal price Day Ahead market Spain;3;Spain;65.95;2025-07-25T01:00:00+02:00
600;Marginal price Day Ahead market Spain;3;Spain;62;2025-07-25T02:00:00+02:00
600;Marginal price Day Ahead market Spain;3;Spain;58.99;2025-07-25T03:00:00+02:00
600;Marginal price Day Ahead market Spain;3;Spain;51.97;2025-07-25T04:00:00+02:00
600;Marginal price Day Ahead market Spain;3;Spain;63.43;2025-07-25T05:00:00+02:00
600;Marginal price Day Ahead market Spain;3;Spain;65.95;2025-07-25T06:00:00+02:00
600;Marginal price Day Ahead market Spain;3;Spain;76;2025-07-25T07:00:00+02:00
600;Marginal price Day Ahead market Spain;3;Spain;58.99;2025-07-25T08:00:00+02:00
600;Marginal price Day Ahead market Spain;3;Spain;12.75;2025-07-25T09:00:00+02:00
600;Marginal price Day Ahead market Spain;3;Spain;2.51;2025-07-25T10:00:00+02:00
600;Marginal price Day Ahead market Spain;3;Spain;0.65;2025-07-25T11:00:00+02:00
600;Marginal price Day Ahead market Spain;3;Spain;0.75;2025-07-25T12:00:00+02:00
600;Marginal price Day Ahead market Spain;3;Spain;0.85;2025-07-25T13:00:00+02:00
600;Marginal price Day Ahead market Spain;3;Spain;1.1;2025-07-25T14:00:00+02:00
600;Marginal price Day Ahead market Spain;3;Spain;0.65;2025-07-25T15:00:00+02:00
600;Marginal price Day Ahead market Spain;3;Spain;0.65;2025-07-25T16:00:00+02:00
600;Marginal price Day Ahead market Spain;3;Spain;0.65;2025-07-25T17:00:00+02:00
600;Marginal price Day Ahead market Spain;3;Spain;4.31;2025-07-25T18:00:00+02:00
600;Marginal price Day Ahead market Spain;3;Spain;30.85;2025-07-25T19:00:00+02:00
600;Marginal price Day Ahead market Spain;3;Spain;85;2025-07-25T20:00:00+02:00
600;Marginal price Day Ahead market Spain;3;Spain;104.72;2025-07-25T21:00:00+02:00
600;Marginal price Day Ahead market Spain;3;Spain;101.94;2025-07-25T22:00:00+02:00
600;Marginal price Day Ahead market Spain;3;Spain;79.99;2025-07-25T23:00:00+02:00
600;Marginal price Day Ahead market Spain;3;Spain;96.27;2025-07-26T00:00:00+02:00
600;Marginal price Day Ahead market Spain;3;Spain;77.16;2025-07-26T01:00:00+02:00
600;Marginal price Day Ahead market Spain;3;Spain;66.28;2025-07-26T02:00:00+02:00
600;Marginal price Day Ahead market Spain;3;Spain;56.84;2025-07-26T03:00:00+02:00
600;Marginal price Day Ahead market Spain;3;Spain;46.4;2025-07-26T04:00:00+02:00
600;Marginal price Day Ahead market Spain;3;Spain;50.74;2025-07-26T05:00:00+02:00
600;Marginal price Day Ahead market Spain;3;Spain;57.33;2025-07-26T06:00:00+02:00
600;Marginal price Day Ahead market Spain;3;Spain;55.01;2025-07-26T07:00:00+02:00
600;Marginal price Day Ahead market Spain;3;Spain;41.05;2025-07-26T08:00:00+02:00
600;Marginal price Day Ahead market Spain;3;Spain;3.6;2025-07-26T09:00:00+02:00
600;Marginal price Day Ahead market Spain;3;Spain;0.65;2025-07-26T10:00:00+02:00
600;Marginal price Day Ahead market Spain;3;Spain;0.09;2025-07-26T11:00:00+02:00
600;Marginal price Day Ahead market Spain;3;Spain;0.15;2025-07-26T12:00:00+02:00
600;Marginal price Day Ahead market Spain;3;Spain;0.09;2025-07-26T13:00:00+02:00
600;Marginal price Day Ahead market Spain;3;Spain;0.01;2025-07-26T14:00:00+02:00
600;Marginal price Day Ahead market Spain;3;Spain;0;2025-07-26T15:00:00+02:00
600;Marginal price Day Ahead market Spain;3;Spain;0;2025-07-26T16:00:00+02:00
600;Marginal price Day Ahead market Spain;3;Spain;0;2025-07-26T17:00:00+02:00
600;Marginal price Day Ahead market Spain;3;Spain;0.65;2025-07-26T18:00:00+02:00
600;Marginal price Day Ahead market Spain;3;Spain;23.99;2025-07-26T19:00:00+02:00
600;Marginal price Day Ahead market Spain;3;Spain;65.29;2025-07-26T20:00:00+02:00
600;Marginal price Day Ahead market Spain;3;Spain;92.57;2025-07-26T21:00:00+02:00
600;Marginal price Day Ahead market Spain;3;Spain;100;2025-07-26T22:00:00+02:00
600;Marginal price Day Ahead market Spain;3;Spain;90.66;2025-07-26T23:00:00+02:00
600;Marginal price Day Ahead market Spain;3;Spain;72.74;2025-07-27T00:00:00+02:00
600;Marginal price Day Ahead market Spain;3;Spain;62.67;2025-07-27T01:00:00+02:00
600;Marginal price Day Ahead market Spain;3;Spain;63;2025-07-27T02:00:00+02:00
600;Marginal price Day Ahead market Spain;3;Spain;62.94;2025-07-27T03:00:00+02:00
600;Marginal price Day Ahead market Spain;3;Spain;56.4;2025-07-27T04:00:00+02:00
600;Marginal price Day Ahead market Spain;3;Spain;56.16;2025-07-27T05:00:00+02:00
600;Marginal price Day Ahead market Spain;3;Spain;56.16;2025-07-27T06:00:00+02:00
600;Marginal price Day Ahead market Spain;3;Spain;50;2025-07-27T07:00:00+02:00
600;Marginal price Day Ahead market Spain;3;Spain;32.34;2025-07-27T08:00:00+02:00
600;Marginal price Day Ahead market Spain;3;Spain;3.52;2025-07-27T09:00:00+02:00
600;Marginal price Day Ahead market Spain;3;Spain;0;2025-07-27T10:00:00+02:00
600;Marginal price Day Ahead market Spain;3;Spain;-0.01;2025-07-27T11:00:00+02:00
600;Marginal price Day Ahead market Spain;3;Spain;-0.01;2025-07-27T12:00:00+02:00
600;Marginal price Day Ahead market Spain;3;Spain;-0.01;2025-07-27T13:00:00+02:00
600;Marginal price Day Ahead market Spain;3;Spain;-0.01;2025-07-27T14:00:00+02:00
600;Marginal price Day Ahead market Spain;3;Spain;-0.5;2025-07-27T15:00:00+02:00
600;Marginal price Day Ahead market Spain;3;Spain;-0.6;2025-07-27T16:00:00+02:00
600;Marginal price Day Ahead market Spain;3;Spain;-0.5;2025-07-27T17:00:00+02:00
600;Marginal price Day Ahead market Spain;3;Spain;0;2025-07-27T18:00:00+02:00
600;Marginal price Day Ahead market Spain;3;Spain;4.9;2025-07-27T19:00:00+02:00
600;Marginal price Day Ahead market Spain;3;Spain;40;2025-07-27T20:00:00+02:00
600;Marginal price Day Ahead market Spain;3;Spain;62.67;2025-07-27T21:00:00+02:00
600;Marginal price Day Ahead market Spain;3;Spain;88.64;2025-07-27T22:00:00+02:00
600;Marginal price Day Ahead market Spain;3;Spain;66.95;2025-07-27T23:00:00+02:00
600;Marginal price Day Ahead market Spain;3;Spain;62.29;2025-07-28T00:00:00+02:00
600;Marginal price Day Ahead market Spain;3;Spain;55.75;2025-07-28T01:00:00+02:00
600;Marginal price Day Ahead market Spain;3;Spain;50;2025-07-28T02:00:00+02:00
600;Marginal price Day Ahead market Spain;3;Spain;45.03;2025-07-28T03:00:00+02:00
600;Marginal price Day Ahead market Spain;3;Spain;42.49;2025-07-28T04:00:00+02:00
600;Marginal price Day Ahead market Spain;3;Spain;45.07;2025-07-28T05:00:00+02:00
600;Marginal price Day Ahead market Spain;3;Spain;50;2025-07-28T06:00:00+02:00
600;Marginal price Day Ahead market Spain;3;Spain;56.23;2025-07-28T07:00:00+02:00
600;Marginal price Day Ahead market Spain;3;Spain;63.71;2025-07-28T08:00:00+02:00
600;Marginal price Day Ahead market Spain;3;Spain;30;2025-07-28T09:00:00+02:00
600;Marginal price Day Ahead market Spain;3;Spain;5.79;2025-07-28T10:00:00+02:00
600;Marginal price Day Ahead market Spain;3;Spain;3.52;2025-07-28T11:00:00+02:00
600;Marginal price Day Ahead market Spain;3;Spain;1.21;2025-07-28T12:00:00+02:00
600;Marginal price Day Ahead market Spain;3;Spain;0.85;2025-07-28T13:00:00+02:00
600;Marginal price Day Ahead market Spain;3;Spain;0.85;2025-07-28T14:00:00+02:00
600;Marginal price Day Ahead market Spain;3;Spain;0.65;2025-07-28T15:00:00+02:00
600;Marginal price Day Ahead market Spain;3;Spain;0.65;2025-07-28T16:00:00+02:00
600;Marginal price Day Ahead market Spain;3;Spain;0.9;2025-07-28T17:00:00+02:00
600;Marginal price Day Ahead market Spain;3;Spain;3.52;2025-07-28T18:00:00+02:00
600;Marginal price Day Ahead market Spain;3;Spain;16;2025-07-28T19:00:00+02:00
600;Marginal price Day Ahead market Spain;3;Spain;60;2025-07-28T20:00:00+02:00
600;Marginal price Day Ahead market Spain;3;Spain;74.98;2025-07-28T21:00:00+02:00
600;Marginal price Day Ahead market Spain;3;Spain;88.54;2025-07-28T22:00:00+02:00
600;Marginal price Day Ahead market Spain;3;Spain;63.25;2025-07-28T23:00:00+02:00
600;Marginal price Day Ahead market Spain;3;Spain;50.68;2025-07-29T00:00:00+02:00
600;Marginal price Day Ahead market Spain;3;Spain;37.97;2025-07-29T01:00:00+02:00
600;Marginal price Day Ahead market Spain;3;Spain;34.78;2025-07-29T02:00:00+02:00
600;Marginal price Day Ahead market Spain;3;Spain;32;2025-07-29T03:00:00+02:00
600;Marginal price Day Ahead market Spain;3;Spain;30.28;2025-07-29T04:00:00+02:00
600;Marginal price Day Ahead market Spain;3;Spain;34.78;2025-07-29T05:00:00+02:00
600;Marginal price Day Ahead market Spain;3;Spain;45;2025-07-29T06:00:00+02:00
600;Marginal price Day Ahead market Spain;3;Spain;50;2025-07-29T07:00:00+02:00
600;Marginal price Day Ahead market Spain;3;Spain;49.45;2025-07-29T08:00:00+02:00
600;Marginal price Day Ahead market Spain;3;Spain;13;2025-07-29T09:00:00+02:00
600;Marginal price Day Ahead market Spain;3;Spain;3.52;2025-07-29T10:00:00+02:00
600;Marginal price Day Ahead market Spain;3;Spain;0.09;2025-07-29T11:00:00+02:00
600;Marginal price Day Ahead market Spain;3;Spain;0.15;2025-07-29T12:00:00+02:00
600;Marginal price Day Ahead market Spain;3;Spain;0.65;2025-07-29T13:00:00+02:00
600;Marginal price Day Ahead market Spain;3;Spain;0.65;2025-07-29T14:00:00+02:00
600;Marginal price Day Ahead market Spain;3;Spain;0.65;2025-07-29T15:00:00+02:00
600;Marginal price Day Ahead market Spain;3;Spain;0.65;2025-07-29T16:00:00+02:00
600;Marginal price Day Ahead market Spain;3;Spain;1.11;2025-07-29T17:00:00+02:00
600;Marginal price Day Ahead market Spain;3;Spain;8;2025-07-29T18:00:00+02:00
600;Marginal price Day Ahead market Spain;3;Spain;35.17;2025-07-29T19:00:00+02:00
600;Marginal price Day Ahead market Spain;3;Spain;57.58;2025-07-29T20:00:00+02:00
600;Marginal price Day Ahead market Spain;3;Spain;98;2025-07-29T21:00:00+02:00
600;Marginal price Day Ahead market Spain;3;Spain;103.27;2025-07-29T22:00:00+02:00
600;Marginal price Day Ahead market Spain;3;Spain;84.13;2025-07-29T23:00:00+02:00
600;Marginal price Day Ahead market Spain;3;Spain;66.7;2025-07-30T00:00:00+02:00
600;Marginal price Day Ahead market Spain;3;Spain;50.92;2025-07-30T01:00:00+02:00
600;Marginal price Day Ahead market Spain;3;Spain;43.75;2025-07-30T02:00:00+02:00
600;Marginal price Day Ahead market Spain;3;Spain;38.48;2025-07-30T03:00:00+02:00
600;Marginal price Day Ahead market Spain;3;Spain;32.55;2025-07-30T04:00:00+02:00
600;Marginal price Day Ahead market Spain;3;Spain;38.48;2025-07-30T05:00:00+02:00
600;Marginal price Day Ahead market Spain;3;Spain;45.51;2025-07-30T06:00:00+02:00
600;Marginal price Day Ahead market Spain;3;Spain;72.96;2025-07-30T07:00:00+02:00
600;Marginal price Day Ahead market Spain;3;Spain;57.38;2025-07-30T08:00:00+02:00
600;Marginal price Day Ahead market Spain;3;Spain;35.17;2025-07-30T09:00:00+02:00
600;Marginal price Day Ahead market Spain;3;Spain;9.07;2025-07-30T10:00:00+02:00
600;Marginal price Day Ahead market Spain;3;Spain;3.52;2025-07-30T11:00:00+02:00
600;Marginal price Day Ahead market Spain;3;Spain;4.31;2025-07-30T12:00:00+02:00
600;Marginal price Day Ahead market Spain;3;Spain;5.11;2025-07-30T13:00:00+02:00
600;Marginal price Day Ahead market Spain;3;Spain;5.79;2025-07-30T14:00:00+02:00
600;Marginal price Day Ahead market Spain;3;Spain;4.31;2025-07-30T15:00:00+02:00
600;Marginal price Day Ahead market Spain;3;Spain;5;2025-07-30T16:00:00+02:00
600;Marginal price Day Ahead market Spain;3;Spain;6;2025-07-30T17:00:00+02:00
600;Marginal price Day Ahead market Spain;3;Spain;30.5;2025-07-30T18:00:00+02:00
600;Marginal price Day Ahead market Spain;3;Spain;39.6;2025-07-30T19:00:00+02:00
600;Marginal price Day Ahead market Spain;3;Spain;77.99;2025-07-30T20:00:00+02:00
600;Marginal price Day Ahead market Spain;3;Spain;101.49;2025-07-30T21:00:00+02:00
600;Marginal price Day Ahead market Spain;3;Spain;104.36;2025-07-30T22:00:00+02:00
600;Marginal price Day Ahead market Spain;3;Spain;92.18;2025-07-30T23:00:00+02:00
600;Marginal price Day Ahead market Spain;3;Spain;90;2025-07-31T00:00:00+02:00
600;Marginal price Day Ahead market Spain;3;Spain;77.37;2025-07-31T01:00:00+02:00
600;Marginal price Day Ahead market Spain;3;Spain;71.07;2025-07-31T02:00:00+02:00
600;Marginal price Day Ahead market Spain;3;Spain;58.38;2025-07-31T03:00:00+02:00
600;Marginal price Day Ahead market Spain;3;Spain;57.75;2025-07-31T04:00:00+02:00
600;Marginal price Day Ahead market Spain;3;Spain;59.01;2025-07-31T05:00:00+02:00
600;Marginal price Day Ahead market Spain;3;Spain;81.96;2025-07-31T06:00:00+02:00
600;Marginal price Day Ahead market Spain;3;Spain;100.46;2025-07-31T07:00:00+02:00
600;Marginal price Day Ahead market Spain;3;Spain;91.55;2025-07-31T08:00:00+02:00
600;Marginal price Day Ahead market Spain;3;Spain;51.31;2025-07-31T09:00:00+02:00
600;Marginal price Day Ahead market Spain;3;Spain;30.5;2025-07-31T10:00:00+02:00
600;Marginal price Day Ahead market Spain;3;Spain;23.92;2025-07-31T11:00:00+02:00
600;Marginal price Day Ahead market Spain;3;Spain;29.01;2025-07-31T12:00:00+02:00
600;Marginal price Day Ahead market Spain;3;Spain;23.5;2025-07-31T13:00:00+02:00
600;Marginal price Day Ahead market Spain;3;Spain;25.26;2025-07-31T14:00:00+02:00
600;Marginal price Day Ahead market Spain;3;Spain;28.5;2025-07-31T15:00:00+02:00
600;Marginal price Day Ahead market Spain;3;Spain;30;2025-07-31T16:00:00+02:00
600;Marginal price Day Ahead market Spain;3;Spain;39.1;2025-07-31T17:00:00+02:00
600;Marginal price Day Ahead market Spain;3;Spain;54.92;2025-07-31T18:00:00+02:00
600;Marginal price Day Ahead market Spain;3;Spain;86.71;2025-07-31T19:00:00+02:00
600;Marginal price Day Ahead market Spain;3;Spain;107.99;2025-07-31T20:00:00+02:00
600;Marginal price Day Ahead market Spain;3;Spain;114.45;2025-07-31T21:00:00+02:00
600;Marginal price Day Ahead market Spain;3;Spain;110.27;2025-07-31T22:00:00+02:00
600;Marginal price Day Ahead market Spain;3;Spain;98.32;2025-07-31T23:00:00+02:00
600;Marginal price Day Ahead market Spain;3;Spain;102.22;2025-08-01T00:00:00+02:00
600;Marginal price Day Ahead market Spain;3;Spain;93.47;2025-08-01T01:00:00+02:00
600;Marginal price Day Ahead market Spain;3;Spain;81;2025-08-01T02:00:00+02:00
600;Marginal price Day Ahead market Spain;3;Spain;72.55;2025-08-01T03:00:00+02:00
600;Marginal price Day Ahead market Spain;3;Spain;63.98;2025-08-01T04:00:00+02:00
600;Marginal price Day Ahead market Spain;3;Spain;73.6;2025-08-01T05:00:00+02:00
600;Marginal price Day Ahead market Spain;3;Spain;83.14;2025-08-01T06:00:00+02:00
600;Marginal price Day Ahead market Spain;3;Spain;100.62;2025-08-01T07:00:00+02:00
600;Marginal price Day Ahead market Spain;3;Spain;100;2025-08-01T08:00:00+02:00
600;Marginal price Day Ahead market Spain;3;Spain;65.06;2025-08-01T09:00:00+02:00
600;Marginal price Day Ahead market Spain;3;Spain;45.81;2025-08-01T10:00:00+02:00
600;Marginal price Day Ahead market Spain;3;Spain;35.08;2025-08-01T11:00:00+02:00
600;Marginal price Day Ahead market Spain;3;Spain;31.87;2025-08-01T12:00:00+02:00
600;Marginal price Day Ahead market Spain;3;Spain;25.06;2025-08-01T13:00:00+02:00
600;Marginal price Day Ahead market Spain;3;Spain;20.01;2025-08-01T14:00:00+02:00
600;Marginal price Day Ahead market Spain;3;Spain;13.43;2025-08-01T15:00:00+02:00
600;Marginal price Day Ahead market Spain;3;Spain;17.42;2025-08-01T16:00:00+02:00
600;Marginal price Day Ahead market Spain;3;Spain;27.47;2025-08-01T17:00:00+02:00
600;Marginal price Day Ahead market Spain;3;Spain;44.8;2025-08-01T18:00:00+02:00
600;Marginal price Day Ahead market Spain;3;Spain;70.12;2025-08-01T19:00:00+02:00
600;Marginal price Day Ahead market Spain;3;Spain;87.34;2025-08-01T20:00:00+02:00
600;Marginal price Day Ahead market Spain;3;Spain;103.02;2025-08-01T21:00:00+02:00
600;Marginal price Day Ahead market Spain;3;Spain;102.52;2025-08-01T22:00:00+02:00
600;Marginal price Day Ahead market Spain;3;Spain;95.41;2025-08-01T23:00:00+02:00
600;Marginal price Day Ahead market Spain;3;Spain;97.8;2025-08-02T00:00:00+02:00
600;Marginal price Day Ahead market Spain;3;Spain;77.08;2025-08-02T01:00:00+02:00
600;Marginal price Day Ahead market Spain;3;Spain;65.27;2025-08-02T02:00:00+02:00
600;Marginal price Day Ahead market Spain;3;Spain;49.56;2025-08-02T03:00:00+02:00
600;Marginal price Day Ahead market Spain;3;Spain;43.33;2025-08-02T04:00:00+02:00
600;Marginal price Day Ahead market Spain;3;Spain;44.29;2025-08-02T05:00:00+02:00
600;Marginal price Day Ahead market Spain;3;Spain;51.08;2025-08-02T06:00:00+02:00
600;Marginal price Day Ahead market Spain;3;Spain;49.81;2025-08-02T07:00:00+02:00
600;Marginal price Day Ahead market Spain;3;Spain;37.33;2025-08-02T08:00:00+02:00
600;Marginal price Day Ahead market Spain;3;Spain;3.52;2025-08-02T09:00:00+02:00
600;Marginal price Day Ahead market Spain;3;Spain;1.06;2025-08-02T10:00:00+02:00
600;Marginal price Day Ahead market Spain;3;Spain;0;2025-08-02T11:00:00+02:00
600;Marginal price Day Ahead market Spain;3;Spain;0;2025-08-02T12:00:00+02:00
600;Marginal price Day Ahead market Spain;3;Spain;0;2025-08-02T13:00:00+02:00
600;Marginal price Day Ahead market Spain;3;Spain;0;2025-08-02T14:00:00+02:00
600;Marginal price Day Ahead market Spain;3;Spain;0;2025-08-02T15:00:00+02:00
600;Marginal price Day Ahead market Spain;3;Spain;0;2025-08-02T16:00:00+02:00
600;Marginal price Day Ahead market Spain;3;Spain;0.65;2025-08-02T17:00:00+02:00
600;Marginal price Day Ahead market Spain;3;Spain;3.52;2025-08-02T18:00:00+02:00
600;Marginal price Day Ahead market Spain;3;Spain;15.2;2025-08-02T19:00:00+02:00
600;Marginal price Day Ahead market Spain;3;Spain;74.53;2025-08-02T20:00:00+02:00
600;Marginal price Day Ahead market Spain;3;Spain;99.64;2025-08-02T21:00:00+02:00
600;Marginal price Day Ahead market Spain;3;Spain;99.64;2025-08-02T22:00:00+02:00
600;Marginal price Day Ahead market Spain;3;Spain;80.5;2025-08-02T23:00:00+02:00
600;Marginal price Day Ahead market Spain;3;Spain;80.4;2025-08-03T00:00:00+02:00
600;Marginal price Day Ahead market Spain;3;Spain;69.26;2025-08-03T01:00:00+02:00
600;Marginal price Day Ahead market Spain;3;Spain;42.96;2025-08-03T02:00:00+02:00
600;Marginal price Day Ahead market Spain;3;Spain;37.38;2025-08-03T03:00:00+02:00
600;Marginal price Day Ahead market Spain;3;Spain;30.02;2025-08-03T04:00:00+02:00
600;Marginal price Day Ahead market Spain;3;Spain;30.2;2025-08-03T05:00:00+02:00
600;Marginal price Day Ahead market Spain;3;Spain;32.03;2025-08-03T06:00:00+02:00
600;Marginal price Day Ahead market Spain;3;Spain;26.28;2025-08-03T07:00:00+02:00
600;Marginal price Day Ahead market Spain;3;Spain;6.16;2025-08-03T08:00:00+02:00
600;Marginal price Day Ahead market Spain;3;Spain;0;2025-08-03T09:00:00+02:00
600;Marginal price Day Ahead market Spain;3;Spain;-1.01;2025-08-03T10:00:00+02:00
600;Marginal price Day Ahead market Spain;3;Spain;-2.1;2025-08-03T11:00:00+02:00
600;Marginal price Day Ahead market Spain;3;Spain;-3;2025-08-03T12:00:00+02:00
600;Marginal price Day Ahead market Spain;3;Spain;-5;2025-08-03T13:00:00+02:00
600;Marginal price Day Ahead market Spain;3;Spain;-4;2025-08-03T14:00:00+02:00
600;Marginal price Day Ahead market Spain;3;Spain;-4.98;2025-08-03T15:00:00+02:00
600;Marginal price Day Ahead market Spain;3;Spain;-1.49;2025-08-03T16:00:00+02:00
600;Marginal price Day Ahead market Spain;3;Spain;-0.01;2025-08-03T17:00:00+02:00
600;Marginal price Day Ahead market Spain;3;Spain;0.01;2025-08-03T18:00:00+02:00
600;Marginal price Day Ahead market Spain;3;Spain;27.08;2025-08-03T19:00:00+02:00
600;Marginal price Day Ahead market Spain;3;Spain;78.2;2025-08-03T20:00:00+02:00
600;Marginal price Day Ahead market Spain;3;Spain;96.13;2025-08-03T21:00:00+02:00
600;Marginal price Day Ahead market Spain;3;Spain;97.4;2025-08-03T22:00:00+02:00
600;Marginal price Day Ahead market Spain;3;Spain;85.09;2025-08-03T23:00:00+02:00
600;Marginal price Day Ahead market Spain;3;Spain;80.99;2025-08-04T00:00:00+02:00
600;Marginal price Day Ahead market Spain;3;Spain;80.4;2025-08-04T01:00:00+02:00
600;Marginal price Day Ahead market Spain;3;Spain;80;2025-08-04T02:00:00+02:00
600;Marginal price Day Ahead market Spain;3;Spain;80.4;2025-08-04T03:00:00+02:00
600;Marginal price Day Ahead market Spain;3;Spain;85.27;2025-08-04T04:00:00+02:00
600;Marginal price Day Ahead market Spain;3;Spain;85.27;2025-08-04T05:00:00+02:00
600;Marginal price Day Ahead market Spain;3;Spain;95.67;2025-08-04T06:00:00+02:00
600;Marginal price Day Ahead market Spain;3;Spain;106.23;2025-08-04T07:00:00+02:00
600;Marginal price Day Ahead market Spain;3;Spain;97.81;2025-08-04T08:00:00+02:00
600;Marginal price Day Ahead market Spain;3;Spain;52.57;2025-08-04T09:00:00+02:00
600;Marginal price Day Ahead market Spain;3;Spain;30;2025-08-04T10:00:00+02:00
600;Marginal price Day Ahead market Spain;3;Spain;13.75;2025-08-04T11:00:00+02:00
600;Marginal price Day Ahead market Spain;3;Spain;6.76;2025-08-04T12:00:00+02:00
600;Marginal price Day Ahead market Spain;3;Spain;4.05;2025-08-04T13:00:00+02:00
600;Marginal price Day Ahead market Spain;3;Spain;3.52;2025-08-04T14:00:00+02:00
600;Marginal price Day Ahead market Spain;3;Spain;3.52;2025-08-04T15:00:00+02:00
600;Marginal price Day Ahead market Spain;3;Spain;5.79;2025-08-04T16:00:00+02:00
600;Marginal price Day Ahead market Spain;3;Spain;26.35;2025-08-04T17:00:00+02:00
600;Marginal price Day Ahead market Spain;3;Spain;38.94;2025-08-04T18:00:00+02:00
600;Marginal price Day Ahead market Spain;3;Spain;70.77;2025-08-04T19:00:00+02:00
600;Marginal price Day Ahead market Spain;3;Spain;103.25;2025-08-04T20:00:00+02:00
600;Marginal price Day Ahead market Spain;3;Spain;168.02;2025-08-04T21:00:00+02:00
600;Marginal price Day Ahead market Spain;3;Spain;138.8;2025-08-04T22:00:00+02:00
600;Marginal price Day Ahead market Spain;3;Spain;115.04;2025-08-04T23:00:00+02:00
600;Marginal price Day Ahead market Spain;3;Spain;140.7;2025-08-05T00:00:00+02:00
600;Marginal price Day Ahead market Spain;3;Spain;107.94;2025-08-05T01:00:00+02:00
600;Marginal price Day Ahead market Spain;3;Spain;95.4;2025-08-05T02:00:00+02:00
600;Marginal price Day Ahead market Spain;3;Spain;95.4;2025-08-05T03:00:00+02:00
600;Marginal price Day Ahead market Spain;3;Spain;94.5;2025-08-05T04:00:00+02:00
600;Marginal price Day Ahead market Spain;3;Spain;91.25;2025-08-05T05:00:00+02:00
600;Marginal price Day Ahead market Spain;3;Spain;101.42;2025-08-05T06:00:00+02:00
600;Marginal price Day Ahead market Spain;3;Spain;106.22;2025-08-05T07:00:00+02:00
600;Marginal price Day Ahead market Spain;3;Spain;80;2025-08-05T08:00:00+02:00
600;Marginal price Day Ahead market Spain;3;Spain;30.1;2025-08-05T09:00:00+02:00
600;Marginal price Day Ahead market Spain;3;Spain;5;2025-08-05T10:00:00+02:00
600;Marginal price Day Ahead market Spain;3;Spain;1.72;2025-08-05T11:00:00+02:00
600;Marginal price Day Ahead market Spain;3;Spain;0.8;2025-08-05T12:00:00+02:00
600;Marginal price Day Ahead market Spain;3;Spain;0.85;2025-08-05T13:00:00+02:00
600;Marginal price Day Ahead market Spain;3;Spain;1;2025-08-05T14:00:00+02:00
600;Marginal price Day Ahead market Spain;3;Spain;1.01;2025-08-05T15:00:00+02:00
600;Marginal price Day Ahead market Spain;3;Spain;1.72;2025-08-05T16:00:00+02:00
600;Marginal price Day Ahead market Spain;3;Spain;0.66;2025-08-05T17:00:00+02:00
600;Marginal price Day Ahead market Spain;3;Spain;3;2025-08-05T18:00:00+02:00
600;Marginal price Day Ahead market Spain;3;Spain;46.4;2025-08-05T19:00:00+02:00
600;Marginal price Day Ahead market Spain;3;Spain;83.4;2025-08-05T20:00:00+02:00
600;Marginal price Day Ahead market Spain;3;Spain;102.62;2025-08-05T21:00:00+02:00
600;Marginal price Day Ahead market Spain;3;Spain;98.36;2025-08-05T22:00:00+02:00
600;Marginal price Day Ahead market Spain;3;Spain;83.16;2025-08-05T23:00:00+02:00
600;Marginal price Day Ahead market Spain;3;Spain;80.97;2025-08-06T00:00:00+02:00
600;Marginal price Day Ahead market Spain;3;Spain;75.26;2025-08-06T01:00:00+02:00
600;Marginal price Day Ahead market Spain;3;Spain;80;2025-08-06T02:00:00+02:00
600;Marginal price Day Ahead market Spain;3;Spain;80.4;2025-08-06T03:00:00+02:00
600;Marginal price Day Ahead market Spain;3;Spain;85.72;2025-08-06T04:00:00+02:00
600;Marginal price Day Ahead market Spain;3;Spain;97.35;2025-08-06T05:00:00+02:00
600;Marginal price Day Ahead market Spain;3;Spain;94;2025-08-06T06:00:00+02:00
600;Marginal price Day Ahead market Spain;3;Spain;104.41;2025-08-06T07:00:00+02:00
600;Marginal price Day Ahead market Spain;3;Spain;97.35;2025-08-06T08:00:00+02:00
600;Marginal price Day Ahead market Spain;3;Spain;76.95;2025-08-06T09:00:00+02:00
600;Marginal price Day Ahead market Spain;3;Spain;51;2025-08-06T10:00:00+02:00
600;Marginal price Day Ahead market Spain;3;Spain;27.67;2025-08-06T11:00:00+02:00
600;Marginal price Day Ahead market Spain;3;Spain;28.4;2025-08-06T12:00:00+02:00
600;Marginal price Day Ahead market Spain;3;Spain;27.2;2025-08-06T13:00:00+02:00
600;Marginal price Day Ahead market Spain;3;Spain;27.2;2025-08-06T14:00:00+02:00
600;Marginal price Day Ahead market Spain;3;Spain;27.2;2025-08-06T15:00:00+02:00
600;Marginal price Day Ahead market Spain;3;Spain;28.8;2025-08-06T16:00:00+02:00
600;Marginal price Day Ahead market Spain;3;Spain;52;2025-08-06T17:00:00+02:00
600;Marginal price Day Ahead market Spain;3;Spain;80.32;2025-08-06T18:00:00+02:00
600;Marginal price Day Ahead market Spain;3;Spain;106.22;2025-08-06T19:00:00+02:00
600;Marginal price Day Ahead market Spain;3;Spain;114.64;2025-08-06T20:00:00+02:00
600;Marginal price Day Ahead market Spain;3;Spain;170;2025-08-06T21:00:00+02:00
600;Marginal price Day Ahead market Spain;3;Spain;150.01;2025-08-06T22:00:00+02:00
600;Marginal price Day Ahead market Spain;3;Spain;115.43;2025-08-06T23:00:00+02:00
600;Marginal price Day Ahead market Spain;3;Spain;116.95;2025-08-07T00:00:00+02:00
600;Marginal price Day Ahead market Spain;3;Spain;108.66;2025-08-07T01:00:00+02:00
600;Marginal price Day Ahead market Spain;3;Spain;105;2025-08-07T02:00:00+02:00
600;Marginal price Day Ahead market Spain;3;Spain;108.62;2025-08-07T03:00:00+02:00
600;Marginal price Day Ahead market Spain;3;Spain;107.96;2025-08-07T04:00:00+02:00
600;Marginal price Day Ahead market Spain;3;Spain;108.59;2025-08-07T05:00:00+02:00
600;Marginal price Day Ahead market Spain;3;Spain;114.7;2025-08-07T06:00:00+02:00
600;Marginal price Day Ahead market Spain;3;Spain;119.28;2025-08-07T07:00:00+02:00
600;Marginal price Day Ahead market Spain;3;Spain;119.22;2025-08-07T08:00:00+02:00
600;Marginal price Day Ahead market Spain;3;Spain;80.43;2025-08-07T09:00:00+02:00
600;Marginal price Day Ahead market Spain;3;Spain;50;2025-08-07T10:00:00+02:00
600;Marginal price Day Ahead market Spain;3;Spain;26.39;2025-08-07T11:00:00+02:00
600;Marginal price Day Ahead market Spain;3;Spain;26.39;2025-08-07T12:00:00+02:00
600;Marginal price Day Ahead market Spain;3;Spain;28.42;2025-08-07T13:00:00+02:00
600;Marginal price Day Ahead market Spain;3;Spain;27.2;2025-08-07T14:00:00+02:00
600;Marginal price Day Ahead market Spain;3;Spain;26.39;2025-08-07T15:00:00+02:00
600;Marginal price Day Ahead market Spain;3;Spain;27.2;2025-08-07T16:00:00+02:00
600;Marginal price Day Ahead market Spain;3;Spain;48.97;2025-08-07T17:00:00+02:00
600;Marginal price Day Ahead market Spain;3;Spain;70;2025-08-07T18:00:00+02:00
600;Marginal price Day Ahead market Spain;3;Spain;101.53;2025-08-07T19:00:00+02:00
600;Marginal price Day Ahead market Spain;3;Spain;115.42;2025-08-07T20:00:00+02:00
600;Marginal price Day Ahead market Spain;3;Spain;145.01;2025-08-07T21:00:00+02:00
600;Marginal price Day Ahead market Spain;3;Spain;125.16;2025-08-07T22:00:00+02:00
600;Marginal price Day Ahead market Spain;3;Spain;110;2025-08-07T23:00:00+02:00
600;Marginal price Day Ahead market Spain;3;Spain;106.54;2025-08-08T00:00:00+02:00
600;Marginal price Day Ahead market Spain;3;Spain;103.4;2025-08-08T01:00:00+02:00
600;Marginal price Day Ahead market Spain;3;Spain;104.4;2025-08-08T02:00:00+02:00
600;Marginal price Day Ahead market Spain;3;Spain;103.52;2025-08-08T03:00:00+02:00
600;Marginal price Day Ahead market Spain;3;Spain;102.39;2025-08-08T04:00:00+02:00
600;Marginal price Day Ahead market Spain;3;Spain;104.72;2025-08-08T05:00:00+02:00
600;Marginal price Day Ahead market Spain;3;Spain;105.68;2025-08-08T06:00:00+02:00
600;Marginal price Day Ahead market Spain;3;Spain;110.46;2025-08-08T07:00:00+02:00
600;Marginal price Day Ahead market Spain;3;Spain;104.72;2025-08-08T08:00:00+02:00
600;Marginal price Day Ahead market Spain;3;Spain;68.65;2025-08-08T09:00:00+02:00
600;Marginal price Day Ahead market Spain;3;Spain;41.13;2025-08-08T10:00:00+02:00
600;Marginal price Day Ahead market Spain;3;Spain;9;2025-08-08T11:00:00+02:00
600;Marginal price Day Ahead market Spain;3;Spain;5;2025-08-08T12:00:00+02:00
600;Marginal price Day Ahead market Spain;3;Spain;1.5;2025-08-08T13:00:00+02:00
600;Marginal price Day Ahead market Spain;3;Spain;1.5;2025-08-08T14:00:00+02:00
600;Marginal price Day Ahead market Spain;3;Spain;0.74;2025-08-08T15:00:00+02:00
600;Marginal price Day Ahead market Spain;3;Spain;10.49;2025-08-08T16:00:00+02:00
600;Marginal price Day Ahead market Spain;3;Spain;49.77;2025-08-08T17:00:00+02:00
600;Marginal price Day Ahead market Spain;3;Spain;68.62;2025-08-08T18:00:00+02:00
600;Marginal price Day Ahead market Spain;3;Spain;104.07;2025-08-08T19:00:00+02:00
600;Marginal price Day Ahead market Spain;3;Spain;109.9;2025-08-08T20:00:00+02:00
600;Marginal price Day Ahead market Spain;3;Spain;136.87;2025-08-08T21:00:00+02:00
600;Marginal price Day Ahead market Spain;3;Spain;115.97;2025-08-08T22:00:00+02:00
600;Marginal price Day Ahead market Spain;3;Spain;109;2025-08-08T23:00:00+02:00
600;Marginal price Day Ahead market Spain;3;Spain;105.43;2025-08-09T00:00:00+02:00
600;Marginal price Day Ahead market Spain;3;Spain;105.43;2025-08-09T01:00:00+02:00
600;Marginal price Day Ahead market Spain;3;Spain;105.43;2025-08-09T02:00:00+02:00
600;Marginal price Day Ahead market Spain;3;Spain;105.41;2025-08-09T03:00:00+02:00
600;Marginal price Day Ahead market Spain;3;Spain;104.72;2025-08-09T04:00:00+02:00
600;Marginal price Day Ahead market Spain;3;Spain;104.72;2025-08-09T05:00:00+02:00
600;Marginal price Day Ahead market Spain;3;Spain;110.7;2025-08-09T06:00:00+02:00
600;Marginal price Day Ahead market Spain;3;Spain;113.12;2025-08-09T07:00:00+02:00
600;Marginal price Day Ahead market Spain;3;Spain;102.07;2025-08-09T08:00:00+02:00
600;Marginal price Day Ahead market Spain;3;Spain;43.09;2025-08-09T09:00:00+02:00
600;Marginal price Day Ahead market Spain;3;Spain;0.85;2025-08-09T10:00:00+02:00
600;Marginal price Day Ahead market Spain;3;Spain;0;2025-08-09T11:00:00+02:00
600;Marginal price Day Ahead market Spain;3;Spain;-0.01;2025-08-09T12:00:00+02:00
600;Marginal price Day Ahead market Spain;3;Spain;0;2025-08-09T13:00:00+02:00
600;Marginal price Day Ahead market Spain;3;Spain;0;2025-08-09T14:00:00+02:00
600;Marginal price Day Ahead market Spain;3;Spain;-0.01;2025-08-09T15:00:00+02:00
600;Marginal price Day Ahead market Spain;3;Spain;0;2025-08-09T16:00:00+02:00
600;Marginal price Day Ahead market Spain;3;Spain;3.52;2025-08-09T17:00:00+02:00
600;Marginal price Day Ahead market Spain;3;Spain;28.61;2025-08-09T18:00:00+02:00
600;Marginal price Day Ahead market Spain;3;Spain;69.99;2025-08-09T19:00:00+02:00
600;Marginal price Day Ahead market Spain;3;Spain;94;2025-08-09T20:00:00+02:00
600;Marginal price Day Ahead market Spain;3;Spain;100.26;2025-08-09T21:00:00+02:00
600;Marginal price Day Ahead market Spain;3;Spain;96.64;2025-08-09T22:00:00+02:00
600;Marginal price Day Ahead market Spain;3;Spain;94.78;2025-08-09T23:00:00+02:00
600;Marginal price Day Ahead market Spain;3;Spain;104.72;2025-08-10T00:00:00+02:00
600;Marginal price Day Ahead market Spain;3;Spain;85.44;2025-08-10T01:00:00+02:00
600;Marginal price Day Ahead market Spain;3;Spain;79;2025-08-10T02:00:00+02:00
600;Marginal price Day Ahead market Spain;3;Spain;68;2025-08-10T03:00:00+02:00
600;Marginal price Day Ahead market Spain;3;Spain;85;2025-08-10T04:00:00+02:00
600;Marginal price Day Ahead market Spain;3;Spain;90.5;2025-08-10T05:00:00+02:00
600;Marginal price Day Ahead market Spain;3;Spain;96.44;2025-08-10T06:00:00+02:00
600;Marginal price Day Ahead market Spain;3;Spain;90;2025-08-10T07:00:00+02:00
600;Marginal price Day Ahead market Spain;3;Spain;49.9;2025-08-10T08:00:00+02:00
600;Marginal price Day Ahead market Spain;3;Spain;0;2025-08-10T09:00:00+02:00
600;Marginal price Day Ahead market Spain;3;Spain;-0.44;2025-08-10T10:00:00+02:00
600;Marginal price Day Ahead market Spain;3;Spain;-0.99;2025-08-10T11:00:00+02:00
600;Marginal price Day Ahead market Spain;3;Spain;-1;2025-08-10T12:00:00+02:00
600;Marginal price Day Ahead market Spain;3;Spain;-0.62;2025-08-10T13:00:00+02:00
600;Marginal price Day Ahead market Spain;3;Spain;-0.6;2025-08-10T14:00:00+02:00
600;Marginal price Day Ahead market Spain;3;Spain;-0.6;2025-08-10T15:00:00+02:00
600;Marginal price Day Ahead market Spain;3;Spain;-0.5;2025-08-10T16:00:00+02:00
600;Marginal price Day Ahead market Spain;3;Spain;1.72;2025-08-10T17:00:00+02:00
600;Marginal price Day Ahead market Spain;3;Spain;26.5;2025-08-10T18:00:00+02:00
600;Marginal price Day Ahead market Spain;3;Spain;80.5;2025-08-10T19:00:00+02:00
600;Marginal price Day Ahead market Spain;3;Spain;98.01;2025-08-10T20:00:00+02:00
600;Marginal price Day Ahead market Spain;3;Spain;130;2025-08-10T21:00:00+02:00
600;Marginal price Day Ahead market Spain;3;Spain;136.87;2025-08-10T22:00:00+02:00
600;Marginal price Day Ahead market Spain;3;Spain;112.98;2025-08-10T23:00:00+02:00
600;Marginal price Day Ahead market Spain;3;Spain;109.7;2025-08-11T00:00:00+02:00
600;Marginal price Day Ahead market Spain;3;Spain;100.43;2025-08-11T01:00:00+02:00
600;Marginal price Day Ahead market Spain;3;Spain;100;2025-08-11T02:00:00+02:00
600;Marginal price Day Ahead market Spain;3;Spain;99.89;2025-08-11T03:00:00+02:00
600;Marginal price Day Ahead market Spain;3;Spain;99.18;2025-08-11T04:00:00+02:00
600;Marginal price Day Ahead market Spain;3;Spain;99.89;2025-08-11T05:00:00+02:00
600;Marginal price Day Ahead market Spain;3;Spain;99.65;2025-08-11T06:00:00+02:00
600;Marginal price Day Ahead market Spain;3;Spain;105.43;2025-08-11T07:00:00+02:00
600;Marginal price Day Ahead market Spain;3;Spain;100.61;2025-08-11T08:00:00+02:00
600;Marginal price Day Ahead market Spain;3;Spain;63.6;2025-08-11T09:00:00+02:00
600;Marginal price Day Ahead market Spain;3;Spain;45;2025-08-11T10:00:00+02:00
600;Marginal price Day Ahead market Spain;3;Spain;22.51;2025-08-11T11:00:00+02:00
600;Marginal price Day Ahead market Spain;3;Spain;15;2025-08-11T12:00:00+02:00
600;Marginal price Day Ahead market Spain;3;Spain;15;2025-08-11T13:00:00+02:00
600;Marginal price Day Ahead market Spain;3;Spain;10;2025-08-11T14:00:00+02:00
600;Marginal price Day Ahead market Spain;3;Spain;9;2025-08-11T15:00:00+02:00
600;Marginal price Day Ahead market Spain;3;Spain;44.5;2025-08-11T16:00:00+02:00
600;Marginal price Day Ahead market Spain;3;Spain;57.97;2025-08-11T17:00:00+02:00
600;Marginal price Day Ahead market Spain;3;Spain;90;2025-08-11T18:00:00+02:00
600;Marginal price Day Ahead market Spain;3;Spain;111.24;2025-08-11T19:00:00+02:00
600;Marginal price Day Ahead market Spain;3;Spain;135.09;2025-08-11T20:00:00+02:00
600;Marginal price Day Ahead market Spain;3;Spain;144.41;2025-08-11T21:00:00+02:00
600;Marginal price Day Ahead market Spain;3;Spain;133.51;2025-08-11T22:00:00+02:00
600;Marginal price Day Ahead market Spain;3;Spain;110.91;2025-08-11T23:00:00+02:00
600;Marginal price Day Ahead market Spain;3;Spain;109.13;2025-08-12T00:00:00+02:00
600;Marginal price Day Ahead market Spain;3;Spain;99.94;2025-08-12T01:00:00+02:00
600;Marginal price Day Ahead market Spain;3;Spain;104.72;2025-08-12T02:00:00+02:00
600;Marginal price Day Ahead market Spain;3;Spain;104.38;2025-08-12T03:00:00+02:00
600;Marginal price Day Ahead market Spain;3;Spain;103;2025-08-12T04:00:00+02:00
600;Marginal price Day Ahead market Spain;3;Spain;104.38;2025-08-12T05:00:00+02:00
600;Marginal price Day Ahead market Spain;3;Spain;99.18;2025-08-12T06:00:00+02:00
600;Marginal price Day Ahead market Spain;3;Spain;109.7;2025-08-12T07:00:00+02:00
600;Marginal price Day Ahead market Spain;3;Spain;98.69;2025-08-12T08:00:00+02:00
600;Marginal price Day Ahead market Spain;3;Spain;96.13;2025-08-12T09:00:00+02:00
600;Marginal price Day Ahead market Spain;3;Spain;66.34;2025-08-12T10:00:00+02:00
600;Marginal price Day Ahead market Spain;3;Spain;40.94;2025-08-12T11:00:00+02:00
600;Marginal price Day Ahead market Spain;3;Spain;27.2;2025-08-12T12:00:00+02:00
600;Marginal price Day Ahead market Spain;3;Spain;26.28;2025-08-12T13:00:00+02:00
600;Marginal price Day Ahead market Spain;3;Spain;27.2;2025-08-12T14:00:00+02:00
600;Marginal price Day Ahead market Spain;3;Spain;35.05;2025-08-12T15:00:00+02:00
600;Marginal price Day Ahead market Spain;3;Spain;63.8;2025-08-12T16:00:00+02:00
600;Marginal price Day Ahead market Spain;3;Spain;85.82;2025-08-12T17:00:00+02:00
600;Marginal price Day Ahead market Spain;3;Spain;96.78;2025-08-12T18:00:00+02:00
600;Marginal price Day Ahead market Spain;3;Spain;121.86;2025-08-12T19:00:00+02:00
600;Marginal price Day Ahead market Spain;3;Spain;154.93;2025-08-12T20:00:00+02:00
600;Marginal price Day Ahead market Spain;3;Spain;140.81;2025-08-12T21:00:00+02:00
600;Marginal price Day Ahead market Spain;3;Spain;126.87;2025-08-12T22:00:00+02:00
600;Marginal price Day Ahead market Spain;3;Spain;109.7;2025-08-12T23:00:00+02:00
600;Marginal price Day Ahead market Spain;3;Spain;109.73;2025-08-13T00:00:00+02:00
600;Marginal price Day Ahead market Spain;3;Spain;110.7;2025-08-13T01:00:00+02:00
600;Marginal price Day Ahead market Spain;3;Spain;109.98;2025-08-13T02:00:00+02:00
600;Marginal price Day Ahead market Spain;3;Spain;105.55;2025-08-13T03:00:00+02:00
600;Marginal price Day Ahead market Spain;3;Spain;104.32;2025-08-13T04:00:00+02:00
600;Marginal price Day Ahead market Spain;3;Spain;104.32;2025-08-13T05:00:00+02:00
600;Marginal price Day Ahead market Spain;3;Spain;105;2025-08-13T06:00:00+02:00
600;Marginal price Day Ahead market Spain;3;Spain;121.17;2025-08-13T07:00:00+02:00
600;Marginal price Day Ahead market Spain;3;Spain;118.24;2025-08-13T08:00:00+02:00
600;Marginal price Day Ahead market Spain;3;Spain;94.1;2025-08-13T09:00:00+02:00
600;Marginal price Day Ahead market Spain;3;Spain;90;2025-08-13T10:00:00+02:00
600;Marginal price Day Ahead market Spain;3;Spain;71;2025-08-13T11:00:00+02:00
600;Marginal price Day Ahead market Spain;3;Spain;63.48;2025-08-13T12:00:00+02:00
600;Marginal price Day Ahead market Spain;3;Spain;60;2025-08-13T13:00:00+02:00
600;Marginal price Day Ahead market Spain;3;Spain;63.22;2025-08-13T14:00:00+02:00
600;Marginal price Day Ahead market Spain;3;Spain;70.9;2025-08-13T15:00:00+02:00
600;Marginal price Day Ahead market Spain;3;Spain;84.15;2025-08-13T16:00:00+02:00
600;Marginal price Day Ahead market Spain;3;Spain;93.1;2025-08-13T17:00:00+02:00
600;Marginal price Day Ahead market Spain;3;Spain;105;2025-08-13T18:00:00+02:00
600;Marginal price Day Ahead market Spain;3;Spain;107.23;2025-08-13T19:00:00+02:00
600;Marginal price Day Ahead market Spain;3;Spain;155.1;2025-08-13T20:00:00+02:00
600;Marginal price Day Ahead market Spain;3;Spain;153;2025-08-13T21:00:00+02:00
600;Marginal price Day Ahead market Spain;3;Spain;123.21;2025-08-13T22:00:00+02:00
600;Marginal price Day Ahead market Spain;3;Spain;106.27;2025-08-13T23:00:00+02:00
600;Marginal price Day Ahead market Spain;3;Spain;126.87;2025-08-14T00:00:00+02:00
600;Marginal price Day Ahead market Spain;3;Spain;115.7;2025-08-14T01:00:00+02:00
600;Marginal price Day Ahead market Spain;3;Spain;110.28;2025-08-14T02:00:00+02:00
600;Marginal price Day Ahead market Spain;3;Spain;105.27;2025-08-14T03:00:00+02:00
600;Marginal price Day Ahead market Spain;3;Spain;102;2025-08-14T04:00:00+02:00
600;Marginal price Day Ahead market Spain;3;Spain;101.12;2025-08-14T05:00:00+02:00
600;Marginal price Day Ahead market Spain;3;Spain;107;2025-08-14T06:00:00+02:00
600;Marginal price Day Ahead market Spain;3;Spain;109.65;2025-08-14T07:00:00+02:00
600;Marginal price Day Ahead market Spain;3;Spain;99.31;2025-08-14T08:00:00+02:00
600;Marginal price Day Ahead market Spain;3;Spain;90.92;2025-08-14T09:00:00+02:00
600;Marginal price Day Ahead market Spain;3;Spain;71.67;2025-08-14T10:00:00+02:00
600;Marginal price Day Ahead market Spain;3;Spain;67.4;2025-08-14T11:00:00+02:00
600;Marginal price Day Ahead market Spain;3;Spain;54.01;2025-08-14T12:00:00+02:00
600;Marginal price Day Ahead market Spain;3;Spain;40.91;2025-08-14T13:00:00+02:00
600;Marginal price Day Ahead market Spain;3;Spain;54.9;2025-08-14T14:00:00+02:00
600;Marginal price Day Ahead market Spain;3;Spain;69.43;2025-08-14T15:00:00+02:00
600;Marginal price Day Ahead market Spain;3;Spain;71.67;2025-08-14T16:00:00+02:00
600;Marginal price Day Ahead market Spain;3;Spain;80;2025-08-14T17:00:00+02:00
600;Marginal price Day Ahead market Spain;3;Spain;102;2025-08-14T18:00:00+02:00
600;Marginal price Day Ahead market Spain;3;Spain;115.78;2025-08-14T19:00:00+02:00
600;Marginal price Day Ahead market Spain;3;Spain;137.99;2025-08-14T20:00:00+02:00
600;Marginal price Day Ahead market Spain;3;Spain;149.02;2025-08-14T21:00:00+02:00
600;Marginal price Day Ahead market Spain;3;Spain;125.88;2025-08-14T22:00:00+02:00
600;Marginal price Day Ahead market Spain;3;Spain;111.92;2025-08-14T23:00:00+02:00
600;Marginal price Day Ahead market Spain;3;Spain;119.07;2025-08-15T00:00:00+02:00
600;Marginal price Day Ahead market Spain;3;Spain;105.3;2025-08-15T01:00:00+02:00
600;Marginal price Day Ahead market Spain;3;Spain;99.9;2025-08-15T02:00:00+02:00
600;Marginal price Day Ahead market Spain;3;Spain;96.22;2025-08-15T03:00:00+02:00
600;Marginal price Day Ahead market Spain;3;Spain;93.66;2025-08-15T04:00:00+02:00
600;Marginal price Day Ahead market Spain;3;Spain;91.16;2025-08-15T05:00:00+02:00
600;Marginal price Day Ahead market Spain;3;Spain;98.5;2025-08-15T06:00:00+02:00
600;Marginal price Day Ahead market Spain;3;Spain;97.52;2025-08-15T07:00:00+02:00
600;Marginal price Day Ahead market Spain;3;Spain;71.89;2025-08-15T08:00:00+02:00
600;Marginal price Day Ahead market Spain;3;Spain;43.97;2025-08-15T09:00:00+02:00
600;Marginal price Day Ahead market Spain;3;Spain;6;2025-08-15T10:00:00+02:00
600;Marginal price Day Ahead market Spain;3;Spain;3;2025-08-15T11:00:00+02:00
600;Marginal price Day Ahead market Spain;3;Spain;0.08;2025-08-15T12:00:00+02:00
600;Marginal price Day Ahead market Spain;3;Spain;0;2025-08-15T13:00:00+02:00
600;Marginal price Day Ahead market Spain;3;Spain;0;2025-08-15T14:00:00+02:00
600;Marginal price Day Ahead market Spain;3;Spain;1.72;2025-08-15T15:00:00+02:00
600;Marginal price Day Ahead market Spain;3;Spain;23.53;2025-08-15T16:00:00+02:00
600;Marginal price Day Ahead market Spain;3;Spain;33.23;2025-08-15T17:00:00+02:00
600;Marginal price Day Ahead market Spain;3;Spain;61.12;2025-08-15T18:00:00+02:00
600;Marginal price Day Ahead market Spain;3;Spain;100.82;2025-08-15T19:00:00+02:00
600;Marginal price Day Ahead market Spain;3;Spain;111.39;2025-08-15T20:00:00+02:00
600;Marginal price Day Ahead market Spain;3;Spain;144.75;2025-08-15T21:00:00+02:00
600;Marginal price Day Ahead market Spain;3;Spain;142;2025-08-15T22:00:00+02:00
600;Marginal price Day Ahead market Spain;3;Spain;117.63;2025-08-15T23:00:00+02:00
600;Marginal price Day Ahead market Spain;3;Spain;118.82;2025-08-16T00:00:00+02:00
600;Marginal price Day Ahead market Spain;3;Spain;114.32;2025-08-16T01:00:00+02:00
600;Marginal price Day Ahead market Spain;3;Spain;109.69;2025-08-16T02:00:00+02:00
600;Marginal price Day Ahead market Spain;3;Spain;105;2025-08-16T03:00:00+02:00
600;Marginal price Day Ahead market Spain;3;Spain;104.28;2025-08-16T04:00:00+02:00
600;Marginal price Day Ahead market Spain;3;Spain;105.35;2025-08-16T05:00:00+02:00
600;Marginal price Day Ahead market Spain;3;Spain;108.43;2025-08-16T06:00:00+02:00
600;Marginal price Day Ahead market Spain;3;Spain;111.19;2025-08-16T07:00:00+02:00
600;Marginal price Day Ahead market Spain;3;Spain;103.67;2025-08-16T08:00:00+02:00
600;Marginal price Day Ahead market Spain;3;Spain;60.93;2025-08-16T09:00:00+02:00
600;Marginal price Day Ahead market Spain;3;Spain;26.28;2025-08-16T10:00:00+02:00
600;Marginal price Day Ahead market Spain;3;Spain;3.8;2025-08-16T11:00:00+02:00
600;Marginal price Day Ahead market Spain;3;Spain;0.65;2025-08-16T12:00:00+02:00
600;Marginal price Day Ahead market Spain;3;Spain;0.65;2025-08-16T13:00:00+02:00
600;Marginal price Day Ahead market Spain;3;Spain;0.66;2025-08-16T14:00:00+02:00
600;Marginal price Day Ahead market Spain;3;Spain;1.1;2025-08-16T15:00:00+02:00
600;Marginal price Day Ahead market Spain;3;Spain;3.6;2025-08-16T16:00:00+02:00
600;Marginal price Day Ahead market Spain;3;Spain;21.52;2025-08-16T17:00:00+02:00
600;Marginal price Day Ahead market Spain;3;Spain;68.8;2025-08-16T18:00:00+02:00
600;Marginal price Day Ahead market Spain;3;Spain;100;2025-08-16T19:00:00+02:00
600;Marginal price Day Ahead market Spain;3;Spain;111.05;2025-08-16T20:00:00+02:00
600;Marginal price Day Ahead market Spain;3;Spain;144;2025-08-16T21:00:00+02:00
600;Marginal price Day Ahead market Spain;3;Spain;137;2025-08-16T22:00:00+02:00
600;Marginal price Day Ahead market Spain;3;Spain;117.65;2025-08-16T23:00:00+02:00
600;Marginal price Day Ahead market Spain;3;Spain;118.58;2025-08-17T00:00:00+02:00
600;Marginal price Day Ahead market Spain;3;Spain;113.12;2025-08-17T01:00:00+02:00
600;Marginal price Day Ahead market Spain;3;Spain;106.27;2025-08-17T02:00:00+02:00
600;Marginal price Day Ahead market Spain;3;Spain;104.59;2025-08-17T03:00:00+02:00
600;Marginal price Day Ahead market Spain;3;Spain;104.66;2025-08-17T04:00:00+02:00
600;Marginal price Day Ahead market Spain;3;Spain;105.01;2025-08-17T05:00:00+02:00
600;Marginal price Day Ahead market Spain;3;Spain;104.34;2025-08-17T06:00:00+02:00
600;Marginal price Day Ahead market Spain;3;Spain;96.99;2025-08-17T07:00:00+02:00
600;Marginal price Day Ahead market Spain;3;Spain;101.12;2025-08-17T08:00:00+02:00
600;Marginal price Day Ahead market Spain;3;Spain;27.2;2025-08-17T09:00:00+02:00
600;Marginal price Day Ahead market Spain;3;Spain;9.7;2025-08-17T10:00:00+02:00
600;Marginal price Day Ahead market Spain;3;Spain;0.65;2025-08-17T11:00:00+02:00
600;Marginal price Day Ahead market Spain;3;Spain;0.65;2025-08-17T12:00:00+02:00
600;Marginal price Day Ahead market Spain;3;Spain;0.65;2025-08-17T13:00:00+02:00
600;Marginal price Day Ahead market Spain;3;Spain;0.65;2025-08-17T14:00:00+02:00
600;Marginal price Day Ahead market Spain;3;Spain;0.65;2025-08-17T15:00:00+02:00
600;Marginal price Day Ahead market Spain;3;Spain;5.13;2025-08-17T16:00:00+02:00
600;Marginal price Day Ahead market Spain;3;Spain;16.72;2025-08-17T17:00:00+02:00
600;Marginal price Day Ahead market Spain;3;Spain;51.45;2025-08-17T18:00:00+02:00
600;Marginal price Day Ahead market Spain;3;Spain;94.03;2025-08-17T19:00:00+02:00
600;Marginal price Day Ahead market Spain;3;Spain;113.12;2025-08-17T20:00:00+02:00
600;Marginal price Day Ahead market Spain;3;Spain;124.65;2025-08-17T21:00:00+02:00
600;Marginal price Day Ahead market Spain;3;Spain;131.25;2025-08-17T22:00:00+02:00
600;Marginal price Day Ahead market Spain;3;Spain;117.67;2025-08-17T23:00:00+02:00
600;Marginal price Day Ahead market Spain;3;Spain;109.52;2025-08-18T00:00:00+02:00
600;Marginal price Day Ahead market Spain;3;Spain;105.54;2025-08-18T01:00:00+02:00
600;Marginal price Day Ahead market Spain;3;Spain;104.3;2025-08-18T02:00:00+02:00
600;Marginal price Day Ahead market Spain;3;Spain;103.1;2025-08-18T03:00:00+02:00
600;Marginal price Day Ahead market Spain;3;Spain;99.82;2025-08-18T04:00:00+02:00
600;Marginal price Day Ahead market Spain;3;Spain;101.12;2025-08-18T05:00:00+02:00
600;Marginal price Day Ahead market Spain;3;Spain;105.34;2025-08-18T06:00:00+02:00
600;Marginal price Day Ahead market Spain;3;Spain;106.54;2025-08-18T07:00:00+02:00
600;Marginal price Day Ahead market Spain;3;Spain;106.54;2025-08-18T08:00:00+02:00
600;Marginal price Day Ahead market Spain;3;Spain;104.56;2025-08-18T09:00:00+02:00
600;Marginal price Day Ahead market Spain;3;Spain;97.52;2025-08-18T10:00:00+02:00
600;Marginal price Day Ahead market Spain;3;Spain;75.59;2025-08-18T11:00:00+02:00
600;Marginal price Day Ahead market Spain;3;Spain;69;2025-08-18T12:00:00+02:00
600;Marginal price Day Ahead market Spain;3;Spain;69;2025-08-18T13:00:00+02:00
600;Marginal price Day Ahead market Spain;3;Spain;67.9;2025-08-18T14:00:00+02:00
600;Marginal price Day Ahead market Spain;3;Spain;60;2025-08-18T15:00:00+02:00
600;Marginal price Day Ahead market Spain;3;Spain;69.26;2025-08-18T16:00:00+02:00
600;Marginal price Day Ahead market Spain;3;Spain;84.53;2025-08-18T17:00:00+02:00
600;Marginal price Day Ahead market Spain;3;Spain;104.07;2025-08-18T18:00:00+02:00
600;Marginal price Day Ahead market Spain;3;Spain;115.06;2025-08-18T19:00:00+02:00
600;Marginal price Day Ahead market Spain;3;Spain;120;2025-08-18T20:00:00+02:00
600;Marginal price Day Ahead market Spain;3;Spain;120.76;2025-08-18T21:00:00+02:00
600;Marginal price Day Ahead market Spain;3;Spain;114.32;2025-08-18T22:00:00+02:00
600;Marginal price Day Ahead market Spain;3;Spain;106.84;2025-08-18T23:00:00+02:00
600;Marginal price Day Ahead market Spain;3;Spain;103.06;2025-08-19T00:00:00+02:00
600;Marginal price Day Ahead market Spain;3;Spain;101.12;2025-08-19T01:00:00+02:00
600;Marginal price Day Ahead market Spain;3;Spain;98.1;2025-08-19T02:00:00+02:00
600;Marginal price Day Ahead market Spain;3;Spain;92.41;2025-08-19T03:00:00+02:00
600;Marginal price Day Ahead market Spain;3;Spain;90.37;2025-08-19T04:00:00+02:00
600;Marginal price Day Ahead market Spain;3;Spain;91.4;2025-08-19T05:00:00+02:00
600;Marginal price Day Ahead market Spain;3;Spain;99;2025-08-19T06:00:00+02:00
600;Marginal price Day Ahead market Spain;3;Spain;102.82;2025-08-19T07:00:00+02:00
600;Marginal price Day Ahead market Spain;3;Spain;98.1;2025-08-19T08:00:00+02:00
600;Marginal price Day Ahead market Spain;3;Spain;88.57;2025-08-19T09:00:00+02:00
600;Marginal price Day Ahead market Spain;3;Spain;69.64;2025-08-19T10:00:00+02:00
600;Marginal price Day Ahead market Spain;3;Spain;43.23;2025-08-19T11:00:00+02:00
600;Marginal price Day Ahead market Spain;3;Spain;30;2025-08-19T12:00:00+02:00
600;Marginal price Day Ahead market Spain;3;Spain;29.14;2025-08-19T13:00:00+02:00
600;Marginal price Day Ahead market Spain;3;Spain;30.91;2025-08-19T14:00:00+02:00
600;Marginal price Day Ahead market Spain;3;Spain;40.54;2025-08-19T15:00:00+02:00
600;Marginal price Day Ahead market Spain;3;Spain;46.8;2025-08-19T16:00:00+02:00
600;Marginal price Day Ahead market Spain;3;Spain;48.7;2025-08-19T17:00:00+02:00
600;Marginal price Day Ahead market Spain;3;Spain;62.2;2025-08-19T18:00:00+02:00
600;Marginal price Day Ahead market Spain;3;Spain;88.97;2025-08-19T19:00:00+02:00
600;Marginal price Day Ahead market Spain;3;Spain;97.74;2025-08-19T20:00:00+02:00
600;Marginal price Day Ahead market Spain;3;Spain;106.85;2025-08-19T21:00:00+02:00
600;Marginal price Day Ahead market Spain;3;Spain;106.54;2025-08-19T22:00:00+02:00
600;Marginal price Day Ahead market Spain;3;Spain;99;2025-08-19T23:00:00+02:00
600;Marginal price Day Ahead market Spain;3;Spain;95.58;2025-08-20T00:00:00+02:00
600;Marginal price Day Ahead market Spain;3;Spain;88.03;2025-08-20T01:00:00+02:00
600;Marginal price Day Ahead market Spain;3;Spain;83;2025-08-20T02:00:00+02:00
600;Marginal price Day Ahead market Spain;3;Spain;81;2025-08-20T03:00:00+02:00
600;Marginal price Day Ahead market Spain;3;Spain;76.2;2025-08-20T04:00:00+02:00
600;Marginal price Day Ahead market Spain;3;Spain;82;2025-08-20T05:00:00+02:00
600;Marginal price Day Ahead market Spain;3;Spain;88.46;2025-08-20T06:00:00+02:00
600;Marginal price Day Ahead market Spain;3;Spain;96.54;2025-08-20T07:00:00+02:00
600;Marginal price Day Ahead market Spain;3;Spain;89.81;2025-08-20T08:00:00+02:00
600;Marginal price Day Ahead market Spain;3;Spain;71.55;2025-08-20T09:00:00+02:00
600;Marginal price Day Ahead market Spain;3;Spain;49.8;2025-08-20T10:00:00+02:00
600;Marginal price Day Ahead market Spain;3;Spain;49.9;2025-08-20T11:00:00+02:00
600;Marginal price Day Ahead market Spain;3;Spain;49.02;2025-08-20T12:00:00+02:00
600;Marginal price Day Ahead market Spain;3;Spain;35;2025-08-20T13:00:00+02:00
600;Marginal price Day Ahead market Spain;3;Spain;31.53;2025-08-20T14:00:00+02:00
600;Marginal price Day Ahead market Spain;3;Spain;27.2;2025-08-20T15:00:00+02:00
600;Marginal price Day Ahead market Spain;3;Spain;27.99;2025-08-20T16:00:00+02:00
600;Marginal price Day Ahead market Spain;3;Spain;37;2025-08-20T17:00:00+02:00
600;Marginal price Day Ahead market Spain;3;Spain;49.27;2025-08-20T18:00:00+02:00
600;Marginal price Day Ahead market Spain;3;Spain;69.27;2025-08-20T19:00:00+02:00
600;Marginal price Day Ahead market Spain;3;Spain;78.73;2025-08-20T20:00:00+02:00
600;Marginal price Day Ahead market Spain;3;Spain;100.07;2025-08-20T21:00:00+02:00
600;Marginal price Day Ahead market Spain;3;Spain;97.52;2025-08-20T22:00:00+02:00
600;Marginal price Day Ahead market Spain;3;Spain;84.98;2025-08-20T23:00:00+02:00
600;Marginal price Day Ahead market Spain;3;Spain;95.28;2025-08-21T00:00:00+02:00
600;Marginal price Day Ahead market Spain;3;Spain;88.88;2025-08-21T01:00:00+02:00
600;Marginal price Day Ahead market Spain;3;Spain;85.26;2025-08-21T02:00:00+02:00
600;Marginal price Day Ahead market Spain;3;Spain;83.68;2025-08-21T03:00:00+02:00
600;Marginal price Day Ahead market Spain;3;Spain;82.1;2025-08-21T04:00:00+02:00
600;Marginal price Day Ahead market Spain;3;Spain;84;2025-08-21T05:00:00+02:00
600;Marginal price Day Ahead market Spain;3;Spain;85.82;2025-08-21T06:00:00+02:00
600;Marginal price Day Ahead market Spain;3;Spain;101.12;2025-08-21T07:00:00+02:00
600;Marginal price Day Ahead market Spain;3;Spain;85.26;2025-08-21T08:00:00+02:00
600;Marginal price Day Ahead market Spain;3;Spain;50.2;2025-08-21T09:00:00+02:00
600;Marginal price Day Ahead market Spain;3;Spain;25.67;2025-08-21T10:00:00+02:00
600;Marginal price Day Ahead market Spain;3;Spain;10;2025-08-21T11:00:00+02:00
600;Marginal price Day Ahead market Spain;3;Spain;7.89;2025-08-21T12:00:00+02:00
600;Marginal price Day Ahead market Spain;3;Spain;5.11;2025-08-21T13:00:00+02:00
600;Marginal price Day Ahead market Spain;3;Spain;5.11;2025-08-21T14:00:00+02:00
600;Marginal price Day Ahead market Spain;3;Spain;3.52;2025-08-21T15:00:00+02:00
600;Marginal price Day Ahead market Spain;3;Spain;5.79;2025-08-21T16:00:00+02:00
600;Marginal price Day Ahead market Spain;3;Spain;6;2025-08-21T17:00:00+02:00
600;Marginal price Day Ahead market Spain;3;Spain;25;2025-08-21T18:00:00+02:00
600;Marginal price Day Ahead market Spain;3;Spain;50;2025-08-21T19:00:00+02:00
600;Marginal price Day Ahead market Spain;3;Spain;77.84;2025-08-21T20:00:00+02:00
600;Marginal price Day Ahead market Spain;3;Spain;83.26;2025-08-21T21:00:00+02:00
600;Marginal price Day Ahead market Spain;3;Spain;75;2025-08-21T22:00:00+02:00
600;Marginal price Day Ahead market Spain;3;Spain;71.6;2025-08-21T23:00:00+02:00
600;Marginal price Day Ahead market Spain;3;Spain;77.1;2025-08-22T00:00:00+02:00
600;Marginal price Day Ahead market Spain;3;Spain;72;2025-08-22T01:00:00+02:00
600;Marginal price Day Ahead market Spain;3;Spain;68.01;2025-08-22T02:00:00+02:00
600;Marginal price Day Ahead market Spain;3;Spain;65.2;2025-08-22T03:00:00+02:00
600;Marginal price Day Ahead market Spain;3;Spain;70.01;2025-08-22T04:00:00+02:00
600;Marginal price Day Ahead market Spain;3;Spain;69.81;2025-08-22T05:00:00+02:00
600;Marginal price Day Ahead market Spain;3;Spain;71.03;2025-08-22T06:00:00+02:00
600;Marginal price Day Ahead market Spain;3;Spain;78.06;2025-08-22T07:00:00+02:00
600;Marginal price Day Ahead market Spain;3;Spain;75.1;2025-08-22T08:00:00+02:00
600;Marginal price Day Ahead market Spain;3;Spain;49.67;2025-08-22T09:00:00+02:00
600;Marginal price Day Ahead market Spain;3;Spain;15.57;2025-08-22T10:00:00+02:00
600;Marginal price Day Ahead market Spain;3;Spain;5.11;2025-08-22T11:00:00+02:00
600;Marginal price Day Ahead market Spain;3;Spain;4.31;2025-08-22T12:00:00+02:00
600;Marginal price Day Ahead market Spain;3;Spain;5.79;2025-08-22T13:00:00+02:00
600;Marginal price Day Ahead market Spain;3;Spain;5.37;2025-08-22T14:00:00+02:00
600;Marginal price Day Ahead market Spain;3;Spain;5.01;2025-08-22T15:00:00+02:00
600;Marginal price Day Ahead market Spain;3;Spain;5.79;2025-08-22T16:00:00+02:00
600;Marginal price Day Ahead market Spain;3;Spain;20;2025-08-22T17:00:00+02:00
600;Marginal price Day Ahead market Spain;3;Spain;35.2;2025-08-22T18:00:00+02:00
600;Marginal price Day Ahead market Spain;3;Spain;84.56;2025-08-22T19:00:00+02:00
600;Marginal price Day Ahead market Spain;3;Spain;104.53;2025-08-22T20:00:00+02:00
600;Marginal price Day Ahead market Spain;3;Spain;103.49;2025-08-22T21:00:00+02:00
600;Marginal price Day Ahead market Spain;3;Spain;101.59;2025-08-22T22:00:00+02:00
600;Marginal price Day Ahead market Spain;3;Spain;94.37;2025-08-22T23:00:00+02:00
600;Marginal price Day Ahead market Spain;3;Spain;95.33;2025-08-23T00:00:00+02:00
600;Marginal price Day Ahead market Spain;3;Spain;89.32;2025-08-23T01:00:00+02:00
600;Marginal price Day Ahead market Spain;3;Spain;80.94;2025-08-23T02:00:00+02:00
600;Marginal price Day Ahead market Spain;3;Spain;78.21;2025-08-23T03:00:00+02:00
600;Marginal price Day Ahead market Spain;3;Spain;76.06;2025-08-23T04:00:00+02:00
600;Marginal price Day Ahead market Spain;3;Spain;79.1;2025-08-23T05:00:00+02:00
600;Marginal price Day Ahead market Spain;3;Spain;84.28;2025-08-23T06:00:00+02:00
600;Marginal price Day Ahead market Spain;3;Spain;86.42;2025-08-23T07:00:00+02:00
600;Marginal price Day Ahead market Spain;3;Spain;79.15;2025-08-23T08:00:00+02:00
600;Marginal price Day Ahead market Spain;3;Spain;55.02;2025-08-23T09:00:00+02:00
600;Marginal price Day Ahead market Spain;3;Spain;15.85;2025-08-23T10:00:00+02:00
600;Marginal price Day Ahead market Spain;3;Spain;3.46;2025-08-23T11:00:00+02:00
600;Marginal price Day Ahead market Spain;3;Spain;1.82;2025-08-23T12:00:00+02:00
600;Marginal price Day Ahead market Spain;3;Spain;0.75;2025-08-23T13:00:00+02:00
600;Marginal price Day Ahead market Spain;3;Spain;0.65;2025-08-23T14:00:00+02:00
600;Marginal price Day Ahead market Spain;3;Spain;3.52;2025-08-23T15:00:00+02:00
600;Marginal price Day Ahead market Spain;3;Spain;11.99;2025-08-23T16:00:00+02:00
600;Marginal price Day Ahead market Spain;3;Spain;38.38;2025-08-23T17:00:00+02:00
600;Marginal price Day Ahead market Spain;3;Spain;64.64;2025-08-23T18:00:00+02:00
600;Marginal price Day Ahead market Spain;3;Spain;106.96;2025-08-23T19:00:00+02:00
600;Marginal price Day Ahead market Spain;3;Spain;118.85;2025-08-23T20:00:00+02:00
600;Marginal price Day Ahead market Spain;3;Spain;130.87;2025-08-23T21:00:00+02:00
600;Marginal price Day Ahead market Spain;3;Spain;111.16;2025-08-23T22:00:00+02:00
600;Marginal price Day Ahead market Spain;3;Spain;108.96;2025-08-23T23:00:00+02:00
600;Marginal price Day Ahead market Spain;3;Spain;106;2025-08-24T00:00:00+02:00
600;Marginal price Day Ahead market Spain;3;Spain;101.12;2025-08-24T01:00:00+02:00
600;Marginal price Day Ahead market Spain;3;Spain;97.52;2025-08-24T02:00:00+02:00
600;Marginal price Day Ahead market Spain;3;Spain;94.24;2025-08-24T03:00:00+02:00
600;Marginal price Day Ahead market Spain;3;Spain;93.76;2025-08-24T04:00:00+02:00
600;Marginal price Day Ahead market Spain;3;Spain;94;2025-08-24T05:00:00+02:00
600;Marginal price Day Ahead market Spain;3;Spain;94.24;2025-08-24T06:00:00+02:00
600;Marginal price Day Ahead market Spain;3;Spain;95.96;2025-08-24T07:00:00+02:00
600;Marginal price Day Ahead market Spain;3;Spain;75;2025-08-24T08:00:00+02:00
600;Marginal price Day Ahead market Spain;3;Spain;25;2025-08-24T09:00:00+02:00
600;Marginal price Day Ahead market Spain;3;Spain;0;2025-08-24T10:00:00+02:00
600;Marginal price Day Ahead market Spain;3;Spain;-0.05;2025-08-24T11:00:00+02:00
600;Marginal price Day Ahead market Spain;3;Spain;-0.6;2025-08-24T12:00:00+02:00
600;Marginal price Day Ahead market Spain;3;Spain;-0.6;2025-08-24T13:00:00+02:00
600;Marginal price Day Ahead market Spain;3;Spain;-0.5;2025-08-24T14:00:00+02:00
600;Marginal price Day Ahead market Spain;3;Spain;-0.1;2025-08-24T15:00:00+02:00
600;Marginal price Day Ahead market Spain;3;Spain;0;2025-08-24T16:00:00+02:00
600;Marginal price Day Ahead market Spain;3;Spain;12.93;2025-08-24T17:00:00+02:00
600;Marginal price Day Ahead market Spain;3;Spain;61.15;2025-08-24T18:00:00+02:00
600;Marginal price Day Ahead market Spain;3;Spain;98.57;2025-08-24T19:00:00+02:00
600;Marginal price Day Ahead market Spain;3;Spain;114.99;2025-08-24T20:00:00+02:00
600;Marginal price Day Ahead market Spain;3;Spain;114.32;2025-08-24T21:00:00+02:00
600;Marginal price Day Ahead market Spain;3;Spain;111.92;2025-08-24T22:00:00+02:00
600;Marginal price Day Ahead market Spain;3;Spain;105.77;2025-08-24T23:00:00+02:00
600;Marginal price Day Ahead market Spain;3;Spain;111.92;2025-08-25T00:00:00+02:00
600;Marginal price Day Ahead market Spain;3;Spain;107.5;2025-08-25T01:00:00+02:00
600;Marginal price Day Ahead market Spain;3;Spain;104.99;2025-08-25T02:00:00+02:00
600;Marginal price Day Ahead market Spain;3;Spain;101.12;2025-08-25T03:00:00+02:00
600;Marginal price Day Ahead market Spain;3;Spain;98.35;2025-08-25T04:00:00+02:00
600;Marginal price Day Ahead market Spain;3;Spain;104.99;2025-08-25T05:00:00+02:00
600;Marginal price Day Ahead market Spain;3;Spain;108.73;2025-08-25T06:00:00+02:00
600;Marginal price Day Ahead market Spain;3;Spain;114.32;2025-08-25T07:00:00+02:00
600;Marginal price Day Ahead market Spain;3;Spain;114.32;2025-08-25T08:00:00+02:00
600;Marginal price Day Ahead market Spain;3;Spain;108.32;2025-08-25T09:00:00+02:00
600;Marginal price Day Ahead market Spain;3;Spain;89.51;2025-08-25T10:00:00+02:00
600;Marginal price Day Ahead market Spain;3;Spain;65.01;2025-08-25T11:00:00+02:00
600;Marginal price Day Ahead market Spain;3;Spain;55.2;2025-08-25T12:00:00+02:00
600;Marginal price Day Ahead market Spain;3;Spain;35;2025-08-25T13:00:00+02:00
600;Marginal price Day Ahead market Spain;3;Spain;26.17;2025-08-25T14:00:00+02:00
600;Marginal price Day Ahead market Spain;3;Spain;25.2;2025-08-25T15:00:00+02:00
600;Marginal price Day Ahead market Spain;3;Spain;56.43;2025-08-25T16:00:00+02:00
600;Marginal price Day Ahead market Spain;3;Spain;70.1;2025-08-25T17:00:00+02:00
600;Marginal price Day Ahead market Spain;3;Spain;97.43;2025-08-25T18:00:00+02:00
600;Marginal price Day Ahead market Spain;3;Spain;114.78;2025-08-25T19:00:00+02:00
600;Marginal price Day Ahead market Spain;3;Spain;125.95;2025-08-25T20:00:00+02:00
600;Marginal price Day Ahead market Spain;3;Spain;142;2025-08-25T21:00:00+02:00
600;Marginal price Day Ahead market Spain;3;Spain;123.11;2025-08-25T22:00:00+02:00
600;Marginal price Day Ahead market Spain;3;Spain;114.68;2025-08-25T23:00:00+02:00
600;Marginal price Day Ahead market Spain;3;Spain;106.76;2025-08-26T00:00:00+02:00
600;Marginal price Day Ahead market Spain;3;Spain;102.4;2025-08-26T01:00:00+02:00
600;Marginal price Day Ahead market Spain;3;Spain;99.99;2025-08-26T02:00:00+02:00
600;Marginal price Day Ahead market Spain;3;Spain;99.6;2025-08-26T03:00:00+02:00
600;Marginal price Day Ahead market Spain;3;Spain;100.78;2025-08-26T04:00:00+02:00
600;Marginal price Day Ahead market Spain;3;Spain;102.4;2025-08-26T05:00:00+02:00
600;Marginal price Day Ahead market Spain;3;Spain;109.52;2025-08-26T06:00:00+02:00
600;Marginal price Day Ahead market Spain;3;Spain;125.95;2025-08-26T07:00:00+02:00
600;Marginal price Day Ahead market Spain;3;Spain;112.79;2025-08-26T08:00:00+02:00
600;Marginal price Day Ahead market Spain;3;Spain;97.52;2025-08-26T09:00:00+02:00
600;Marginal price Day Ahead market Spain;3;Spain;70;2025-08-26T10:00:00+02:00
600;Marginal price Day Ahead market Spain;3;Spain;60.65;2025-08-26T11:00:00+02:00
600;Marginal price Day Ahead market Spain;3;Spain;41.25;2025-08-26T12:00:00+02:00
600;Marginal price Day Ahead market Spain;3;Spain;26.28;2025-08-26T13:00:00+02:00
600;Marginal price Day Ahead market Spain;3;Spain;38.05;2025-08-26T14:00:00+02:00
600;Marginal price Day Ahead market Spain;3;Spain;47.44;2025-08-26T15:00:00+02:00
600;Marginal price Day Ahead market Spain;3;Spain;60;2025-08-26T16:00:00+02:00
600;Marginal price Day Ahead market Spain;3;Spain;65.03;2025-08-26T17:00:00+02:00
600;Marginal price Day Ahead market Spain;3;Spain;76.1;2025-08-26T18:00:00+02:00
600;Marginal price Day Ahead market Spain;3;Spain;103.14;2025-08-26T19:00:00+02:00
600;Marginal price Day Ahead market Spain;3;Spain;117;2025-08-26T20:00:00+02:00
600;Marginal price Day Ahead market Spain;3;Spain;123.46;2025-08-26T21:00:00+02:00
600;Marginal price Day Ahead market Spain;3;Spain;113.12;2025-08-26T22:00:00+02:00
600;Marginal price Day Ahead market Spain;3;Spain;106.79;2025-08-26T23:00:00+02:00
600;Marginal price Day Ahead market Spain;3;Spain;109.1;2025-08-27T00:00:00+02:00
600;Marginal price Day Ahead market Spain;3;Spain;102.84;2025-08-27T01:00:00+02:00
600;Marginal price Day Ahead market Spain;3;Spain;101.12;2025-08-27T02:00:00+02:00
600;Marginal price Day Ahead market Spain;3;Spain;97.54;2025-08-27T03:00:00+02:00
600;Marginal price Day Ahead market Spain;3;Spain;93.05;2025-08-27T04:00:00+02:00
600;Marginal price Day Ahead market Spain;3;Spain;93.05;2025-08-27T05:00:00+02:00
600;Marginal price Day Ahead market Spain;3;Spain;102.84;2025-08-27T06:00:00+02:00
600;Marginal price Day Ahead market Spain;3;Spain;113.12;2025-08-27T07:00:00+02:00
600;Marginal price Day Ahead market Spain;3;Spain;113.64;2025-08-27T08:00:00+02:00
600;Marginal price Day Ahead market Spain;3;Spain;101.63;2025-08-27T09:00:00+02:00
600;Marginal price Day Ahead market Spain;3;Spain;85.21;2025-08-27T10:00:00+02:00
600;Marginal price Day Ahead market Spain;3;Spain;77.75;2025-08-27T11:00:00+02:00
600;Marginal price Day Ahead market Spain;3;Spain;63.65;2025-08-27T12:00:00+02:00
600;Marginal price Day Ahead market Spain;3;Spain;49.85;2025-08-27T13:00:00+02:00
600;Marginal price Day Ahead market Spain;3;Spain;50.62;2025-08-27T14:00:00+02:00
600;Marginal price Day Ahead market Spain;3;Spain;50.62;2025-08-27T15:00:00+02:00
600;Marginal price Day Ahead market Spain;3;Spain;51.14;2025-08-27T16:00:00+02:00
600;Marginal price Day Ahead market Spain;3;Spain;51.4;2025-08-27T17:00:00+02:00
600;Marginal price Day Ahead market Spain;3;Spain;64.9;2025-08-27T18:00:00+02:00
600;Marginal price Day Ahead market Spain;3;Spain;99;2025-08-27T19:00:00+02:00
600;Marginal price Day Ahead market Spain;3;Spain;109.1;2025-08-27T20:00:00+02:00
600;Marginal price Day Ahead market Spain;3;Spain;114.32;2025-08-27T21:00:00+02:00
600;Marginal price Day Ahead market Spain;3;Spain;113.63;2025-08-27T22:00:00+02:00
600;Marginal price Day Ahead market Spain;3;Spain;103.57;2025-08-27T23:00:00+02:00
600;Marginal price Day Ahead market Spain;3;Spain;97.15;2025-08-28T00:00:00+02:00
600;Marginal price Day Ahead market Spain;3;Spain;90.14;2025-08-28T01:00:00+02:00
600;Marginal price Day Ahead market Spain;3;Spain;86.07;2025-08-28T02:00:00+02:00
600;Marginal price Day Ahead market Spain;3;Spain;73.25;2025-08-28T03:00:00+02:00
600;Marginal price Day Ahead market Spain;3;Spain;69.4;2025-08-28T04:00:00+02:00
600;Marginal price Day Ahead market Spain;3;Spain;76.42;2025-08-28T05:00:00+02:00
600;Marginal price Day Ahead market Spain;3;Spain;83.38;2025-08-28T06:00:00+02:00
600;Marginal price Day Ahead market Spain;3;Spain;90.38;2025-08-28T07:00:00+02:00
600;Marginal price Day Ahead market Spain;3;Spain;90.38;2025-08-28T08:00:00+02:00
600;Marginal price Day Ahead market Spain;3;Spain;69.4;2025-08-28T09:00:00+02:00
600;Marginal price Day Ahead market Spain;3;Spain;17.35;2025-08-28T10:00:00+02:00
600;Marginal price Day Ahead market Spain;3;Spain;3.52;2025-08-28T11:00:00+02:00
600;Marginal price Day Ahead market Spain;3;Spain;1.72;2025-08-28T12:00:00+02:00
600;Marginal price Day Ahead market Spain;3;Spain;1.5;2025-08-28T13:00:00+02:00
600;Marginal price Day Ahead market Spain;3;Spain;0.65;2025-08-28T14:00:00+02:00
600;Marginal price Day Ahead market Spain;3;Spain;0.01;2025-08-28T15:00:00+02:00
600;Marginal price Day Ahead market Spain;3;Spain;0.65;2025-08-28T16:00:00+02:00
600;Marginal price Day Ahead market Spain;3;Spain;1.5;2025-08-28T17:00:00+02:00
600;Marginal price Day Ahead market Spain;3;Spain;5.11;2025-08-28T18:00:00+02:00
600;Marginal price Day Ahead market Spain;3;Spain;65.28;2025-08-28T19:00:00+02:00
600;Marginal price Day Ahead market Spain;3;Spain;90;2025-08-28T20:00:00+02:00
600;Marginal price Day Ahead market Spain;3;Spain;97.08;2025-08-28T21:00:00+02:00
600;Marginal price Day Ahead market Spain;3;Spain;93.77;2025-08-28T22:00:00+02:00
600;Marginal price Day Ahead market Spain;3;Spain;88.09;2025-08-28T23:00:00+02:00
600;Marginal price Day Ahead market Spain;3;Spain;82.7;2025-08-29T00:00:00+02:00
600;Marginal price Day Ahead market Spain;3;Spain;79.64;2025-08-29T01:00:00+02:00
600;Marginal price Day Ahead market Spain;3;Spain;72.2;2025-08-29T02:00:00+02:00
600;Marginal price Day Ahead market Spain;3;Spain;60;2025-08-29T03:00:00+02:00
600;Marginal price Day Ahead market Spain;3;Spain;54.43;2025-08-29T04:00:00+02:00
600;Marginal price Day Ahead market Spain;3;Spain;54.6;2025-08-29T05:00:00+02:00
600;Marginal price Day Ahead market Spain;3;Spain;75.01;2025-08-29T06:00:00+02:00
600;Marginal price Day Ahead market Spain;3;Spain;80.2;2025-08-29T07:00:00+02:00
600;Marginal price Day Ahead market Spain;3;Spain;70.09;2025-08-29T08:00:00+02:00
600;Marginal price Day Ahead market Spain;3;Spain;42.47;2025-08-29T09:00:00+02:00
600;Marginal price Day Ahead market Spain;3;Spain;5;2025-08-29T10:00:00+02:00
600;Marginal price Day Ahead market Spain;3;Spain;0.83;2025-08-29T11:00:00+02:00
600;Marginal price Day Ahead market Spain;3;Spain;0.65;2025-08-29T12:00:00+02:00
600;Marginal price Day Ahead market Spain;3;Spain;0.01;2025-08-29T13:00:00+02:00
600;Marginal price Day Ahead market Spain;3;Spain;0;2025-08-29T14:00:00+02:00
600;Marginal price Day Ahead market Spain;3;Spain;0;2025-08-29T15:00:00+02:00
600;Marginal price Day Ahead market Spain;3;Spain;0;2025-08-29T16:00:00+02:00
600;Marginal price Day Ahead market Spain;3;Spain;0;2025-08-29T17:00:00+02:00
600;Marginal price Day Ahead market Spain;3;Spain;3.52;2025-08-29T18:00:00+02:00
600;Marginal price Day Ahead market Spain;3;Spain;53.55;2025-08-29T19:00:00+02:00
600;Marginal price Day Ahead market Spain;3;Spain;81.8;2025-08-29T20:00:00+02:00
600;Marginal price Day Ahead market Spain;3;Spain;100.01;2025-08-29T21:00:00+02:00
600;Marginal price Day Ahead market Spain;3;Spain;95.14;2025-08-29T22:00:00+02:00
600;Marginal price Day Ahead market Spain;3;Spain;86.17;2025-08-29T23:00:00+02:00
600;Marginal price Day Ahead market Spain;3;Spain;91.56;2025-08-30T00:00:00+02:00
600;Marginal price Day Ahead market Spain;3;Spain;86.64;2025-08-30T01:00:00+02:00
600;Marginal price Day Ahead market Spain;3;Spain;87.56;2025-08-30T02:00:00+02:00
600;Marginal price Day Ahead market Spain;3;Spain;83.48;2025-08-30T03:00:00+02:00
600;Marginal price Day Ahead market Spain;3;Spain;80.88;2025-08-30T04:00:00+02:00
600;Marginal price Day Ahead market Spain;3;Spain;80.64;2025-08-30T05:00:00+02:00
600;Marginal price Day Ahead market Spain;3;Spain;85.06;2025-08-30T06:00:00+02:00
600;Marginal price Day Ahead market Spain;3;Spain;88.29;2025-08-30T07:00:00+02:00
600;Marginal price Day Ahead market Spain;3;Spain;77;2025-08-30T08:00:00+02:00
600;Marginal price Day Ahead market Spain;3;Spain;32;2025-08-30T09:00:00+02:00
600;Marginal price Day Ahead market Spain;3;Spain;9.5;2025-08-30T10:00:00+02:00
600;Marginal price Day Ahead market Spain;3;Spain;0.65;2025-08-30T11:00:00+02:00
600;Marginal price Day Ahead market Spain;3;Spain;0;2025-08-30T12:00:00+02:00
600;Marginal price Day Ahead market Spain;3;Spain;-0.01;2025-08-30T13:00:00+02:00
600;Marginal price Day Ahead market Spain;3;Spain;-0.01;2025-08-30T14:00:00+02:00
600;Marginal price Day Ahead market Spain;3;Spain;0;2025-08-30T15:00:00+02:00
600;Marginal price Day Ahead market Spain;3;Spain;0;2025-08-30T16:00:00+02:00
600;Marginal price Day Ahead market Spain;3;Spain;0;2025-08-30T17:00:00+02:00
600;Marginal price Day Ahead market Spain;3;Spain;8.16;2025-08-30T18:00:00+02:00
600;Marginal price Day Ahead market Spain;3;Spain;57.97;2025-08-30T19:00:00+02:00
600;Marginal price Day Ahead market Spain;3;Spain;89.93;2025-08-30T20:00:00+02:00
600;Marginal price Day Ahead market Spain;3;Spain;107.12;2025-08-30T21:00:00+02:00
600;Marginal price Day Ahead market Spain;3;Spain;101.12;2025-08-30T22:00:00+02:00
600;Marginal price Day Ahead market Spain;3;Spain;95;2025-08-30T23:00:00+02:00
600;Marginal price Day Ahead market Spain;3;Spain;81.06;2025-08-31T00:00:00+02:00
600;Marginal price Day Ahead market Spain;3;Spain;75.4;2025-08-31T01:00:00+02:00
600;Marginal price Day Ahead market Spain;3;Spain;70.5;2025-08-31T02:00:00+02:00
600;Marginal price Day Ahead market Spain;3;Spain;67;2025-08-31T03:00:00+02:00
600;Marginal price Day Ahead market Spain;3;Spain;70.12;2025-08-31T04:00:00+02:00
600;Marginal price Day Ahead market Spain;3;Spain;70.12;2025-08-31T05:00:00+02:00
600;Marginal price Day Ahead market Spain;3;Spain;70.12;2025-08-31T06:00:00+02:00
600;Marginal price Day Ahead market Spain;3;Spain;75.4;2025-08-31T07:00:00+02:00
600;Marginal price Day Ahead market Spain;3;Spain;45;2025-08-31T08:00:00+02:00
600;Marginal price Day Ahead market Spain;3;Spain;3.6;2025-08-31T09:00:00+02:00
600;Marginal price Day Ahead market Spain;3;Spain;0;2025-08-31T10:00:00+02:00
600;Marginal price Day Ahead market Spain;3;Spain;-0.01;2025-08-31T11:00:00+02:00
600;Marginal price Day Ahead market Spain;3;Spain;-0.08;2025-08-31T12:00:00+02:00
600;Marginal price Day Ahead market Spain;3;Spain;-0.95;2025-08-31T13:00:00+02:00
600;Marginal price Day Ahead market Spain;3;Spain;-0.6;2025-08-31T14:00:00+02:00
600;Marginal price Day Ahead market Spain;3;Spain;-0.62;2025-08-31T15:00:00+02:00
600;Marginal price Day Ahead market Spain;3;Spain;-0.98;2025-08-31T16:00:00+02:00
600;Marginal price Day Ahead market Spain;3;Spain;-0.27;2025-08-31T17:00:00+02:00
600;Marginal price Day Ahead market Spain;3;Spain;0;2025-08-31T18:00:00+02:00
600;Marginal price Day Ahead market Spain;3;Spain;3.52;2025-08-31T19:00:00+02:00
600;Marginal price Day Ahead market Spain;3;Spain;59.55;2025-08-31T20:00:00+02:00
600;Marginal price Day Ahead market Spain;3;Spain;73.88;2025-08-31T21:00:00+02:00
600;Marginal price Day Ahead market Spain;3;Spain;71.4;2025-08-31T22:00:00+02:00
600;Marginal price Day Ahead market Spain;3;Spain;62;2025-08-31T23:00:00+02:00
600;Marginal price Day Ahead market Spain;3;Spain;35.79;2025-09-01T00:00:00+02:00
600;Marginal price Day Ahead market Spain;3;Spain;18.07;2025-09-01T01:00:00+02:00
600;Marginal price Day Ahead market Spain;3;Spain;22.34;2025-09-01T02:00:00+02:00
600;Marginal price Day Ahead market Spain;3;Spain;17.64;2025-09-01T03:00:00+02:00
600;Marginal price Day Ahead market Spain;3;Spain;15;2025-09-01T04:00:00+02:00
600;Marginal price Day Ahead market Spain;3;Spain;25.21;2025-09-01T05:00:00+02:00
600;Marginal price Day Ahead market Spain;3;Spain;33.23;2025-09-01T06:00:00+02:00
600;Marginal price Day Ahead market Spain;3;Spain;53.18;2025-09-01T07:00:00+02:00
600;Marginal price Day Ahead market Spain;3;Spain;64;2025-09-01T08:00:00+02:00
600;Marginal price Day Ahead market Spain;3;Spain;35.79;2025-09-01T09:00:00+02:00
600;Marginal price Day Ahead market Spain;3;Spain;3.52;2025-09-01T10:00:00+02:00
600;Marginal price Day Ahead market Spain;3;Spain;0;2025-09-01T11:00:00+02:00
600;Marginal price Day Ahead market Spain;3;Spain;0;2025-09-01T12:00:00+02:00
600;Marginal price Day Ahead market Spain;3;Spain;0;2025-09-01T13:00:00+02:00
600;Marginal price Day Ahead market Spain;3;Spain;0;2025-09-01T14:00:00+02:00
600;Marginal price Day Ahead market Spain;3;Spain;0;2025-09-01T15:00:00+02:00
600;Marginal price Day Ahead market Spain;3;Spain;0;2025-09-01T16:00:00+02:00
600;Marginal price Day Ahead market Spain;3;Spain;0;2025-09-01T17:00:00+02:00
600;Marginal price Day Ahead market Spain;3;Spain;3.52;2025-09-01T18:00:00+02:00
600;Marginal price Day Ahead market Spain;3;Spain;55;2025-09-01T19:00:00+02:00
600;Marginal price Day Ahead market Spain;3;Spain;80;2025-09-01T20:00:00+02:00
600;Marginal price Day Ahead market Spain;3;Spain;100.01;2025-09-01T21:00:00+02:00
600;Marginal price Day Ahead market Spain;3;Spain;92.8;2025-09-01T22:00:00+02:00
600;Marginal price Day Ahead market Spain;3;Spain;80;2025-09-01T23:00:00+02:00
600;Marginal price Day Ahead market Spain;3;Spain;100.86;2025-09-02T00:00:00+02:00
600;Marginal price Day Ahead market Spain;3;Spain;95;2025-09-02T01:00:00+02:00
600;Marginal price Day Ahead market Spain;3;Spain;87.2;2025-09-02T02:00:00+02:00
600;Marginal price Day Ahead market Spain;3;Spain;81.88;2025-09-02T03:00:00+02:00
600;Marginal price Day Ahead market Spain;3;Spain;80.3;2025-09-02T04:00:00+02:00
600;Marginal price Day Ahead market Spain;3;Spain;80.3;2025-09-02T05:00:00+02:00
600;Marginal price Day Ahead market Spain;3;Spain;81.55;2025-09-02T06:00:00+02:00
600;Marginal price Day Ahead market Spain;3;Spain;95.15;2025-09-02T07:00:00+02:00
600;Marginal price Day Ahead market Spain;3;Spain;87.2;2025-09-02T08:00:00+02:00
600;Marginal price Day Ahead market Spain;3;Spain;39;2025-09-02T09:00:00+02:00
600;Marginal price Day Ahead market Spain;3;Spain;7.96;2025-09-02T10:00:00+02:00
600;Marginal price Day Ahead market Spain;3;Spain;1.2;2025-09-02T11:00:00+02:00
600;Marginal price Day Ahead market Spain;3;Spain;1.5;2025-09-02T12:00:00+02:00
600;Marginal price Day Ahead market Spain;3;Spain;0.65;2025-09-02T13:00:00+02:00
600;Marginal price Day Ahead market Spain;3;Spain;0.21;2025-09-02T14:00:00+02:00
600;Marginal price Day Ahead market Spain;3;Spain;1.5;2025-09-02T15:00:00+02:00
600;Marginal price Day Ahead market Spain;3;Spain;3.52;2025-09-02T16:00:00+02:00
600;Marginal price Day Ahead market Spain;3;Spain;14;2025-09-02T17:00:00+02:00
600;Marginal price Day Ahead market Spain;3;Spain;32.89;2025-09-02T18:00:00+02:00
600;Marginal price Day Ahead market Spain;3;Spain;84;2025-09-02T19:00:00+02:00
600;Marginal price Day Ahead market Spain;3;Spain;109.52;2025-09-02T20:00:00+02:00
600;Marginal price Day Ahead market Spain;3;Spain;160;2025-09-02T21:00:00+02:00
600;Marginal price Day Ahead market Spain;3;Spain;116.72;2025-09-02T22:00:00+02:00
600;Marginal price Day Ahead market Spain;3;Spain;104.22;2025-09-02T23:00:00+02:00
600;Marginal price Day Ahead market Spain;3;Spain;105.23;2025-09-03T00:00:00+02:00
600;Marginal price Day Ahead market Spain;3;Spain;95;2025-09-03T01:00:00+02:00
600;Marginal price Day Ahead market Spain;3;Spain;85;2025-09-03T02:00:00+02:00
600;Marginal price Day Ahead market Spain;3;Spain;80.5;2025-09-03T03:00:00+02:00
600;Marginal price Day Ahead market Spain;3;Spain;76.05;2025-09-03T04:00:00+02:00
600;Marginal price Day Ahead market Spain;3;Spain;76.05;2025-09-03T05:00:00+02:00
600;Marginal price Day Ahead market Spain;3;Spain;83.22;2025-09-03T06:00:00+02:00
600;Marginal price Day Ahead market Spain;3;Spain;93;2025-09-03T07:00:00+02:00
600;Marginal price Day Ahead market Spain;3;Spain;83.22;2025-09-03T08:00:00+02:00
600;Marginal price Day Ahead market Spain;3;Spain;17.5;2025-09-03T09:00:00+02:00
600;Marginal price Day Ahead market Spain;3;Spain;0;2025-09-03T10:00:00+02:00
600;Marginal price Day Ahead market Spain;3;Spain;-0.01;2025-09-03T11:00:00+02:00
600;Marginal price Day Ahead market Spain;3;Spain;-0.01;2025-09-03T12:00:00+02:00
600;Marginal price Day Ahead market Spain;3;Spain;-0.02;2025-09-03T13:00:00+02:00
600;Marginal price Day Ahead market Spain;3;Spain;-0.02;2025-09-03T14:00:00+02:00
600;Marginal price Day Ahead market Spain;3;Spain;-0.01;2025-09-03T15:00:00+02:00
600;Marginal price Day Ahead market Spain;3;Spain;-0.01;2025-09-03T16:00:00+02:00
600;Marginal price Day Ahead market Spain;3;Spain;0;2025-09-03T17:00:00+02:00
600;Marginal price Day Ahead market Spain;3;Spain;12.85;2025-09-03T18:00:00+02:00
600;Marginal price Day Ahead market Spain;3;Spain;70;2025-09-03T19:00:00+02:00
600;Marginal price Day Ahead market Spain;3;Spain;103.13;2025-09-03T20:00:00+02:00
600;Marginal price Day Ahead market Spain;3;Spain;133.45;2025-09-03T21:00:00+02:00
600;Marginal price Day Ahead market Spain;3;Spain;107.43;2025-09-03T22:00:00+02:00
600;Marginal price Day Ahead market Spain;3;Spain;100.86;2025-09-03T23:00:00+02:00
600;Marginal price Day Ahead market Spain;3;Spain;91.24;2025-09-04T00:00:00+02:00
600;Marginal price Day Ahead market Spain;3;Spain;85;2025-09-04T01:00:00+02:00
600;Marginal price Day Ahead market Spain;3;Spain;79.91;2025-09-04T02:00:00+02:00
600;Marginal price Day Ahead market Spain;3;Spain;72.27;2025-09-04T03:00:00+02:00
600;Marginal price Day Ahead market Spain;3;Spain;70;2025-09-04T04:00:00+02:00
600;Marginal price Day Ahead market Spain;3;Spain;70.7;2025-09-04T05:00:00+02:00
600;Marginal price Day Ahead market Spain;3;Spain;81.02;2025-09-04T06:00:00+02:00
600;Marginal price Day Ahead market Spain;3;Spain;103.55;2025-09-04T07:00:00+02:00
600;Marginal price Day Ahead market Spain;3;Spain;93.53;2025-09-04T08:00:00+02:00
600;Marginal price Day Ahead market Spain;3;Spain;50;2025-09-04T09:00:00+02:00
600;Marginal price Day Ahead market Spain;3;Spain;18.07;2025-09-04T10:00:00+02:00
600;Marginal price Day Ahead market Spain;3;Spain;5.79;2025-09-04T11:00:00+02:00
600;Marginal price Day Ahead market Spain;3;Spain;3.2;2025-09-04T12:00:00+02:00
600;Marginal price Day Ahead market Spain;3;Spain;1.72;2025-09-04T13:00:00+02:00
600;Marginal price Day Ahead market Spain;3;Spain;1.6;2025-09-04T14:00:00+02:00
600;Marginal price Day Ahead market Spain;3;Spain;1.55;2025-09-04T15:00:00+02:00
600;Marginal price Day Ahead market Spain;3;Spain;3.7;2025-09-04T16:00:00+02:00
600;Marginal price Day Ahead market Spain;3;Spain;7.01;2025-09-04T17:00:00+02:00
600;Marginal price Day Ahead market Spain;3;Spain;28.19;2025-09-04T18:00:00+02:00
600;Marginal price Day Ahead market Spain;3;Spain;66.04;2025-09-04T19:00:00+02:00
600;Marginal price Day Ahead market Spain;3;Spain;102.5;2025-09-04T20:00:00+02:00
600;Marginal price Day Ahead market Spain;3;Spain;112.99;2025-09-04T21:00:00+02:00
600;Marginal price Day Ahead market Spain;3;Spain;100.45;2025-09-04T22:00:00+02:00
600;Marginal price Day Ahead market Spain;3;Spain;85.5;2025-09-04T23:00:00+02:00
600;Marginal price Day Ahead market Spain;3;Spain;89.25;2025-09-05T00:00:00+02:00
600;Marginal price Day Ahead market Spain;3;Spain;79.02;2025-09-05T01:00:00+02:00
600;Marginal price Day Ahead market Spain;3;Spain;65;2025-09-05T02:00:00+02:00
600;Marginal price Day Ahead market Spain;3;Spain;60;2025-09-05T03:00:00+02:00
600;Marginal price Day Ahead market Spain;3;Spain;53.31;2025-09-05T04:00:00+02:00
600;Marginal price Day Ahead market Spain;3;Spain;60;2025-09-05T05:00:00+02:00
600;Marginal price Day Ahead market Spain;3;Spain;76.79;2025-09-05T06:00:00+02:00
600;Marginal price Day Ahead market Spain;3;Spain;89.99;2025-09-05T07:00:00+02:00
600;Marginal price Day Ahead market Spain;3;Spain;88.22;2025-09-05T08:00:00+02:00
600;Marginal price Day Ahead market Spain;3;Spain;79.1;2025-09-05T09:00:00+02:00
600;Marginal price Day Ahead market Spain;3;Spain;35;2025-09-05T10:00:00+02:00
600;Marginal price Day Ahead market Spain;3;Spain;10;2025-09-05T11:00:00+02:00
600;Marginal price Day Ahead market Spain;3;Spain;3.52;2025-09-05T12:00:00+02:00
600;Marginal price Day Ahead market Spain;3;Spain;3.52;2025-09-05T13:00:00+02:00
600;Marginal price Day Ahead market Spain;3;Spain;1.03;2025-09-05T14:00:00+02:00
600;Marginal price Day Ahead market Spain;3;Spain;0.65;2025-09-05T15:00:00+02:00
600;Marginal price Day Ahead market Spain;3;Spain;0.85;2025-09-05T16:00:00+02:00
600;Marginal price Day Ahead market Spain;3;Spain;3.52;2025-09-05T17:00:00+02:00
600;Marginal price Day Ahead market Spain;3;Spain;45.23;2025-09-05T18:00:00+02:00
600;Marginal price Day Ahead market Spain;3;Spain;89.25;2025-09-05T19:00:00+02:00
600;Marginal price Day Ahead market Spain;3;Spain;103.97;2025-09-05T20:00:00+02:00
600;Marginal price Day Ahead market Spain;3;Spain;107.1;2025-09-05T21:00:00+02:00
600;Marginal price Day Ahead market Spain;3;Spain;95;2025-09-05T22:00:00+02:00
600;Marginal price Day Ahead market Spain;3;Spain;88.38;2025-09-05T23:00:00+02:00
600;Marginal price Day Ahead market Spain;3;Spain;74.64;2025-09-06T00:00:00+02:00
600;Marginal price Day Ahead market Spain;3;Spain;58.78;2025-09-06T01:00:00+02:00
600;Marginal price Day Ahead market Spain;3;Spain;48.71;2025-09-06T02:00:00+02:00
600;Marginal price Day Ahead market Spain;3;Spain;39.9;2025-09-06T03:00:00+02:00
600;Marginal price Day Ahead market Spain;3;Spain;34.8;2025-09-06T04:00:00+02:00
600;Marginal price Day Ahead market Spain;3;Spain;33.46;2025-09-06T05:00:00+02:00
600;Marginal price Day Ahead market Spain;3;Spain;35;2025-09-06T06:00:00+02:00
600;Marginal price Day Ahead market Spain;3;Spain;42;2025-09-06T07:00:00+02:00
600;Marginal price Day Ahead market Spain;3;Spain;34.9;2025-09-06T08:00:00+02:00
600;Marginal price Day Ahead market Spain;3;Spain;15.23;2025-09-06T09:00:00+02:00
600;Marginal price Day Ahead market Spain;3;Spain;1.72;2025-09-06T10:00:00+02:00
600;Marginal price Day Ahead market Spain;3;Spain;0;2025-09-06T11:00:00+02:00
600;Marginal price Day Ahead market Spain;3;Spain;-0.02;2025-09-06T12:00:00+02:00
600;Marginal price Day Ahead market Spain;3;Spain;-0.86;2025-09-06T13:00:00+02:00
600;Marginal price Day Ahead market Spain;3;Spain;-0.99;2025-09-06T14:00:00+02:00
600;Marginal price Day Ahead market Spain;3;Spain;-0.16;2025-09-06T15:00:00+02:00
600;Marginal price Day Ahead market Spain;3;Spain;-0.02;2025-09-06T16:00:00+02:00
600;Marginal price Day Ahead market Spain;3;Spain;0;2025-09-06T17:00:00+02:00
600;Marginal price Day Ahead market Spain;3;Spain;0;2025-09-06T18:00:00+02:00
600;Marginal price Day Ahead market Spain;3;Spain;24.37;2025-09-06T19:00:00+02:00
600;Marginal price Day Ahead market Spain;3;Spain;42;2025-09-06T20:00:00+02:00
600;Marginal price Day Ahead market Spain;3;Spain;58.54;2025-09-06T21:00:00+02:00
600;Marginal price Day Ahead market Spain;3;Spain;55.44;2025-09-06T22:00:00+02:00
600;Marginal price Day Ahead market Spain;3;Spain;39.5;2025-09-06T23:00:00+02:00
600;Marginal price Day Ahead market Spain;3;Spain;23;2025-09-07T00:00:00+02:00
600;Marginal price Day Ahead market Spain;3;Spain;14;2025-09-07T01:00:00+02:00
600;Marginal price Day Ahead market Spain;3;Spain;25.15;2025-09-07T02:00:00+02:00
600;Marginal price Day Ahead market Spain;3;Spain;21;2025-09-07T03:00:00+02:00
600;Marginal price Day Ahead market Spain;3;Spain;18.32;2025-09-07T04:00:00+02:00
600;Marginal price Day Ahead market Spain;3;Spain;26.28;2025-09-07T05:00:00+02:00
600;Marginal price Day Ahead market Spain;3;Spain;14;2025-09-07T06:00:00+02:00
600;Marginal price Day Ahead market Spain;3;Spain;19.99;2025-09-07T07:00:00+02:00
600;Marginal price Day Ahead market Spain;3;Spain;26.5;2025-09-07T08:00:00+02:00
600;Marginal price Day Ahead market Spain;3;Spain;25.3;2025-09-07T09:00:00+02:00
600;Marginal price Day Ahead market Spain;3;Spain;4.96;2025-09-07T10:00:00+02:00
600;Marginal price Day Ahead market Spain;3;Spain;0.66;2025-09-07T11:00:00+02:00
600;Marginal price Day Ahead market Spain;3;Spain;0;2025-09-07T12:00:00+02:00
600;Marginal price Day Ahead market Spain;3;Spain;0.01;2025-09-07T13:00:00+02:00
600;Marginal price Day Ahead market Spain;3;Spain;0.16;2025-09-07T14:00:00+02:00
600;Marginal price Day Ahead market Spain;3;Spain;0;2025-09-07T15:00:00+02:00
600;Marginal price Day Ahead market Spain;3;Spain;0.65;2025-09-07T16:00:00+02:00
600;Marginal price Day Ahead market Spain;3;Spain;6.08;2025-09-07T17:00:00+02:00
600;Marginal price Day Ahead market Spain;3;Spain;47.5;2025-09-07T18:00:00+02:00
600;Marginal price Day Ahead market Spain;3;Spain;79.02;2025-09-07T19:00:00+02:00
600;Marginal price Day Ahead market Spain;3;Spain;98.21;2025-09-07T20:00:00+02:00
600;Marginal price Day Ahead market Spain;3;Spain;111.56;2025-09-07T21:00:00+02:00
600;Marginal price Day Ahead market Spain;3;Spain;104.9;2025-09-07T22:00:00+02:00
600;Marginal price Day Ahead market Spain;3;Spain;97;2025-09-07T23:00:00+02:00
600;Marginal price Day Ahead market Spain;3;Spain;104.5;2025-09-08T00:00:00+02:00
600;Marginal price Day Ahead market Spain;3;Spain;94.5;2025-09-08T01:00:00+02:00
600;Marginal price Day Ahead market Spain;3;Spain;91.54;2025-09-08T02:00:00+02:00
600;Marginal price Day Ahead market Spain;3;Spain;85.52;2025-09-08T03:00:00+02:00
600;Marginal price Day Ahead market Spain;3;Spain;80.94;2025-09-08T04:00:00+02:00
600;Marginal price Day Ahead market Spain;3;Spain;81.97;2025-09-08T05:00:00+02:00
600;Marginal price Day Ahead market Spain;3;Spain;92.02;2025-09-08T06:00:00+02:00
600;Marginal price Day Ahead market Spain;3;Spain;104.45;2025-09-08T07:00:00+02:00
600;Marginal price Day Ahead market Spain;3;Spain;108.36;2025-09-08T08:00:00+02:00
600;Marginal price Day Ahead market Spain;3;Spain;98.21;2025-09-08T09:00:00+02:00
600;Marginal price Day Ahead market Spain;3;Spain;85.83;2025-09-08T10:00:00+02:00
600;Marginal price Day Ahead market Spain;3;Spain;63;2025-09-08T11:00:00+02:00
600;Marginal price Day Ahead market Spain;3;Spain;52.01;2025-09-08T12:00:00+02:00
600;Marginal price Day Ahead market Spain;3;Spain;38.56;2025-09-08T13:00:00+02:00
600;Marginal price Day Ahead market Spain;3;Spain;27.2;2025-09-08T14:00:00+02:00
600;Marginal price Day Ahead market Spain;3;Spain;27.08;2025-09-08T15:00:00+02:00
600;Marginal price Day Ahead market Spain;3;Spain;27.2;2025-09-08T16:00:00+02:00
600;Marginal price Day Ahead market Spain;3;Spain;48.64;2025-09-08T17:00:00+02:00
600;Marginal price Day Ahead market Spain;3;Spain;73.08;2025-09-08T18:00:00+02:00
600;Marginal price Day Ahead market Spain;3;Spain;91.15;2025-09-08T19:00:00+02:00
600;Marginal price Day Ahead market Spain;3;Spain;98.21;2025-09-08T20:00:00+02:00
600;Marginal price Day Ahead market Spain;3;Spain;95.26;2025-09-08T21:00:00+02:00
600;Marginal price Day Ahead market Spain;3;Spain;90.51;2025-09-08T22:00:00+02:00
600;Marginal price Day Ahead market Spain;3;Spain;73.08;2025-09-08T23:00:00+02:00
600;Marginal price Day Ahead market Spain;3;Spain;63.33;2025-09-09T00:00:00+02:00
600;Marginal price Day Ahead market Spain;3;Spain;63.33;2025-09-09T01:00:00+02:00
600;Marginal price Day Ahead market Spain;3;Spain;61.51;2025-09-09T02:00:00+02:00
600;Marginal price Day Ahead market Spain;3;Spain;61.51;2025-09-09T03:00:00+02:00
600;Marginal price Day Ahead market Spain;3;Spain;61.51;2025-09-09T04:00:00+02:00
600;Marginal price Day Ahead market Spain;3;Spain;69.45;2025-09-09T05:00:00+02:00
600;Marginal price Day Ahead market Spain;3;Spain;83.09;2025-09-09T06:00:00+02:00
600;Marginal price Day Ahead market Spain;3;Spain;96.1;2025-09-09T07:00:00+02:00
600;Marginal price Day Ahead market Spain;3;Spain;96.44;2025-09-09T08:00:00+02:00
600;Marginal price Day Ahead market Spain;3;Spain;80.71;2025-09-09T09:00:00+02:00
600;Marginal price Day Ahead market Spain;3;Spain;54.93;2025-09-09T10:00:00+02:00
600;Marginal price Day Ahead market Spain;3;Spain;30.22;2025-09-09T11:00:00+02:00
600;Marginal price Day Ahead market Spain;3;Spain;26;2025-09-09T12:00:00+02:00
600;Marginal price Day Ahead market Spain;3;Spain;19.25;2025-09-09T13:00:00+02:00
600;Marginal price Day Ahead market Spain;3;Spain;17.19;2025-09-09T14:00:00+02:00
600;Marginal price Day Ahead market Spain;3;Spain;8.91;2025-09-09T15:00:00+02:00
600;Marginal price Day Ahead market Spain;3;Spain;16.57;2025-09-09T16:00:00+02:00
600;Marginal price Day Ahead market Spain;3;Spain;30;2025-09-09T17:00:00+02:00
600;Marginal price Day Ahead market Spain;3;Spain;56;2025-09-09T18:00:00+02:00
600;Marginal price Day Ahead market Spain;3;Spain;90;2025-09-09T19:00:00+02:00
600;Marginal price Day Ahead market Spain;3;Spain;111.37;2025-09-09T20:00:00+02:00
600;Marginal price Day Ahead market Spain;3;Spain;120;2025-09-09T21:00:00+02:00
600;Marginal price Day Ahead market Spain;3;Spain;110;2025-09-09T22:00:00+02:00
600;Marginal price Day Ahead market Spain;3;Spain;98.07;2025-09-09T23:00:00+02:00
600;Marginal price Day Ahead market Spain;3;Spain;89.94;2025-09-10T00:00:00+02:00
600;Marginal price Day Ahead market Spain;3;Spain;83.09;2025-09-10T01:00:00+02:00
600;Marginal price Day Ahead market Spain;3;Spain;83.09;2025-09-10T02:00:00+02:00
600;Marginal price Day Ahead market Spain;3;Spain;81.1;2025-09-10T03:00:00+02:00
600;Marginal price Day Ahead market Spain;3;Spain;72.99;2025-09-10T04:00:00+02:00
600;Marginal price Day Ahead market Spain;3;Spain;66;2025-09-10T05:00:00+02:00
600;Marginal price Day Ahead market Spain;3;Spain;77.5;2025-09-10T06:00:00+02:00
600;Marginal price Day Ahead market Spain;3;Spain;84.26;2025-09-10T07:00:00+02:00
600;Marginal price Day Ahead market Spain;3;Spain;75.99;2025-09-10T08:00:00+02:00
600;Marginal price Day Ahead market Spain;3;Spain;45.1;2025-09-10T09:00:00+02:00
600;Marginal price Day Ahead market Spain;3;Spain;8;2025-09-10T10:00:00+02:00
600;Marginal price Day Ahead market Spain;3;Spain;0;2025-09-10T11:00:00+02:00
600;Marginal price Day Ahead market Spain;3;Spain;0;2025-09-10T12:00:00+02:00
600;Marginal price Day Ahead market Spain;3;Spain;-0.01;2025-09-10T13:00:00+02:00
600;Marginal price Day Ahead market Spain;3;Spain;-0.01;2025-09-10T14:00:00+02:00
600;Marginal price Day Ahead market Spain;3;Spain;-0.01;2025-09-10T15:00:00+02:00
600;Marginal price Day Ahead market Spain;3;Spain;-0.01;2025-09-10T16:00:00+02:00
600;Marginal price Day Ahead market Spain;3;Spain;4.9;2025-09-10T17:00:00+02:00
600;Marginal price Day Ahead market Spain;3;Spain;23.09;2025-09-10T18:00:00+02:00
600;Marginal price Day Ahead market Spain;3;Spain;62.17;2025-09-10T19:00:00+02:00
600;Marginal price Day Ahead market Spain;3;Spain;96;2025-09-10T20:00:00+02:00
600;Marginal price Day Ahead market Spain;3;Spain;105.01;2025-09-10T21:00:00+02:00
600;Marginal price Day Ahead market Spain;3;Spain;96.26;2025-09-10T22:00:00+02:00
600;Marginal price Day Ahead market Spain;3;Spain;83.09;2025-09-10T23:00:00+02:00
600;Marginal price Day Ahead market Spain;3;Spain;85;2025-09-11T00:00:00+02:00
600;Marginal price Day Ahead market Spain;3;Spain;78.35;2025-09-11T01:00:00+02:00
600;Marginal price Day Ahead market Spain;3;Spain;67.3;2025-09-11T02:00:00+02:00
600;Marginal price Day Ahead market Spain;3;Spain;67.3;2025-09-11T03:00:00+02:00
600;Marginal price Day Ahead market Spain;3;Spain;70;2025-09-11T04:00:00+02:00
600;Marginal price Day Ahead market Spain;3;Spain;74;2025-09-11T05:00:00+02:00
600;Marginal price Day Ahead market Spain;3;Spain;78.84;2025-09-11T06:00:00+02:00
600;Marginal price Day Ahead market Spain;3;Spain;98.3;2025-09-11T07:00:00+02:00
600;Marginal price Day Ahead market Spain;3;Spain;88.07;2025-09-11T08:00:00+02:00
600;Marginal price Day Ahead market Spain;3;Spain;45.1;2025-09-11T09:00:00+02:00
600;Marginal price Day Ahead market Spain;3;Spain;0.03;2025-09-11T10:00:00+02:00
600;Marginal price Day Ahead market Spain;3;Spain;-0.01;2025-09-11T11:00:00+02:00
600;Marginal price Day Ahead market Spain;3;Spain;-0.01;2025-09-11T12:00:00+02:00
600;Marginal price Day Ahead market Spain;3;Spain;-0.01;2025-09-11T13:00:00+02:00
600;Marginal price Day Ahead market Spain;3;Spain;-0.01;2025-09-11T14:00:00+02:00
600;Marginal price Day Ahead market Spain;3;Spain;-0.01;2025-09-11T15:00:00+02:00
600;Marginal price Day Ahead market Spain;3;Spain;-0.01;2025-09-11T16:00:00+02:00
600;Marginal price Day Ahead market Spain;3;Spain;0;2025-09-11T17:00:00+02:00
600;Marginal price Day Ahead market Spain;3;Spain;7.05;2025-09-11T18:00:00+02:00
600;Marginal price Day Ahead market Spain;3;Spain;88.12;2025-09-11T19:00:00+02:00
600;Marginal price Day Ahead market Spain;3;Spain;106.3;2025-09-11T20:00:00+02:00
600;Marginal price Day Ahead market Spain;3;Spain;140;2025-09-11T21:00:00+02:00
600;Marginal price Day Ahead market Spain;3;Spain;111.82;2025-09-11T22:00:00+02:00
600;Marginal price Day Ahead market Spain;3;Spain;100.44;2025-09-11T23:00:00+02:00
600;Marginal price Day Ahead market Spain;3;Spain;105;2025-09-12T00:00:00+02:00
600;Marginal price Day Ahead market Spain;3;Spain;95.03;2025-09-12T01:00:00+02:00
600;Marginal price Day Ahead market Spain;3;Spain;93.8;2025-09-12T02:00:00+02:00
600;Marginal price Day Ahead market Spain;3;Spain;93.02;2025-09-12T03:00:00+02:00
600;Marginal price Day Ahead market Spain;3;Spain;93.02;2025-09-12T04:00:00+02:00
600;Marginal price Day Ahead market Spain;3;Spain;95.03;2025-09-12T05:00:00+02:00
600;Marginal price Day Ahead market Spain;3;Spain;105.98;2025-09-12T06:00:00+02:00
600;Marginal price Day Ahead market Spain;3;Spain;143.15;2025-09-12T07:00:00+02:00
600;Marginal price Day Ahead market Spain;3;Spain;115.35;2025-09-12T08:00:00+02:00
600;Marginal price Day Ahead market Spain;3;Spain;93.84;2025-09-12T09:00:00+02:00
600;Marginal price Day Ahead market Spain;3;Spain;60.97;2025-09-12T10:00:00+02:00
600;Marginal price Day Ahead market Spain;3;Spain;19.57;2025-09-12T11:00:00+02:00
600;Marginal price Day Ahead market Spain;3;Spain;4.5;2025-09-12T12:00:00+02:00
600;Marginal price Day Ahead market Spain;3;Spain;2.5;2025-09-12T13:00:00+02:00
600;Marginal price Day Ahead market Spain;3;Spain;1.5;2025-09-12T14:00:00+02:00
600;Marginal price Day Ahead market Spain;3;Spain;0.75;2025-09-12T15:00:00+02:00
600;Marginal price Day Ahead market Spain;3;Spain;3.52;2025-09-12T16:00:00+02:00
600;Marginal price Day Ahead market Spain;3;Spain;19.68;2025-09-12T17:00:00+02:00
600;Marginal price Day Ahead market Spain;3;Spain;46.8;2025-09-12T18:00:00+02:00
600;Marginal price Day Ahead market Spain;3;Spain;93.26;2025-09-12T19:00:00+02:00
600;Marginal price Day Ahead market Spain;3;Spain;123.45;2025-09-12T20:00:00+02:00
600;Marginal price Day Ahead market Spain;3;Spain;143.03;2025-09-12T21:00:00+02:00
600;Marginal price Day Ahead market Spain;3;Spain;105.01;2025-09-12T22:00:00+02:00
600;Marginal price Day Ahead market Spain;3;Spain;97.35;2025-09-12T23:00:00+02:00
600;Marginal price Day Ahead market Spain;3;Spain;102.3;2025-09-13T00:00:00+02:00
600;Marginal price Day Ahead market Spain;3;Spain;99.54;2025-09-13T01:00:00+02:00
600;Marginal price Day Ahead market Spain;3;Spain;97.96;2025-09-13T02:00:00+02:00
600;Marginal price Day Ahead market Spain;3;Spain;97.84;2025-09-13T03:00:00+02:00
600;Marginal price Day Ahead market Spain;3;Spain;96.68;2025-09-13T04:00:00+02:00
600;Marginal price Day Ahead market Spain;3;Spain;92;2025-09-13T05:00:00+02:00
600;Marginal price Day Ahead market Spain;3;Spain;94.98;2025-09-13T06:00:00+02:00
600;Marginal price Day Ahead market Spain;3;Spain;100.02;2025-09-13T07:00:00+02:00
600;Marginal price Day Ahead market Spain;3;Spain;99.78;2025-09-13T08:00:00+02:00
600;Marginal price Day Ahead market Spain;3;Spain;69.04;2025-09-13T09:00:00+02:00
600;Marginal price Day Ahead market Spain;3;Spain;9.62;2025-09-13T10:00:00+02:00
600;Marginal price Day Ahead market Spain;3;Spain;2.37;2025-09-13T11:00:00+02:00
600;Marginal price Day Ahead market Spain;3;Spain;0;2025-09-13T12:00:00+02:00
600;Marginal price Day Ahead market Spain;3;Spain;-0.01;2025-09-13T13:00:00+02:00
600;Marginal price Day Ahead market Spain;3;Spain;-0.01;2025-09-13T14:00:00+02:00
600;Marginal price Day Ahead market Spain;3;Spain;0;2025-09-13T15:00:00+02:00
600;Marginal price Day Ahead market Spain;3;Spain;0;2025-09-13T16:00:00+02:00
600;Marginal price Day Ahead market Spain;3;Spain;0.65;2025-09-13T17:00:00+02:00
600;Marginal price Day Ahead market Spain;3;Spain;14;2025-09-13T18:00:00+02:00
600;Marginal price Day Ahead market Spain;3;Spain;82.86;2025-09-13T19:00:00+02:00
600;Marginal price Day Ahead market Spain;3;Spain;100.13;2025-09-13T20:00:00+02:00
600;Marginal price Day Ahead market Spain;3;Spain;106.11;2025-09-13T21:00:00+02:00
600;Marginal price Day Ahead market Spain;3;Spain;99.3;2025-09-13T22:00:00+02:00
600;Marginal price Day Ahead market Spain;3;Spain;95.1;2025-09-13T23:00:00+02:00
600;Marginal price Day Ahead market Spain;3;Spain;75;2025-09-14T00:00:00+02:00
600;Marginal price Day Ahead market Spain;3;Spain;66.23;2025-09-14T01:00:00+02:00
600;Marginal price Day Ahead market Spain;3;Spain;65.29;2025-09-14T02:00:00+02:00
600;Marginal price Day Ahead market Spain;3;Spain;65.3;2025-09-14T03:00:00+02:00
600;Marginal price Day Ahead market Spain;3;Spain;65.81;2025-09-14T04:00:00+02:00
600;Marginal price Day Ahead market Spain;3;Spain;71.54;2025-09-14T05:00:00+02:00
600;Marginal price Day Ahead market Spain;3;Spain;71.54;2025-09-14T06:00:00+02:00
600;Marginal price Day Ahead market Spain;3;Spain;77.57;2025-09-14T07:00:00+02:00
600;Marginal price Day Ahead market Spain;3;Spain;66.23;2025-09-14T08:00:00+02:00
600;Marginal price Day Ahead market Spain;3;Spain;23.58;2025-09-14T09:00:00+02:00
600;Marginal price Day Ahead market Spain;3;Spain;5.01;2025-09-14T10:00:00+02:00
600;Marginal price Day Ahead market Spain;3;Spain;0;2025-09-14T11:00:00+02:00
600;Marginal price Day Ahead market Spain;3;Spain;0;2025-09-14T12:00:00+02:00
600;Marginal price Day Ahead market Spain;3;Spain;0;2025-09-14T13:00:00+02:00
600;Marginal price Day Ahead market Spain;3;Spain;-0.01;2025-09-14T14:00:00+02:00
600;Marginal price Day Ahead market Spain;3;Spain;0;2025-09-14T15:00:00+02:00
600;Marginal price Day Ahead market Spain;3;Spain;0;2025-09-14T16:00:00+02:00
600;Marginal price Day Ahead market Spain;3;Spain;1.1;2025-09-14T17:00:00+02:00
600;Marginal price Day Ahead market Spain;3;Spain;15.65;2025-09-14T18:00:00+02:00
600;Marginal price Day Ahead market Spain;3;Spain;67.3;2025-09-14T19:00:00+02:00
600;Marginal price Day Ahead market Spain;3;Spain;103.81;2025-09-14T20:00:00+02:00
600;Marginal price Day Ahead market Spain;3;Spain;126.13;2025-09-14T21:00:00+02:00
600;Marginal price Day Ahead market Spain;3;Spain;106.01;2025-09-14T22:00:00+02:00
600;Marginal price Day Ahead market Spain;3;Spain;99.84;2025-09-14T23:00:00+02:00
600;Marginal price Day Ahead market Spain;3;Spain;97.03;2025-09-15T00:00:00+02:00
600;Marginal price Day Ahead market Spain;3;Spain;94.95;2025-09-15T01:00:00+02:00
600;Marginal price Day Ahead market Spain;3;Spain;90;2025-09-15T02:00:00+02:00
600;Marginal price Day Ahead market Spain;3;Spain;89;2025-09-15T03:00:00+02:00
600;Marginal price Day Ahead market Spain;3;Spain;87.82;2025-09-15T04:00:00+02:00
600;Marginal price Day Ahead market Spain;3;Spain;94.17;2025-09-15T05:00:00+02:00
600;Marginal price Day Ahead market Spain;3;Spain;97.33;2025-09-15T06:00:00+02:00
600;Marginal price Day Ahead market Spain;3;Spain;120.83;2025-09-15T07:00:00+02:00
600;Marginal price Day Ahead market Spain;3;Spain;124;2025-09-15T08:00:00+02:00
600;Marginal price Day Ahead market Spain;3;Spain;84.2;2025-09-15T09:00:00+02:00
600;Marginal price Day Ahead market Spain;3;Spain;35.1;2025-09-15T10:00:00+02:00
600;Marginal price Day Ahead market Spain;3;Spain;7.63;2025-09-15T11:00:00+02:00
600;Marginal price Day Ahead market Spain;3;Spain;8;2025-09-15T12:00:00+02:00
600;Marginal price Day Ahead market Spain;3;Spain;4.5;2025-09-15T13:00:00+02:00
600;Marginal price Day Ahead market Spain;3;Spain;2.5;2025-09-15T14:00:00+02:00
600;Marginal price Day Ahead market Spain;3;Spain;3.52;2025-09-15T15:00:00+02:00
600;Marginal price Day Ahead market Spain;3;Spain;4.96;2025-09-15T16:00:00+02:00
600;Marginal price Day Ahead market Spain;3;Spain;16;2025-09-15T17:00:00+02:00
600;Marginal price Day Ahead market Spain;3;Spain;43.99;2025-09-15T18:00:00+02:00
600;Marginal price Day Ahead market Spain;3;Spain;94.17;2025-09-15T19:00:00+02:00
600;Marginal price Day Ahead market Spain;3;Spain;110;2025-09-15T20:00:00+02:00
600;Marginal price Day Ahead market Spain;3;Spain;110.96;2025-09-15T21:00:00+02:00
600;Marginal price Day Ahead market Spain;3;Spain;98.5;2025-09-15T22:00:00+02:00
600;Marginal price Day Ahead market Spain;3;Spain;85.97;2025-09-15T23:00:00+02:00
600;Marginal price Day Ahead market Spain;3;Spain;80.01;2025-09-16T00:00:00+02:00
600;Marginal price Day Ahead market Spain;3;Spain;77.99;2025-09-16T01:00:00+02:00
600;Marginal price Day Ahead market Spain;3;Spain;72.03;2025-09-16T02:00:00+02:00
600;Marginal price Day Ahead market Spain;3;Spain;73.35;2025-09-16T03:00:00+02:00
600;Marginal price Day Ahead market Spain;3;Spain;80;2025-09-16T04:00:00+02:00
600;Marginal price Day Ahead market Spain;3;Spain;84.2;2025-09-16T05:00:00+02:00
600;Marginal price Day Ahead market Spain;3;Spain;99.9;2025-09-16T06:00:00+02:00
600;Marginal price Day Ahead market Spain;3;Spain;111.87;2025-09-16T07:00:00+02:00
600;Marginal price Day Ahead market Spain;3;Spain;111.84;2025-09-16T08:00:00+02:00
600;Marginal price Day Ahead market Spain;3;Spain;93.89;2025-09-16T09:00:00+02:00
600;Marginal price Day Ahead market Spain;3;Spain;38.1;2025-09-16T10:00:00+02:00
600;Marginal price Day Ahead market Spain;3;Spain;15.2;2025-09-16T11:00:00+02:00
600;Marginal price Day Ahead market Spain;3;Spain;9.14;2025-09-16T12:00:00+02:00
600;Marginal price Day Ahead market Spain;3;Spain;9.14;2025-09-16T13:00:00+02:00
600;Marginal price Day Ahead market Spain;3;Spain;5.76;2025-09-16T14:00:00+02:00
600;Marginal price Day Ahead market Spain;3;Spain;3.52;2025-09-16T15:00:00+02:00
600;Marginal price Day Ahead market Spain;3;Spain;9.14;2025-09-16T16:00:00+02:00
600;Marginal price Day Ahead market Spain;3;Spain;38.14;2025-09-16T17:00:00+02:00
600;Marginal price Day Ahead market Spain;3;Spain;69.29;2025-09-16T18:00:00+02:00
600;Marginal price Day Ahead market Spain;3;Spain;109.03;2025-09-16T19:00:00+02:00
600;Marginal price Day Ahead market Spain;3;Spain;134.29;2025-09-16T20:00:00+02:00
600;Marginal price Day Ahead market Spain;3;Spain;198.95;2025-09-16T21:00:00+02:00
600;Marginal price Day Ahead market Spain;3;Spain;111.84;2025-09-16T22:00:00+02:00
600;Marginal price Day Ahead market Spain;3;Spain;104.5;2025-09-16T23:00:00+02:00
600;Marginal price Day Ahead market Spain;3;Spain;107.12;2025-09-17T00:00:00+02:00
600;Marginal price Day Ahead market Spain;3;Spain;104.78;2025-09-17T01:00:00+02:00
600;Marginal price Day Ahead market Spain;3;Spain;102.9;2025-09-17T02:00:00+02:00
600;Marginal price Day Ahead market Spain;3;Spain;99.91;2025-09-17T03:00:00+02:00
600;Marginal price Day Ahead market Spain;3;Spain;98.5;2025-09-17T04:00:00+02:00
600;Marginal price Day Ahead market Spain;3;Spain;102;2025-09-17T05:00:00+02:00
600;Marginal price Day Ahead market Spain;3;Spain;104.78;2025-09-17T06:00:00+02:00
600;Marginal price Day Ahead market Spain;3;Spain;118.56;2025-09-17T07:00:00+02:00
600;Marginal price Day Ahead market Spain;3;Spain;112.08;2025-09-17T08:00:00+02:00
600;Marginal price Day Ahead market Spain;3;Spain;95.05;2025-09-17T09:00:00+02:00
600;Marginal price Day Ahead market Spain;3;Spain;57.9;2025-09-17T10:00:00+02:00
600;Marginal price Day Ahead market Spain;3;Spain;37.6;2025-09-17T11:00:00+02:00
600;Marginal price Day Ahead market Spain;3;Spain;19.68;2025-09-17T12:00:00+02:00
600;Marginal price Day Ahead market Spain;3;Spain;19.57;2025-09-17T13:00:00+02:00
600;Marginal price Day Ahead market Spain;3;Spain;15.1;2025-09-17T14:00:00+02:00
600;Marginal price Day Ahead market Spain;3;Spain;16.4;2025-09-17T15:00:00+02:00
600;Marginal price Day Ahead market Spain;3;Spain;20.33;2025-09-17T16:00:00+02:00
600;Marginal price Day Ahead market Spain;3;Spain;50;2025-09-17T17:00:00+02:00
600;Marginal price Day Ahead market Spain;3;Spain;83.12;2025-09-17T18:00:00+02:00
600;Marginal price Day Ahead market Spain;3;Spain;111.76;2025-09-17T19:00:00+02:00
600;Marginal price Day Ahead market Spain;3;Spain;150;2025-09-17T20:00:00+02:00
600;Marginal price Day Ahead market Spain;3;Spain;215;2025-09-17T21:00:00+02:00
600;Marginal price Day Ahead market Spain;3;Spain;117.11;2025-09-17T22:00:00+02:00
600;Marginal price Day Ahead market Spain;3;Spain;104.99;2025-09-17T23:00:00+02:00
600;Marginal price Day Ahead market Spain;3;Spain;109.18;2025-09-18T00:00:00+02:00
600;Marginal price Day Ahead market Spain;3;Spain;105.26;2025-09-18T01:00:00+02:00
600;Marginal price Day Ahead market Spain;3;Spain;104.54;2025-09-18T02:00:00+02:00
600;Marginal price Day Ahead market Spain;3;Spain;104.78;2025-09-18T03:00:00+02:00
600;Marginal price Day Ahead market Spain;3;Spain;104.78;2025-09-18T04:00:00+02:00
600;Marginal price Day Ahead market Spain;3;Spain;105.26;2025-09-18T05:00:00+02:00
600;Marginal price Day Ahead market Spain;3;Spain;107.28;2025-09-18T06:00:00+02:00
600;Marginal price Day Ahead market Spain;3;Spain;126.55;2025-09-18T07:00:00+02:00
600;Marginal price Day Ahead market Spain;3;Spain;111.4;2025-09-18T08:00:00+02:00
600;Marginal price Day Ahead market Spain;3;Spain;104.26;2025-09-18T09:00:00+02:00
600;Marginal price Day Ahead market Spain;3;Spain;56.4;2025-09-18T10:00:00+02:00
600;Marginal price Day Ahead market Spain;3;Spain;60;2025-09-18T11:00:00+02:00
600;Marginal price Day Ahead market Spain;3;Spain;50.08;2025-09-18T12:00:00+02:00
600;Marginal price Day Ahead market Spain;3;Spain;50;2025-09-18T13:00:00+02:00
600;Marginal price Day Ahead market Spain;3;Spain;44.02;2025-09-18T14:00:00+02:00
600;Marginal price Day Ahead market Spain;3;Spain;44;2025-09-18T15:00:00+02:00
600;Marginal price Day Ahead market Spain;3;Spain;55;2025-09-18T16:00:00+02:00
600;Marginal price Day Ahead market Spain;3;Spain;66.3;2025-09-18T17:00:00+02:00
600;Marginal price Day Ahead market Spain;3;Spain;96.86;2025-09-18T18:00:00+02:00
600;Marginal price Day Ahead market Spain;3;Spain;124.7;2025-09-18T19:00:00+02:00
600;Marginal price Day Ahead market Spain;3;Spain;160;2025-09-18T20:00:00+02:00
600;Marginal price Day Ahead market Spain;3;Spain;200;2025-09-18T21:00:00+02:00
600;Marginal price Day Ahead market Spain;3;Spain;130;2025-09-18T22:00:00+02:00
600;Marginal price Day Ahead market Spain;3;Spain;107.65;2025-09-18T23:00:00+02:00
600;Marginal price Day Ahead market Spain;3;Spain;113.07;2025-09-19T00:00:00+02:00
600;Marginal price Day Ahead market Spain;3;Spain;110.91;2025-09-19T01:00:00+02:00
600;Marginal price Day Ahead market Spain;3;Spain;108.34;2025-09-19T02:00:00+02:00
600;Marginal price Day Ahead market Spain;3;Spain;108.26;2025-09-19T03:00:00+02:00
600;Marginal price Day Ahead market Spain;3;Spain;107.21;2025-09-19T04:00:00+02:00
600;Marginal price Day Ahead market Spain;3;Spain;108.26;2025-09-19T05:00:00+02:00
600;Marginal price Day Ahead market Spain;3;Spain;110.78;2025-09-19T06:00:00+02:00
600;Marginal price Day Ahead market Spain;3;Spain;120.42;2025-09-19T07:00:00+02:00
600;Marginal price Day Ahead market Spain;3;Spain;113.54;2025-09-19T08:00:00+02:00
600;Marginal price Day Ahead market Spain;3;Spain;106.68;2025-09-19T09:00:00+02:00
600;Marginal price Day Ahead market Spain;3;Spain;66.04;2025-09-19T10:00:00+02:00
600;Marginal price Day Ahead market Spain;3;Spain;52.14;2025-09-19T11:00:00+02:00
600;Marginal price Day Ahead market Spain;3;Spain;49;2025-09-19T12:00:00+02:00
600;Marginal price Day Ahead market Spain;3;Spain;45.1;2025-09-19T13:00:00+02:00
600;Marginal price Day Ahead market Spain;3;Spain;31.25;2025-09-19T14:00:00+02:00
600;Marginal price Day Ahead market Spain;3;Spain;32.61;2025-09-19T15:00:00+02:00
600;Marginal price Day Ahead market Spain;3;Spain;55;2025-09-19T16:00:00+02:00
600;Marginal price Day Ahead market Spain;3;Spain;65.87;2025-09-19T17:00:00+02:00
600;Marginal price Day Ahead market Spain;3;Spain;76;2025-09-19T18:00:00+02:00
600;Marginal price Day Ahead market Spain;3;Spain;108.14;2025-09-19T19:00:00+02:00
600;Marginal price Day Ahead market Spain;3;Spain;125.2;2025-09-19T20:00:00+02:00
600;Marginal price Day Ahead market Spain;3;Spain;125;2025-09-19T21:00:00+02:00
600;Marginal price Day Ahead market Spain;3;Spain;105.78;2025-09-19T22:00:00+02:00
600;Marginal price Day Ahead market Spain;3;Spain;104.68;2025-09-19T23:00:00+02:00
600;Marginal price Day Ahead market Spain;3;Spain;104.99;2025-09-20T00:00:00+02:00
600;Marginal price Day Ahead market Spain;3;Spain;99.89;2025-09-20T01:00:00+02:00
600;Marginal price Day Ahead market Spain;3;Spain;97;2025-09-20T02:00:00+02:00
600;Marginal price Day Ahead market Spain;3;Spain;93.8;2025-09-20T03:00:00+02:00
600;Marginal price Day Ahead market Spain;3;Spain;95.29;2025-09-20T04:00:00+02:00
600;Marginal price Day Ahead market Spain;3;Spain;95.15;2025-09-20T05:00:00+02:00
600;Marginal price Day Ahead market Spain;3;Spain;99.89;2025-09-20T06:00:00+02:00
600;Marginal price Day Ahead market Spain;3;Spain;101;2025-09-20T07:00:00+02:00
600;Marginal price Day Ahead market Spain;3;Spain;99.89;2025-09-20T08:00:00+02:00
600;Marginal price Day Ahead market Spain;3;Spain;65.6;2025-09-20T09:00:00+02:00
600;Marginal price Day Ahead market Spain;3;Spain;30;2025-09-20T10:00:00+02:00
600;Marginal price Day Ahead market Spain;3;Spain;3.94;2025-09-20T11:00:00+02:00
600;Marginal price Day Ahead market Spain;3;Spain;1.72;2025-09-20T12:00:00+02:00
600;Marginal price Day Ahead market Spain;3;Spain;0.65;2025-09-20T13:00:00+02:00
600;Marginal price Day Ahead market Spain;3;Spain;0.65;2025-09-20T14:00:00+02:00
600;Marginal price Day Ahead market Spain;3;Spain;0.65;2025-09-20T15:00:00+02:00
600;Marginal price Day Ahead market Spain;3;Spain;4.31;2025-09-20T16:00:00+02:00
600;Marginal price Day Ahead market Spain;3;Spain;15.43;2025-09-20T17:00:00+02:00
600;Marginal price Day Ahead market Spain;3;Spain;55.08;2025-09-20T18:00:00+02:00
600;Marginal price Day Ahead market Spain;3;Spain;93.56;2025-09-20T19:00:00+02:00
600;Marginal price Day Ahead market Spain;3;Spain;110.36;2025-09-20T20:00:00+02:00
600;Marginal price Day Ahead market Spain;3;Spain;110.91;2025-09-20T21:00:00+02:00
600;Marginal price Day Ahead market Spain;3;Spain;104.6;2025-09-20T22:00:00+02:00
600;Marginal price Day Ahead market Spain;3;Spain;101;2025-09-20T23:00:00+02:00
600;Marginal price Day Ahead market Spain;3;Spain;85.8;2025-09-21T00:00:00+02:00
600;Marginal price Day Ahead market Spain;3;Spain;82.85;2025-09-21T01:00:00+02:00
600;Marginal price Day Ahead market Spain;3;Spain;75.94;2025-09-21T02:00:00+02:00
600;Marginal price Day Ahead market Spain;3;Spain;79;2025-09-21T03:00:00+02:00
600;Marginal price Day Ahead market Spain;3;Spain;78.97;2025-09-21T04:00:00+02:00
600;Marginal price Day Ahead market Spain;3;Spain;75.35;2025-09-21T05:00:00+02:00
600;Marginal price Day Ahead market Spain;3;Spain;75.94;2025-09-21T06:00:00+02:00
600;Marginal price Day Ahead market Spain;3;Spain;85;2025-09-21T07:00:00+02:00
600;Marginal price Day Ahead market Spain;3;Spain;69.38;2025-09-21T08:00:00+02:00
600;Marginal price Day Ahead market Spain;3;Spain;26.2;2025-09-21T09:00:00+02:00
600;Marginal price Day Ahead market Spain;3;Spain;10;2025-09-21T10:00:00+02:00
600;Marginal price Day Ahead market Spain;3;Spain;0.65;2025-09-21T11:00:00+02:00
600;Marginal price Day Ahead market Spain;3;Spain;0;2025-09-21T12:00:00+02:00
600;Marginal price Day Ahead market Spain;3;Spain;0;2025-09-21T13:00:00+02:00
600;Marginal price Day Ahead market Spain;3;Spain;-0.01;2025-09-21T14:00:00+02:00
600;Marginal price Day Ahead market Spain;3;Spain;-0.5;2025-09-21T15:00:00+02:00
600;Marginal price Day Ahead market Spain;3;Spain;-0.62;2025-09-21T16:00:00+02:00
600;Marginal price Day Ahead market Spain;3;Spain;-0.01;2025-09-21T17:00:00+02:00
600;Marginal price Day Ahead market Spain;3;Spain;3.52;2025-09-21T18:00:00+02:00
600;Marginal price Day Ahead market Spain;3;Spain;43.16;2025-09-21T19:00:00+02:00
600;Marginal price Day Ahead market Spain;3;Spain;69.96;2025-09-21T20:00:00+02:00
600;Marginal price Day Ahead market Spain;3;Spain;61.4;2025-09-21T21:00:00+02:00
600;Marginal price Day Ahead market Spain;3;Spain;54.8;2025-09-21T22:00:00+02:00
600;Marginal price Day Ahead market Spain;3;Spain;38.09;2025-09-21T23:00:00+02:00
600;Marginal price Day Ahead market Spain;3;Spain;30.9;2025-09-22T00:00:00+02:00
600;Marginal price Day Ahead market Spain;3;Spain;30.9;2025-09-22T01:00:00+02:00
600;Marginal price Day Ahead market Spain;3;Spain;26.2;2025-09-22T02:00:00+02:00
600;Marginal price Day Ahead market Spain;3;Spain;26.2;2025-09-22T03:00:00+02:00
600;Marginal price Day Ahead market Spain;3;Spain;34.9;2025-09-22T04:00:00+02:00
600;Marginal price Day Ahead market Spain;3;Spain;30.14;2025-09-22T05:00:00+02:00
600;Marginal price Day Ahead market Spain;3;Spain;30.9;2025-09-22T06:00:00+02:00
600;Marginal price Day Ahead market Spain;3;Spain;60.6;2025-09-22T07:00:00+02:00
600;Marginal price Day Ahead market Spain;3;Spain;62.03;2025-09-22T08:00:00+02:00
600;Marginal price Day Ahead market Spain;3;Spain;29.35;2025-09-22T09:00:00+02:00
600;Marginal price Day Ahead market Spain;3;Spain;2;2025-09-22T10:00:00+02:00
600;Marginal price Day Ahead market Spain;3;Spain;0;2025-09-22T11:00:00+02:00
600;Marginal price Day Ahead market Spain;3;Spain;0;2025-09-22T12:00:00+02:00
600;Marginal price Day Ahead market Spain;3;Spain;-0.01;2025-09-22T13:00:00+02:00
600;Marginal price Day Ahead market Spain;3;Spain;-0.01;2025-09-22T14:00:00+02:00
600;Marginal price Day Ahead market Spain;3;Spain;-0.01;2025-09-22T15:00:00+02:00
600;Marginal price Day Ahead market Spain;3;Spain;-0.01;2025-09-22T16:00:00+02:00
600;Marginal price Day Ahead market Spain;3;Spain;0;2025-09-22T17:00:00+02:00
600;Marginal price Day Ahead market Spain;3;Spain;15.6;2025-09-22T18:00:00+02:00
600;Marginal price Day Ahead market Spain;3;Spain;67.99;2025-09-22T19:00:00+02:00
600;Marginal price Day Ahead market Spain;3;Spain;108.95;2025-09-22T20:00:00+02:00
600;Marginal price Day Ahead market Spain;3;Spain;109.38;2025-09-22T21:00:00+02:00
600;Marginal price Day Ahead market Spain;3;Spain;82.8;2025-09-22T22:00:00+02:00
600;Marginal price Day Ahead market Spain;3;Spain;80;2025-09-22T23:00:00+02:00
600;Marginal price Day Ahead market Spain;3;Spain;79.11;2025-09-23T00:00:00+02:00
600;Marginal price Day Ahead market Spain;3;Spain;61;2025-09-23T01:00:00+02:00
600;Marginal price Day Ahead market Spain;3;Spain;85.28;2025-09-23T02:00:00+02:00
600;Marginal price Day Ahead market Spain;3;Spain;76.95;2025-09-23T03:00:00+02:00
600;Marginal price Day Ahead market Spain;3;Spain;79.11;2025-09-23T04:00:00+02:00
600;Marginal price Day Ahead market Spain;3;Spain;83.7;2025-09-23T05:00:00+02:00
600;Marginal price Day Ahead market Spain;3;Spain;85.28;2025-09-23T06:00:00+02:00
600;Marginal price Day Ahead market Spain;3;Spain;86.56;2025-09-23T07:00:00+02:00
600;Marginal price Day Ahead market Spain;3;Spain;85.8;2025-09-23T08:00:00+02:00
600;Marginal price Day Ahead market Spain;3;Spain;39.9;2025-09-23T09:00:00+02:00
600;Marginal price Day Ahead market Spain;3;Spain;3.82;2025-09-23T10:00:00+02:00
600;Marginal price Day Ahead market Spain;3;Spain;0.65;2025-09-23T11:00:00+02:00
600;Marginal price Day Ahead market Spain;3;Spain;0.01;2025-09-23T12:00:00+02:00
600;Marginal price Day Ahead market Spain;3;Spain;0;2025-09-23T13:00:00+02:00
600;Marginal price Day Ahead market Spain;3;Spain;0;2025-09-23T14:00:00+02:00
600;Marginal price Day Ahead market Spain;3;Spain;0;2025-09-23T15:00:00+02:00
600;Marginal price Day Ahead market Spain;3;Spain;0;2025-09-23T16:00:00+02:00
600;Marginal price Day Ahead market Spain;3;Spain;2.2;2025-09-23T17:00:00+02:00
600;Marginal price Day Ahead market Spain;3;Spain;26.47;2025-09-23T18:00:00+02:00
600;Marginal price Day Ahead market Spain;3;Spain;86.32;2025-09-23T19:00:00+02:00
600;Marginal price Day Ahead market Spain;3;Spain;105.01;2025-09-23T20:00:00+02:00
600;Marginal price Day Ahead market Spain;3;Spain;98.5;2025-09-23T21:00:00+02:00
600;Marginal price Day Ahead market Spain;3;Spain;76.02;2025-09-23T22:00:00+02:00
600;Marginal price Day Ahead market Spain;3;Spain;75.84;2025-09-23T23:00:00+02:00
600;Marginal price Day Ahead market Spain;3;Spain;53.51;2025-09-24T00:00:00+02:00
600;Marginal price Day Ahead market Spain;3;Spain;39.8;2025-09-24T01:00:00+02:00
600;Marginal price Day Ahead market Spain;3;Spain;48.6;2025-09-24T02:00:00+02:00
600;Marginal price Day Ahead market Spain;3;Spain;42;2025-09-24T03:00:00+02:00
600;Marginal price Day Ahead market Spain;3;Spain;41.5;2025-09-24T04:00:00+02:00
600;Marginal price Day Ahead market Spain;3;Spain;48.6;2025-09-24T05:00:00+02:00
600;Marginal price Day Ahead market Spain;3;Spain;48.8;2025-09-24T06:00:00+02:00
600;Marginal price Day Ahead market Spain;3;Spain;66.96;2025-09-24T07:00:00+02:00
600;Marginal price Day Ahead market Spain;3;Spain;69.01;2025-09-24T08:00:00+02:00
600;Marginal price Day Ahead market Spain;3;Spain;57.91;2025-09-24T09:00:00+02:00
600;Marginal price Day Ahead market Spain;3;Spain;9.52;2025-09-24T10:00:00+02:00
600;Marginal price Day Ahead market Spain;3;Spain;1.07;2025-09-24T11:00:00+02:00
600;Marginal price Day Ahead market Spain;3;Spain;0.65;2025-09-24T12:00:00+02:00
600;Marginal price Day Ahead market Spain;3;Spain;1.55;2025-09-24T13:00:00+02:00
600;Marginal price Day Ahead market Spain;3;Spain;0.65;2025-09-24T14:00:00+02:00
600;Marginal price Day Ahead market Spain;3;Spain;0.01;2025-09-24T15:00:00+02:00
600;Marginal price Day Ahead market Spain;3;Spain;0.65;2025-09-24T16:00:00+02:00
600;Marginal price Day Ahead market Spain;3;Spain;20.1;2025-09-24T17:00:00+02:00
600;Marginal price Day Ahead market Spain;3;Spain;72.72;2025-09-24T18:00:00+02:00
600;Marginal price Day Ahead market Spain;3;Spain;95;2025-09-24T19:00:00+02:00
600;Marginal price Day Ahead market Spain;3;Spain;116.12;2025-09-24T20:00:00+02:00
600;Marginal price Day Ahead market Spain;3;Spain;105.77;2025-09-24T21:00:00+02:00
600;Marginal price Day Ahead market Spain;3;Spain;90;2025-09-24T22:00:00+02:00
600;Marginal price Day Ahead market Spain;3;Spain;83.08;2025-09-24T23:00:00+02:00
600;Marginal price Day Ahead market Spain;3;Spain;83.46;2025-09-25T00:00:00+02:00
600;Marginal price Day Ahead market Spain;3;Spain;75.94;2025-09-25T01:00:00+02:00
600;Marginal price Day Ahead market Spain;3;Spain;75.94;2025-09-25T02:00:00+02:00
600;Marginal price Day Ahead market Spain;3;Spain;76.46;2025-09-25T03:00:00+02:00
600;Marginal price Day Ahead market Spain;3;Spain;79.7;2025-09-25T04:00:00+02:00
600;Marginal price Day Ahead market Spain;3;Spain;77;2025-09-25T05:00:00+02:00
600;Marginal price Day Ahead market Spain;3;Spain;85.85;2025-09-25T06:00:00+02:00
600;Marginal price Day Ahead market Spain;3;Spain;112.7;2025-09-25T07:00:00+02:00
600;Marginal price Day Ahead market Spain;3;Spain;116.89;2025-09-25T08:00:00+02:00
600;Marginal price Day Ahead market Spain;3;Spain;88.57;2025-09-25T09:00:00+02:00
600;Marginal price Day Ahead market Spain;3;Spain;55.12;2025-09-25T10:00:00+02:00
600;Marginal price Day Ahead market Spain;3;Spain;30.2;2025-09-25T11:00:00+02:00
600;Marginal price Day Ahead market Spain;3;Spain;29.99;2025-09-25T12:00:00+02:00
600;Marginal price Day Ahead market Spain;3;Spain;25.93;2025-09-25T13:00:00+02:00
600;Marginal price Day Ahead market Spain;3;Spain;20.1;2025-09-25T14:00:00+02:00
600;Marginal price Day Ahead market Spain;3;Spain;22.74;2025-09-25T15:00:00+02:00
600;Marginal price Day Ahead market Spain;3;Spain;25.93;2025-09-25T16:00:00+02:00
600;Marginal price Day Ahead market Spain;3;Spain;53.13;2025-09-25T17:00:00+02:00
600;Marginal price Day Ahead market Spain;3;Spain;76.01;2025-09-25T18:00:00+02:00
600;Marginal price Day Ahead market Spain;3;Spain;114.11;2025-09-25T19:00:00+02:00
600;Marginal price Day Ahead market Spain;3;Spain;174.1;2025-09-25T20:00:00+02:00
600;Marginal price Day Ahead market Spain;3;Spain;175.01;2025-09-25T21:00:00+02:00
600;Marginal price Day Ahead market Spain;3;Spain;128.8;2025-09-25T22:00:00+02:00
600;Marginal price Day Ahead market Spain;3;Spain;101.9;2025-09-25T23:00:00+02:00
600;Marginal price Day Ahead market Spain;3;Spain;106.48;2025-09-26T00:00:00+02:00
600;Marginal price Day Ahead market Spain;3;Spain;104.52;2025-09-26T01:00:00+02:00
600;Marginal price Day Ahead market Spain;3;Spain;100;2025-09-26T02:00:00+02:00
600;Marginal price Day Ahead market Spain;3;Spain;98.71;2025-09-26T03:00:00+02:00
600;Marginal price Day Ahead market Spain;3;Spain;99;2025-09-26T04:00:00+02:00
600;Marginal price Day Ahead market Spain;3;Spain;104.52;2025-09-26T05:00:00+02:00
600;Marginal price Day Ahead market Spain;3;Spain;107.96;2025-09-26T06:00:00+02:00
600;Marginal price Day Ahead market Spain;3;Spain;123.37;2025-09-26T07:00:00+02:00
600;Marginal price Day Ahead market Spain;3;Spain;123.28;2025-09-26T08:00:00+02:00
600;Marginal price Day Ahead market Spain;3;Spain;108.8;2025-09-26T09:00:00+02:00
600;Marginal price Day Ahead market Spain;3;Spain;88.59;2025-09-26T10:00:00+02:00
600;Marginal price Day Ahead market Spain;3;Spain;34.99;2025-09-26T11:00:00+02:00
600;Marginal price Day Ahead market Spain;3;Spain;25.76;2025-09-26T12:00:00+02:00
600;Marginal price Day Ahead market Spain;3;Spain;29.2;2025-09-26T13:00:00+02:00
600;Marginal price Day Ahead market Spain;3;Spain;21.56;2025-09-26T14:00:00+02:00
600;Marginal price Day Ahead market Spain;3;Spain;47.06;2025-09-26T15:00:00+02:00
600;Marginal price Day Ahead market Spain;3;Spain;53;2025-09-26T16:00:00+02:00
600;Marginal price Day Ahead market Spain;3;Spain;59.28;2025-09-26T17:00:00+02:00
600;Marginal price Day Ahead market Spain;3;Spain;94.08;2025-09-26T18:00:00+02:00
600;Marginal price Day Ahead market Spain;3;Spain;123.6;2025-09-26T19:00:00+02:00
600;Marginal price Day Ahead market Spain;3;Spain;150;2025-09-26T20:00:00+02:00
600;Marginal price Day Ahead market Spain;3;Spain;160;2025-09-26T21:00:00+02:00
600;Marginal price Day Ahead market Spain;3;Spain;122.01;2025-09-26T22:00:00+02:00
600;Marginal price Day Ahead market Spain;3;Spain;113.92;2025-09-26T23:00:00+02:00
600;Marginal price Day Ahead market Spain;3;Spain;115.87;2025-09-27T00:00:00+02:00
600;Marginal price Day Ahead market Spain;3;Spain;108.83;2025-09-27T01:00:00+02:00
600;Marginal price Day Ahead market Spain;3;Spain;105.5;2025-09-27T02:00:00+02:00
600;Marginal price Day Ahead market Spain;3;Spain;109;2025-09-27T03:00:00+02:00
600;Marginal price Day Ahead market Spain;3;Spain;105.47;2025-09-27T04:00:00+02:00
600;Marginal price Day Ahead market Spain;3;Spain;98;2025-09-27T05:00:00+02:00
600;Marginal price Day Ahead market Spain;3;Spain;95;2025-09-27T06:00:00+02:00
600;Marginal price Day Ahead market Spain;3;Spain;103.5;2025-09-27T07:00:00+02:00
600;Marginal price Day Ahead market Spain;3;Spain;106.67;2025-09-27T08:00:00+02:00
600;Marginal price Day Ahead market Spain;3;Spain;82.66;2025-09-27T09:00:00+02:00
600;Marginal price Day Ahead market Spain;3;Spain;38.8;2025-09-27T10:00:00+02:00
600;Marginal price Day Ahead market Spain;3;Spain;20.25;2025-09-27T11:00:00+02:00
600;Marginal price Day Ahead market Spain;3;Spain;16.79;2025-09-27T12:00:00+02:00
600;Marginal price Day Ahead market Spain;3;Spain;12.91;2025-09-27T13:00:00+02:00
600;Marginal price Day Ahead market Spain;3;Spain;6.51;2025-09-27T14:00:00+02:00
600;Marginal price Day Ahead market Spain;3;Spain;6;2025-09-27T15:00:00+02:00
600;Marginal price Day Ahead market Spain;3;Spain;12.27;2025-09-27T16:00:00+02:00
600;Marginal price Day Ahead market Spain;3;Spain;29.2;2025-09-27T17:00:00+02:00
600;Marginal price Day Ahead market Spain;3;Spain;67;2025-09-27T18:00:00+02:00
600;Marginal price Day Ahead market Spain;3;Spain;92.56;2025-09-27T19:00:00+02:00
600;Marginal price Day Ahead market Spain;3;Spain;103.11;2025-09-27T20:00:00+02:00
600;Marginal price Day Ahead market Spain;3;Spain;100.04;2025-09-27T21:00:00+02:00
600;Marginal price Day Ahead market Spain;3;Spain;95.07;2025-09-27T22:00:00+02:00
600;Marginal price Day Ahead market Spain;3;Spain;91.84;2025-09-27T23:00:00+02:00
600;Marginal price Day Ahead market Spain;3;Spain;63.51;2025-09-28T00:00:00+02:00
600;Marginal price Day Ahead market Spain;3;Spain;60.86;2025-09-28T01:00:00+02:00
600;Marginal price Day Ahead market Spain;3;Spain;59.83;2025-09-28T02:00:00+02:00
600;Marginal price Day Ahead market Spain;3;Spain;58.3;2025-09-28T03:00:00+02:00
600;Marginal price Day Ahead market Spain;3;Spain;58.04;2025-09-28T04:00:00+02:00
600;Marginal price Day Ahead market Spain;3;Spain;58.04;2025-09-28T05:00:00+02:00
600;Marginal price Day Ahead market Spain;3;Spain;57.91;2025-09-28T06:00:00+02:00
600;Marginal price Day Ahead market Spain;3;Spain;58.87;2025-09-28T07:00:00+02:00
600;Marginal price Day Ahead market Spain;3;Spain;58.87;2025-09-28T08:00:00+02:00
600;Marginal price Day Ahead market Spain;3;Spain;57.91;2025-09-28T09:00:00+02:00
600;Marginal price Day Ahead market Spain;3;Spain;35;2025-09-28T10:00:00+02:00
600;Marginal price Day Ahead market Spain;3;Spain;29.16;2025-09-28T11:00:00+02:00
600;Marginal price Day Ahead market Spain;3;Spain;17.11;2025-09-28T12:00:00+02:00
600;Marginal price Day Ahead market Spain;3;Spain;8.53;2025-09-28T13:00:00+02:00
600;Marginal price Day Ahead market Spain;3;Spain;15;2025-09-28T14:00:00+02:00
600;Marginal price Day Ahead market Spain;3;Spain;16.79;2025-09-28T15:00:00+02:00
600;Marginal price Day Ahead market Spain;3;Spain;22.97;2025-09-28T16:00:00+02:00
600;Marginal price Day Ahead market Spain;3;Spain;37.34;2025-09-28T17:00:00+02:00
600;Marginal price Day Ahead market Spain;3;Spain;61.11;2025-09-28T18:00:00+02:00
600;Marginal price Day Ahead market Spain;3;Spain;70.98;2025-09-28T19:00:00+02:00
600;Marginal price Day Ahead market Spain;3;Spain;74.14;2025-09-28T20:00:00+02:00
600;Marginal price Day Ahead market Spain;3;Spain;61;2025-09-28T21:00:00+02:00
600;Marginal price Day Ahead market Spain;3;Spain;69.62;2025-09-28T22:00:00+02:00
600;Marginal price Day Ahead market Spain;3;Spain;60.16;2025-09-28T23:00:00+02:00
600;Marginal price Day Ahead market Spain;3;Spain;51.6;2025-09-29T00:00:00+02:00
600;Marginal price Day Ahead market Spain;3;Spain;47.7;2025-09-29T01:00:00+02:00
600;Marginal price Day Ahead market Spain;3;Spain;45;2025-09-29T02:00:00+02:00
600;Marginal price Day Ahead market Spain;3;Spain;32;2025-09-29T03:00:00+02:00
600;Marginal price Day Ahead market Spain;3;Spain;30;2025-09-29T04:00:00+02:00
600;Marginal price Day Ahead market Spain;3;Spain;32.5;2025-09-29T05:00:00+02:00
600;Marginal price Day Ahead market Spain;3;Spain;50;2025-09-29T06:00:00+02:00
600;Marginal price Day Ahead market Spain;3;Spain;74.4;2025-09-29T07:00:00+02:00
600;Marginal price Day Ahead market Spain;3;Spain;77.8;2025-09-29T08:00:00+02:00
600;Marginal price Day Ahead market Spain;3;Spain;73.08;2025-09-29T09:00:00+02:00
600;Marginal price Day Ahead market Spain;3;Spain;59.33;2025-09-29T10:00:00+02:00
600;Marginal price Day Ahead market Spain;3;Spain;40.14;2025-09-29T11:00:00+02:00
600;Marginal price Day Ahead market Spain;3;Spain;35;2025-09-29T12:00:00+02:00
600;Marginal price Day Ahead market Spain;3;Spain;28.3;2025-09-29T13:00:00+02:00
600;Marginal price Day Ahead market Spain;3;Spain;21.99;2025-09-29T14:00:00+02:00
600;Marginal price Day Ahead market Spain;3;Spain;27.94;2025-09-29T15:00:00+02:00
600;Marginal price Day Ahead market Spain;3;Spain;35;2025-09-29T16:00:00+02:00
600;Marginal price Day Ahead market Spain;3;Spain;52;2025-09-29T17:00:00+02:00
600;Marginal price Day Ahead market Spain;3;Spain;85;2025-09-29T18:00:00+02:00
600;Marginal price Day Ahead market Spain;3;Spain;101.13;2025-09-29T19:00:00+02:00
600;Marginal price Day Ahead market Spain;3;Spain;133.26;2025-09-29T20:00:00+02:00
600;Marginal price Day Ahead market Spain;3;Spain;105.68;2025-09-29T21:00:00+02:00
600;Marginal price Day Ahead market Spain;3;Spain;90.04;2025-09-29T22:00:00+02:00
600;Marginal price Day Ahead market Spain;3;Spain;88.6;2025-09-29T23:00:00+02:00
600;Marginal price Day Ahead market Spain;3;Spain;95.46;2025-09-30T00:00:00+02:00
600;Marginal price Day Ahead market Spain;3;Spain;88.25;2025-09-30T01:00:00+02:00
600;Marginal price Day Ahead market Spain;3;Spain;80;2025-09-30T02:00:00+02:00
600;Marginal price Day Ahead market Spain;3;Spain;76.43;2025-09-30T03:00:00+02:00
600;Marginal price Day Ahead market Spain;3;Spain;78;2025-09-30T04:00:00+02:00
600;Marginal price Day Ahead market Spain;3;Spain;80;2025-09-30T05:00:00+02:00
600;Marginal price Day Ahead market Spain;3;Spain;97.11;2025-09-30T06:00:00+02:00
600;Marginal price Day Ahead market Spain;3;Spain;105.68;2025-09-30T07:00:00+02:00
600;Marginal price Day Ahead market Spain;3;Spain;120;2025-09-30T08:00:00+02:00
600;Marginal price Day Ahead market Spain;3;Spain;93.97;2025-09-30T09:00:00+02:00
600;Marginal price Day Ahead market Spain;3;Spain;60.1;2025-09-30T10:00:00+02:00
600;Marginal price Day Ahead market Spain;3;Spain;31;2025-09-30T11:00:00+02:00
600;Marginal price Day Ahead market Spain;3;Spain;24.47;2025-09-30T12:00:00+02:00
600;Marginal price Day Ahead market Spain;3;Spain;21.9;2025-09-30T13:00:00+02:00
600;Marginal price Day Ahead market Spain;3;Spain;22;2025-09-30T14:00:00+02:00
600;Marginal price Day Ahead market Spain;3;Spain;29.08;2025-09-30T15:00:00+02:00
600;Marginal price Day Ahead market Spain;3;Spain;35;2025-09-30T16:00:00+02:00
600;Marginal price Day Ahead market Spain;3;Spain;54.94;2025-09-30T17:00:00+02:00
600;Marginal price Day Ahead market Spain;3;Spain;84;2025-09-30T18:00:00+02:00
600;Marginal price Day Ahead market Spain;3;Spain;117;2025-09-30T19:00:00+02:00
600;Marginal price Day Ahead market Spain;3;Spain;199.34;2025-09-30T20:00:00+02:00
600;Marginal price Day Ahead market Spain;3;Spain;172.11;2025-09-30T21:00:00+02:00
600;Marginal price Day Ahead market Spain;3;Spain;119.9;2025-09-30T22:00:00+02:00
600;Marginal price Day Ahead market Spain;3;Spain;101.5;2025-09-30T23:00:00+02:00
600;Marginal price Day Ahead market Spain;3;Spain;105.1;2025-10-01T00:00:00+02:00
600;Marginal price Day Ahead market Spain;3;Spain;104.24;2025-10-01T00:15:00+02:00
600;Marginal price Day Ahead market Spain;3;Spain;102.28;2025-10-01T00:30:00+02:00
600;Marginal price Day Ahead market Spain;3;Spain;102;2025-10-01T00:45:00+02:00
600;Marginal price Day Ahead market Spain;3;Spain;106.63;2025-10-01T01:00:00+02:00
600;Marginal price Day Ahead market Spain;3;Spain;105.68;2025-10-01T01:15:00+02:00
600;Marginal price Day Ahead market Spain;3;Spain;105.19;2025-10-01T01:30:00+02:00
600;Marginal price Day Ahead market Spain;3;Spain;105.01;2025-10-01T01:45:00+02:00
600;Marginal price Day Ahead market Spain;3;Spain;104.21;2025-10-01T02:00:00+02:00
600;Marginal price Day Ahead market Spain;3;Spain;102;2025-10-01T02:15:00+02:00
600;Marginal price Day Ahead market Spain;3;Spain;100;2025-10-01T02:30:00+02:00
600;Marginal price Day Ahead market Spain;3;Spain;100;2025-10-01T02:45:00+02:00
600;Marginal price Day Ahead market Spain;3;Spain;97.57;2025-10-01T03:00:00+02:00
600;Marginal price Day Ahead market Spain;3;Spain;97.51;2025-10-01T03:15:00+02:00
600;Marginal price Day Ahead market Spain;3;Spain;97.51;2025-10-01T03:30:00+02:00
600;Marginal price Day Ahead market Spain;3;Spain;97.91;2025-10-01T03:45:00+02:00
600;Marginal price Day Ahead market Spain;3;Spain;98.5;2025-10-01T04:00:00+02:00
600;Marginal price Day Ahead market Spain;3;Spain;100;2025-10-01T04:15:00+02:00
600;Marginal price Day Ahead market Spain;3;Spain;102.28;2025-10-01T04:30:00+02:00
600;Marginal price Day Ahead market Spain;3;Spain;105;2025-10-01T04:45:00+02:00
600;Marginal price Day Ahead market Spain;3;Spain;101.08;2025-10-01T05:00:00+02:00
600;Marginal price Day Ahead market Spain;3;Spain;101.28;2025-10-01T05:15:00+02:00
600;Marginal price Day Ahead market Spain;3;Spain;101.76;2025-10-01T05:30:00+02:00
600;Marginal price Day Ahead market Spain;3;Spain;102.24;2025-10-01T05:45:00+02:00
600;Marginal price Day Ahead market Spain;3;Spain;101.76;2025-10-01T06:00:00+02:00
600;Marginal price Day Ahead market Spain;3;Spain;102.24;2025-10-01T06:15:00+02:00
600;Marginal price Day Ahead market Spain;3;Spain;104.24;2025-10-01T06:30:00+02:00
600;Marginal price Day Ahead market Spain;3;Spain;105.68;2025-10-01T06:45:00+02:00
600;Marginal price Day Ahead market Spain;3;Spain;106.55;2025-10-01T07:00:00+02:00
600;Marginal price Day Ahead market Spain;3;Spain;110.41;2025-10-01T07:15:00+02:00
600;Marginal price Day Ahead market Spain;3;Spain;114.15;2025-10-01T07:30:00+02:00
600;Marginal price Day Ahead market Spain;3;Spain;122.58;2025-10-01T07:45:00+02:00
600;Marginal price Day Ahead market Spain;3;Spain;140.78;2025-10-01T08:00:00+02:00
600;Marginal price Day Ahead market Spain;3;Spain;130.56;2025-10-01T08:15:00+02:00
600;Marginal price Day Ahead market Spain;3;Spain;115.17;2025-10-01T08:30:00+02:00
600;Marginal price Day Ahead market Spain;3;Spain;106.63;2025-10-01T08:45:00+02:00
600;Marginal price Day Ahead market Spain;3;Spain;125.5;2025-10-01T09:00:00+02:00
600;Marginal price Day Ahead market Spain;3;Spain;105.01;2025-10-01T09:15:00+02:00
600;Marginal price Day Ahead market Spain;3;Spain;92.24;2025-10-01T09:30:00+02:00
600;Marginal price Day Ahead market Spain;3;Spain;60;2025-10-01T09:45:00+02:00
600;Marginal price Day Ahead market Spain;3;Spain;100.24;2025-10-01T10:00:00+02:00
600;Marginal price Day Ahead market Spain;3;Spain;65;2025-10-01T10:15:00+02:00
600;Marginal price Day Ahead market Spain;3;Spain;58.81;2025-10-01T10:30:00+02:00
600;Marginal price Day Ahead market Spain;3;Spain;45;2025-10-01T10:45:00+02:00
600;Marginal price Day Ahead market Spain;3;Spain;59.07;2025-10-01T11:00:00+02:00
600;Marginal price Day Ahead market Spain;3;Spain;44.2;2025-10-01T11:15:00+02:00
600;Marginal price Day Ahead market Spain;3;Spain;35.87;2025-10-01T11:30:00+02:00
600;Marginal price Day Ahead market Spain;3;Spain;24.97;2025-10-01T11:45:00+02:00
600;Marginal price Day Ahead market Spain;3;Spain;26.76;2025-10-01T12:00:00+02:00
600;Marginal price Day Ahead market Spain;3;Spain;22.5;2025-10-01T12:15:00+02:00
600;Marginal price Day Ahead market Spain;3;Spain;23.92;2025-10-01T12:30:00+02:00
600;Marginal price Day Ahead market Spain;3;Spain;22.5;2025-10-01T12:45:00+02:00
600;Marginal price Day Ahead market Spain;3;Spain;16.99;2025-10-01T13:00:00+02:00
600;Marginal price Day Ahead market Spain;3;Spain;16.68;2025-10-01T13:15:00+02:00
600;Marginal price Day Ahead market Spain;3;Spain;15.98;2025-10-01T13:30:00+02:00
600;Marginal price Day Ahead market Spain;3;Spain;15.45;2025-10-01T13:45:00+02:00
600;Marginal price Day Ahead market Spain;3;Spain;6.67;2025-10-01T14:00:00+02:00
600;Marginal price Day Ahead market Spain;3;Spain;15.31;2025-10-01T14:15:00+02:00
600;Marginal price Day Ahead market Spain;3;Spain;16.35;2025-10-01T14:30:00+02:00
600;Marginal price Day Ahead market Spain;3;Spain;17.76;2025-10-01T14:45:00+02:00
600;Marginal price Day Ahead market Spain;3;Spain;16.68;2025-10-01T15:00:00+02:00
600;Marginal price Day Ahead market Spain;3;Spain;18.94;2025-10-01T15:15:00+02:00
600;Marginal price Day Ahead market Spain;3;Spain;16.79;2025-10-01T15:30:00+02:00
600;Marginal price Day Ahead market Spain;3;Spain;24.57;2025-10-01T15:45:00+02:00
600;Marginal price Day Ahead market Spain;3;Spain;19;2025-10-01T16:00:00+02:00
600;Marginal price Day Ahead market Spain;3;Spain;26.56;2025-10-01T16:15:00+02:00
600;Marginal price Day Ahead market Spain;3;Spain;43.78;2025-10-01T16:30:00+02:00
600;Marginal price Day Ahead market Spain;3;Spain;58.55;2025-10-01T16:45:00+02:00
600;Marginal price Day Ahead market Spain;3;Spain;25.1;2025-10-01T17:00:00+02:00
600;Marginal price Day Ahead market Spain;3;Spain;50;2025-10-01T17:15:00+02:00
600;Marginal price Day Ahead market Spain;3;Spain;60;2025-10-01T17:30:00+02:00
600;Marginal price Day Ahead market Spain;3;Spain;77.67;2025-10-01T17:45:00+02:00
600;Marginal price Day Ahead market Spain;3;Spain;59.07;2025-10-01T18:00:00+02:00
600;Marginal price Day Ahead market Spain;3;Spain;75.01;2025-10-01T18:15:00+02:00
600;Marginal price Day Ahead market Spain;3;Spain;101.52;2025-10-01T18:30:00+02:00
600;Marginal price Day Ahead market Spain;3;Spain;110.69;2025-10-01T18:45:00+02:00
600;Marginal price Day Ahead market Spain;3;Spain;105.68;2025-10-01T19:00:00+02:00
600;Marginal price Day Ahead market Spain;3;Spain;112.21;2025-10-01T19:15:00+02:00
600;Marginal price Day Ahead market Spain;3;Spain;148.01;2025-10-01T19:30:00+02:00
600;Marginal price Day Ahead market Spain;3;Spain;134.33;2025-10-01T19:45:00+02:00
600;Marginal price Day Ahead market Spain;3;Spain;194.14;2025-10-01T20:00:00+02:00
600;Marginal price Day Ahead market Spain;3;Spain;217.45;2025-10-01T20:15:00+02:00
600;Marginal price Day Ahead market Spain;3;Spain;230;2025-10-01T20:30:00+02:00
600;Marginal price Day Ahead market Spain;3;Spain;230;2025-10-01T20:45:00+02:00
600;Marginal price Day Ahead market Spain;3;Spain;150;2025-10-01T21:00:00+02:00
600;Marginal price Day Ahead market Spain;3;Spain;130;2025-10-01T21:15:00+02:00
600;Marginal price Day Ahead market Spain;3;Spain;123.9;2025-10-01T21:30:00+02:00
600;Marginal price Day Ahead market Spain;3;Spain;113.75;2025-10-01T21:45:00+02:00
600;Marginal price Day Ahead market Spain;3;Spain;114.01;2025-10-01T22:00:00+02:00
600;Marginal price Day Ahead market Spain;3;Spain;109;2025-10-01T22:15:00+02:00
600;Marginal price Day Ahead market Spain;3;Spain;106.63;2025-10-01T22:30:00+02:00
600;Marginal price Day Ahead market Spain;3;Spain;104.24;2025-10-01T22:45:00+02:00
600;Marginal price Day Ahead market Spain;3;Spain;105.68;2025-10-01T23:00:00+02:00
600;Marginal price Day Ahead market Spain;3;Spain;104.21;2025-10-01T23:15:00+02:00
600;Marginal price Day Ahead market Spain;3;Spain;102;2025-10-01T23:30:00+02:00
600;Marginal price Day Ahead market Spain;3;Spain;101.52;2025-10-01T23:45:00+02:00
600;Marginal price Day Ahead market Spain;3;Spain;105.68;2025-10-02T00:00:00+02:00
600;Marginal price Day Ahead market Spain;3;Spain;105.01;2025-10-02T00:15:00+02:00
600;Marginal price Day Ahead market Spain;3;Spain;103.33;2025-10-02T00:30:00+02:00
600;Marginal price Day Ahead market Spain;3;Spain;103.33;2025-10-02T00:45:00+02:00
600;Marginal price Day Ahead market Spain;3;Spain;102.28;2025-10-02T01:00:00+02:00
600;Marginal price Day Ahead market Spain;3;Spain;100;2025-10-02T01:15:00+02:00
600;Marginal price Day Ahead market Spain;3;Spain;99;2025-10-02T01:30:00+02:00
600;Marginal price Day Ahead market Spain;3;Spain;98.7;2025-10-02T01:45:00+02:00
600;Marginal price Day Ahead market Spain;3;Spain;95;2025-10-02T02:00:00+02:00
600;Marginal price Day Ahead market Spain;3;Spain;95;2025-10-02T02:15:00+02:00
600;Marginal price Day Ahead market Spain;3;Spain;95;2025-10-02T02:30:00+02:00
600;Marginal price Day Ahead market Spain;3;Spain;95;2025-10-02T02:45:00+02:00
600;Marginal price Day Ahead market Spain;3;Spain;95.5;2025-10-02T03:00:00+02:00
600;Marginal price Day Ahead market Spain;3;Spain;96.99;2025-10-02T03:15:00+02:00
600;Marginal price Day Ahead market Spain;3;Spain;97.1;2025-10-02T03:30:00+02:00
600;Marginal price Day Ahead market Spain;3;Spain;98.7;2025-10-02T03:45:00+02:00
600;Marginal price Day Ahead market Spain;3;Spain;98.7;2025-10-02T04:00:00+02:00
600;Marginal price Day Ahead market Spain;3;Spain;99;2025-10-02T04:15:00+02:00
600;Marginal price Day Ahead market Spain;3;Spain;100.3;2025-10-02T04:30:00+02:00
600;Marginal price Day Ahead market Spain;3;Spain;103.29;2025-10-02T04:45:00+02:00
600;Marginal price Day Ahead market Spain;3;Spain;103.29;2025-10-02T05:00:00+02:00
600;Marginal price Day Ahead market Spain;3;Spain;103.71;2025-10-02T05:15:00+02:00
600;Marginal price Day Ahead market Spain;3;Spain;105.68;2025-10-02T05:30:00+02:00
600;Marginal price Day Ahead market Spain;3;Spain;107.38;2025-10-02T05:45:00+02:00
600;Marginal price Day Ahead market Spain;3;Spain;103.26;2025-10-02T06:00:00+02:00
600;Marginal price Day Ahead market Spain;3;Spain;103.5;2025-10-02T06:15:00+02:00
600;Marginal price Day Ahead market Spain;3;Spain;105.19;2025-10-02T06:30:00+02:00
600;Marginal price Day Ahead market Spain;3;Spain;110;2025-10-02T06:45:00+02:00
600;Marginal price Day Ahead market Spain;3;Spain;110.41;2025-10-02T07:00:00+02:00
600;Marginal price Day Ahead market Spain;3;Spain;119.87;2025-10-02T07:15:00+02:00
600;Marginal price Day Ahead market Spain;3;Spain;125.85;2025-10-02T07:30:00+02:00
600;Marginal price Day Ahead market Spain;3;Spain;129.55;2025-10-02T07:45:00+02:00
600;Marginal price Day Ahead market Spain;3;Spain;153.01;2025-10-02T08:00:00+02:00
600;Marginal price Day Ahead market Spain;3;Spain;140.11;2025-10-02T08:15:00+02:00
600;Marginal price Day Ahead market Spain;3;Spain;121.06;2025-10-02T08:30:00+02:00
600;Marginal price Day Ahead market Spain;3;Spain;110.41;2025-10-02T08:45:00+02:00
600;Marginal price Day Ahead market Spain;3;Spain;119.87;2025-10-02T09:00:00+02:00
600;Marginal price Day Ahead market Spain;3;Spain;103.36;2025-10-02T09:15:00+02:00
600;Marginal price Day Ahead market Spain;3;Spain;92.29;2025-10-02T09:30:00+02:00
600;Marginal price Day Ahead market Spain;3;Spain;58.94;2025-10-02T09:45:00+02:00
600;Marginal price Day Ahead market Spain;3;Spain;84.5;2025-10-02T10:00:00+02:00
600;Marginal price Day Ahead market Spain;3;Spain;60.2;2025-10-02T10:15:00+02:00
600;Marginal price Day Ahead market Spain;3;Spain;55.56;2025-10-02T10:30:00+02:00
600;Marginal price Day Ahead market Spain;3;Spain;36.2;2025-10-02T10:45:00+02:00
600;Marginal price Day Ahead market Spain;3;Spain;44.1;2025-10-02T11:00:00+02:00
600;Marginal price Day Ahead market Spain;3;Spain;37.22;2025-10-02T11:15:00+02:00
600;Marginal price Day Ahead market Spain;3;Spain;33.32;2025-10-02T11:30:00+02:00
600;Marginal price Day Ahead market Spain;3;Spain;22.5;2025-10-02T11:45:00+02:00
600;Marginal price Day Ahead market Spain;3;Spain;28.05;2025-10-02T12:00:00+02:00
600;Marginal price Day Ahead market Spain;3;Spain;20.7;2025-10-02T12:15:00+02:00
600;Marginal price Day Ahead market Spain;3;Spain;22.5;2025-10-02T12:30:00+02:00
600;Marginal price Day Ahead market Spain;3;Spain;17.15;2025-10-02T12:45:00+02:00
600;Marginal price Day Ahead market Spain;3;Spain;20.16;2025-10-02T13:00:00+02:00
600;Marginal price Day Ahead market Spain;3;Spain;19;2025-10-02T13:15:00+02:00
600;Marginal price Day Ahead market Spain;3;Spain;16.46;2025-10-02T13:30:00+02:00
600;Marginal price Day Ahead market Spain;3;Spain;15.06;2025-10-02T13:45:00+02:00
600;Marginal price Day Ahead market Spain;3;Spain;15.59;2025-10-02T14:00:00+02:00
600;Marginal price Day Ahead market Spain;3;Spain;16.46;2025-10-02T14:15:00+02:00
600;Marginal price Day Ahead market Spain;3;Spain;16.79;2025-10-02T14:30:00+02:00
600;Marginal price Day Ahead market Spain;3;Spain;16.79;2025-10-02T14:45:00+02:00
600;Marginal price Day Ahead market Spain;3;Spain;15;2025-10-02T15:00:00+02:00
600;Marginal price Day Ahead market Spain;3;Spain;16.46;2025-10-02T15:15:00+02:00
600;Marginal price Day Ahead market Spain;3;Spain;16;2025-10-02T15:30:00+02:00
600;Marginal price Day Ahead market Spain;3;Spain;18.91;2025-10-02T15:45:00+02:00
600;Marginal price Day Ahead market Spain;3;Spain;20.7;2025-10-02T16:00:00+02:00
600;Marginal price Day Ahead market Spain;3;Spain;29.9;2025-10-02T16:15:00+02:00
600;Marginal price Day Ahead market Spain;3;Spain;30.09;2025-10-02T16:30:00+02:00
600;Marginal price Day Ahead market Spain;3;Spain;46.89;2025-10-02T16:45:00+02:00
600;Marginal price Day Ahead market Spain;3;Spain;25.1;2025-10-02T17:00:00+02:00
600;Marginal price Day Ahead market Spain;3;Spain;40.59;2025-10-02T17:15:00+02:00
600;Marginal price Day Ahead market Spain;3;Spain;55.52;2025-10-02T17:30:00+02:00
600;Marginal price Day Ahead market Spain;3;Spain;61.33;2025-10-02T17:45:00+02:00
600;Marginal price Day Ahead market Spain;3;Spain;47.16;2025-10-02T18:00:00+02:00
600;Marginal price Day Ahead market Spain;3;Spain;67.4;2025-10-02T18:15:00+02:00
600;Marginal price Day Ahead market Spain;3;Spain;101.68;2025-10-02T18:30:00+02:00
600;Marginal price Day Ahead market Spain;3;Spain;104.48;2025-10-02T18:45:00+02:00
600;Marginal price Day Ahead market Spain;3;Spain;90;2025-10-02T19:00:00+02:00
600;Marginal price Day Ahead market Spain;3;Spain;103.36;2025-10-02T19:15:00+02:00
600;Marginal price Day Ahead market Spain;3;Spain;110.41;2025-10-02T19:30:00+02:00
600;Marginal price Day Ahead market Spain;3;Spain;123.9;2025-10-02T19:45:00+02:00
600;Marginal price Day Ahead market Spain;3;Spain;170.51;2025-10-02T20:00:00+02:00
600;Marginal price Day Ahead market Spain;3;Spain;201.52;2025-10-02T20:15:00+02:00
600;Marginal price Day Ahead market Spain;3;Spain;220;2025-10-02T20:30:00+02:00
600;Marginal price Day Ahead market Spain;3;Spain;225;2025-10-02T20:45:00+02:00
600;Marginal price Day Ahead market Spain;3;Spain;180;2025-10-02T21:00:00+02:00
600;Marginal price Day Ahead market Spain;3;Spain;173.66;2025-10-02T21:15:00+02:00
600;Marginal price Day Ahead market Spain;3;Spain;147.3;2025-10-02T21:30:00+02:00
600;Marginal price Day Ahead market Spain;3;Spain;125;2025-10-02T21:45:00+02:00
600;Marginal price Day Ahead market Spain;3;Spain;128.81;2025-10-02T22:00:00+02:00
600;Marginal price Day Ahead market Spain;3;Spain;121;2025-10-02T22:15:00+02:00
600;Marginal price Day Ahead market Spain;3;Spain;115.44;2025-10-02T22:30:00+02:00
600;Marginal price Day Ahead market Spain;3;Spain;109.91;2025-10-02T22:45:00+02:00
600;Marginal price Day Ahead market Spain;3;Spain;106.57;2025-10-02T23:00:00+02:00
600;Marginal price Day Ahead market Spain;3;Spain;105.1;2025-10-02T23:15:00+02:00
600;Marginal price Day Ahead market Spain;3;Spain;103.84;2025-10-02T23:30:00+02:00
600;Marginal price Day Ahead market Spain;3;Spain;103.27;2025-10-02T23:45:00+02:00
600;Marginal price Day Ahead market Spain;3;Spain;117.88;2025-10-03T00:00:00+02:00
600;Marginal price Day Ahead market Spain;3;Spain;117.8;2025-10-03T00:15:00+02:00
600;Marginal price Day Ahead market Spain;3;Spain;116.3;2025-10-03T00:30:00+02:00
600;Marginal price Day Ahead market Spain;3;Spain;114.74;2025-10-03T00:45:00+02:00
600;Marginal price Day Ahead market Spain;3;Spain;114.74;2025-10-03T01:00:00+02:00
600;Marginal price Day Ahead market Spain;3;Spain;112.2;2025-10-03T01:15:00+02:00
600;Marginal price Day Ahead market Spain;3;Spain;111.9;2025-10-03T01:30:00+02:00
600;Marginal price Day Ahead market Spain;3;Spain;111.6;2025-10-03T01:45:00+02:00
600;Marginal price Day Ahead market Spain;3;Spain;106.63;2025-10-03T02:00:00+02:00
600;Marginal price Day Ahead market Spain;3;Spain;106.31;2025-10-03T02:15:00+02:00
600;Marginal price Day Ahead market Spain;3;Spain;105;2025-10-03T02:30:00+02:00
600;Marginal price Day Ahead market Spain;3;Spain;104.06;2025-10-03T02:45:00+02:00
600;Marginal price Day Ahead market Spain;3;Spain;104.06;2025-10-03T03:00:00+02:00
600;Marginal price Day Ahead market Spain;3;Spain;104.06;2025-10-03T03:15:00+02:00
600;Marginal price Day Ahead market Spain;3;Spain;104.06;2025-10-03T03:30:00+02:00
600;Marginal price Day Ahead market Spain;3;Spain;104.06;2025-10-03T03:45:00+02:00
600;Marginal price Day Ahead market Spain;3;Spain;104.04;2025-10-03T04:00:00+02:00
600;Marginal price Day Ahead market Spain;3;Spain;104.04;2025-10-03T04:15:00+02:00
600;Marginal price Day Ahead market Spain;3;Spain;104.04;2025-10-03T04:30:00+02:00
600;Marginal price Day Ahead market Spain;3;Spain;104.04;2025-10-03T04:45:00+02:00
600;Marginal price Day Ahead market Spain;3;Spain;104.02;2025-10-03T05:00:00+02:00
600;Marginal price Day Ahead market Spain;3;Spain;104.02;2025-10-03T05:15:00+02:00
600;Marginal price Day Ahead market Spain;3;Spain;105.08;2025-10-03T05:30:00+02:00
600;Marginal price Day Ahead market Spain;3;Spain;111.6;2025-10-03T05:45:00+02:00
600;Marginal price Day Ahead market Spain;3;Spain;104.01;2025-10-03T06:00:00+02:00
600;Marginal price Day Ahead market Spain;3;Spain;108.8;2025-10-03T06:15:00+02:00
600;Marginal price Day Ahead market Spain;3;Spain;111.84;2025-10-03T06:30:00+02:00
600;Marginal price Day Ahead market Spain;3;Spain;117.8;2025-10-03T06:45:00+02:00
600;Marginal price Day Ahead market Spain;3;Spain;119.24;2025-10-03T07:00:00+02:00
600;Marginal price Day Ahead market Spain;3;Spain;121.8;2025-10-03T07:15:00+02:00
600;Marginal price Day Ahead market Spain;3;Spain;126.92;2025-10-03T07:30:00+02:00
600;Marginal price Day Ahead market Spain;3;Spain;129.82;2025-10-03T07:45:00+02:00
600;Marginal price Day Ahead market Spain;3;Spain;144.93;2025-10-03T08:00:00+02:00
600;Marginal price Day Ahead market Spain;3;Spain;138.58;2025-10-03T08:15:00+02:00
600;Marginal price Day Ahead market Spain;3;Spain;126.23;2025-10-03T08:30:00+02:00
600;Marginal price Day Ahead market Spain;3;Spain;120;2025-10-03T08:45:00+02:00
600;Marginal price Day Ahead market Spain;3;Spain;126.99;2025-10-03T09:00:00+02:00
600;Marginal price Day Ahead market Spain;3;Spain;119.02;2025-10-03T09:15:00+02:00
600;Marginal price Day Ahead market Spain;3;Spain;116.3;2025-10-03T09:30:00+02:00
600;Marginal price Day Ahead market Spain;3;Spain;100;2025-10-03T09:45:00+02:00
600;Marginal price Day Ahead market Spain;3;Spain;102.28;2025-10-03T10:00:00+02:00
600;Marginal price Day Ahead market Spain;3;Spain;69.07;2025-10-03T10:15:00+02:00
600;Marginal price Day Ahead market Spain;3;Spain;60.16;2025-10-03T10:30:00+02:00
600;Marginal price Day Ahead market Spain;3;Spain;48;2025-10-03T10:45:00+02:00
600;Marginal price Day Ahead market Spain;3;Spain;58.94;2025-10-03T11:00:00+02:00
600;Marginal price Day Ahead market Spain;3;Spain;45.96;2025-10-03T11:15:00+02:00
600;Marginal price Day Ahead market Spain;3;Spain;50;2025-10-03T11:30:00+02:00
600;Marginal price Day Ahead market Spain;3;Spain;43.88;2025-10-03T11:45:00+02:00
600;Marginal price Day Ahead market Spain;3;Spain;47.97;2025-10-03T12:00:00+02:00
600;Marginal price Day Ahead market Spain;3;Spain;44.2;2025-10-03T12:15:00+02:00
600;Marginal price Day Ahead market Spain;3;Spain;40;2025-10-03T12:30:00+02:00
600;Marginal price Day Ahead market Spain;3;Spain;35;2025-10-03T12:45:00+02:00
600;Marginal price Day Ahead market Spain;3;Spain;45.76;2025-10-03T13:00:00+02:00
600;Marginal price Day Ahead market Spain;3;Spain;42;2025-10-03T13:15:00+02:00
600;Marginal price Day Ahead market Spain;3;Spain;36.2;2025-10-03T13:30:00+02:00
600;Marginal price Day Ahead market Spain;3;Spain;32.55;2025-10-03T13:45:00+02:00
600;Marginal price Day Ahead market Spain;3;Spain;38.08;2025-10-03T14:00:00+02:00
600;Marginal price Day Ahead market Spain;3;Spain;37.44;2025-10-03T14:15:00+02:00
600;Marginal price Day Ahead market Spain;3;Spain;40;2025-10-03T14:30:00+02:00
600;Marginal price Day Ahead market Spain;3;Spain;40.95;2025-10-03T14:45:00+02:00
600;Marginal price Day Ahead market Spain;3;Spain;32.91;2025-10-03T15:00:00+02:00
600;Marginal price Day Ahead market Spain;3;Spain;40;2025-10-03T15:15:00+02:00
600;Marginal price Day Ahead market Spain;3;Spain;40;2025-10-03T15:30:00+02:00
600;Marginal price Day Ahead market Spain;3;Spain;40;2025-10-03T15:45:00+02:00
600;Marginal price Day Ahead market Spain;3;Spain;34.45;2025-10-03T16:00:00+02:00
600;Marginal price Day Ahead market Spain;3;Spain;41.2;2025-10-03T16:15:00+02:00
600;Marginal price Day Ahead market Spain;3;Spain;45.76;2025-10-03T16:30:00+02:00
600;Marginal price Day Ahead market Spain;3;Spain;55;2025-10-03T16:45:00+02:00
600;Marginal price Day Ahead market Spain;3;Spain;40.01;2025-10-03T17:00:00+02:00
600;Marginal price Day Ahead market Spain;3;Spain;55;2025-10-03T17:15:00+02:00
600;Marginal price Day Ahead market Spain;3;Spain;59.05;2025-10-03T17:30:00+02:00
600;Marginal price Day Ahead market Spain;3;Spain;79.49;2025-10-03T17:45:00+02:00
600;Marginal price Day Ahead market Spain;3;Spain;61.33;2025-10-03T18:00:00+02:00
600;Marginal price Day Ahead market Spain;3;Spain;87.73;2025-10-03T18:15:00+02:00
600;Marginal price Day Ahead market Spain;3;Spain;111.57;2025-10-03T18:30:00+02:00
600;Marginal price Day Ahead market Spain;3;Spain;119.02;2025-10-03T18:45:00+02:00
600;Marginal price Day Ahead market Spain;3;Spain;111.6;2025-10-03T19:00:00+02:00
600;Marginal price Day Ahead market Spain;3;Spain;117.88;2025-10-03T19:15:00+02:00
600;Marginal price Day Ahead market Spain;3;Spain;119.46;2025-10-03T19:30:00+02:00
600;Marginal price Day Ahead market Spain;3;Spain;130.96;2025-10-03T19:45:00+02:00
600;Marginal price Day Ahead market Spain;3;Spain;129.12;2025-10-03T20:00:00+02:00
600;Marginal price Day Ahead market Spain;3;Spain;136.05;2025-10-03T20:15:00+02:00
600;Marginal price Day Ahead market Spain;3;Spain;144.93;2025-10-03T20:30:00+02:00
600;Marginal price Day Ahead market Spain;3;Spain;144.93;2025-10-03T20:45:00+02:00
600;Marginal price Day Ahead market Spain;3;Spain;144.93;2025-10-03T21:00:00+02:00
600;Marginal price Day Ahead market Spain;3;Spain;142.74;2025-10-03T21:15:00+02:00
600;Marginal price Day Ahead market Spain;3;Spain;129.2;2025-10-03T21:30:00+02:00
600;Marginal price Day Ahead market Spain;3;Spain;121.04;2025-10-03T21:45:00+02:00
600;Marginal price Day Ahead market Spain;3;Spain;126.23;2025-10-03T22:00:00+02:00
600;Marginal price Day Ahead market Spain;3;Spain;119.24;2025-10-03T22:15:00+02:00
600;Marginal price Day Ahead market Spain;3;Spain;119;2025-10-03T22:30:00+02:00
600;Marginal price Day Ahead market Spain;3;Spain;118.76;2025-10-03T22:45:00+02:00
600;Marginal price Day Ahead market Spain;3;Spain;118.76;2025-10-03T23:00:00+02:00
600;Marginal price Day Ahead market Spain;3;Spain;117.88;2025-10-03T23:15:00+02:00
600;Marginal price Day Ahead market Spain;3;Spain;117.37;2025-10-03T23:30:00+02:00
600;Marginal price Day Ahead market Spain;3;Spain;111.97;2025-10-03T23:45:00+02:00
600;Marginal price Day Ahead market Spain;3;Spain;112.1;2025-10-04T00:00:00+02:00
600;Marginal price Day Ahead market Spain;3;Spain;111.6;2025-10-04T00:15:00+02:00
600;Marginal price Day Ahead market Spain;3;Spain;111.04;2025-10-04T00:30:00+02:00
600;Marginal price Day Ahead market Spain;3;Spain;109;2025-10-04T00:45:00+02:00
600;Marginal price Day Ahead market Spain;3;Spain;105.83;2025-10-04T01:00:00+02:00
600;Marginal price Day Ahead market Spain;3;Spain;102.99;2025-10-04T01:15:00+02:00
600;Marginal price Day Ahead market Spain;3;Spain;102.28;2025-10-04T01:30:00+02:00
600;Marginal price Day Ahead market Spain;3;Spain;100.57;2025-10-04T01:45:00+02:00
600;Marginal price Day Ahead market Spain;3;Spain;102.97;2025-10-04T02:00:00+02:00
600;Marginal price Day Ahead market Spain;3;Spain;100.57;2025-10-04T02:15:00+02:00
600;Marginal price Day Ahead market Spain;3;Spain;100.57;2025-10-04T02:30:00+02:00
600;Marginal price Day Ahead market Spain;3;Spain;97.99;2025-10-04T02:45:00+02:00
600;Marginal price Day Ahead market Spain;3;Spain;100.01;2025-10-04T03:00:00+02:00
600;Marginal price Day Ahead market Spain;3;Spain;97.99;2025-10-04T03:15:00+02:00
600;Marginal price Day Ahead market Spain;3;Spain;95;2025-10-04T03:30:00+02:00
600;Marginal price Day Ahead market Spain;3;Spain;90;2025-10-04T03:45:00+02:00
600;Marginal price Day Ahead market Spain;3;Spain;96.85;2025-10-04T04:00:00+02:00
600;Marginal price Day Ahead market Spain;3;Spain;95;2025-10-04T04:15:00+02:00
600;Marginal price Day Ahead market Spain;3;Spain;91.2;2025-10-04T04:30:00+02:00
600;Marginal price Day Ahead market Spain;3;Spain;89;2025-10-04T04:45:00+02:00
600;Marginal price Day Ahead market Spain;3;Spain;100.05;2025-10-04T05:00:00+02:00
600;Marginal price Day Ahead market Spain;3;Spain;100;2025-10-04T05:15:00+02:00
600;Marginal price Day Ahead market Spain;3;Spain;98.45;2025-10-04T05:30:00+02:00
600;Marginal price Day Ahead market Spain;3;Spain;100;2025-10-04T05:45:00+02:00
600;Marginal price Day Ahead market Spain;3;Spain;90;2025-10-04T06:00:00+02:00
600;Marginal price Day Ahead market Spain;3;Spain;94;2025-10-04T06:15:00+02:00
600;Marginal price Day Ahead market Spain;3;Spain;95;2025-10-04T06:30:00+02:00
600;Marginal price Day Ahead market Spain;3;Spain;98.5;2025-10-04T06:45:00+02:00
600;Marginal price Day Ahead market Spain;3;Spain;100.3;2025-10-04T07:00:00+02:00
600;Marginal price Day Ahead market Spain;3;Spain;100.57;2025-10-04T07:15:00+02:00
600;Marginal price Day Ahead market Spain;3;Spain;100.01;2025-10-04T07:30:00+02:00
600;Marginal price Day Ahead market Spain;3;Spain;100.3;2025-10-04T07:45:00+02:00
600;Marginal price Day Ahead market Spain;3;Spain;100.3;2025-10-04T08:00:00+02:00
600;Marginal price Day Ahead market Spain;3;Spain;97.99;2025-10-04T08:15:00+02:00
600;Marginal price Day Ahead market Spain;3;Spain;89;2025-10-04T08:30:00+02:00
600;Marginal price Day Ahead market Spain;3;Spain;82.1;2025-10-04T08:45:00+02:00
600;Marginal price Day Ahead market Spain;3;Spain;85.65;2025-10-04T09:00:00+02:00
600;Marginal price Day Ahead market Spain;3;Spain;52.8;2025-10-04T09:15:00+02:00
600;Marginal price Day Ahead market Spain;3;Spain;20.87;2025-10-04T09:30:00+02:00
600;Marginal price Day Ahead market Spain;3;Spain;2.14;2025-10-04T09:45:00+02:00
600;Marginal price Day Ahead market Spain;3;Spain;14.41;2025-10-04T10:00:00+02:00
600;Marginal price Day Ahead market Spain;3;Spain;7.96;2025-10-04T10:15:00+02:00
600;Marginal price Day Ahead market Spain;3;Spain;2.14;2025-10-04T10:30:00+02:00
600;Marginal price Day Ahead market Spain;3;Spain;0.15;2025-10-04T10:45:00+02:00
600;Marginal price Day Ahead market Spain;3;Spain;0.41;2025-10-04T11:00:00+02:00
600;Marginal price Day Ahead market Spain;3;Spain;0.02;2025-10-04T11:15:00+02:00
600;Marginal price Day Ahead market Spain;3;Spain;0.01;2025-10-04T11:30:00+02:00
600;Marginal price Day Ahead market Spain;3;Spain;0;2025-10-04T11:45:00+02:00
600;Marginal price Day Ahead market Spain;3;Spain;0;2025-10-04T12:00:00+02:00
600;Marginal price Day Ahead market Spain;3;Spain;-0.01;2025-10-04T12:15:00+02:00
600;Marginal price Day Ahead market Spain;3;Spain;-0.01;2025-10-04T12:30:00+02:00
600;Marginal price Day Ahead market Spain;3;Spain;-0.01;2025-10-04T12:45:00+02:00
600;Marginal price Day Ahead market Spain;3;Spain;0;2025-10-04T13:00:00+02:00
600;Marginal price Day Ahead market Spain;3;Spain;0;2025-10-04T13:15:00+02:00
600;Marginal price Day Ahead market Spain;3;Spain;-0.01;2025-10-04T13:30:00+02:00
600;Marginal price Day Ahead market Spain;3;Spain;-0.05;2025-10-04T13:45:00+02:00
600;Marginal price Day Ahead market Spain;3;Spain;-0.03;2025-10-04T14:00:00+02:00
600;Marginal price Day Ahead market Spain;3;Spain;-0.02;2025-10-04T14:15:00+02:00
600;Marginal price Day Ahead market Spain;3;Spain;-0.01;2025-10-04T14:30:00+02:00
600;Marginal price Day Ahead market Spain;3;Spain;0;2025-10-04T14:45:00+02:00
600;Marginal price Day Ahead market Spain;3;Spain;-0.03;2025-10-04T15:00:00+02:00
600;Marginal price Day Ahead market Spain;3;Spain;0;2025-10-04T15:15:00+02:00
600;Marginal price Day Ahead market Spain;3;Spain;0;2025-10-04T15:30:00+02:00
600;Marginal price Day Ahead market Spain;3;Spain;0;2025-10-04T15:45:00+02:00
600;Marginal price Day Ahead market Spain;3;Spain;-0.01;2025-10-04T16:00:00+02:00
600;Marginal price Day Ahead market Spain;3;Spain;-0.01;2025-10-04T16:15:00+02:00
600;Marginal price Day Ahead market Spain;3;Spain;-0.01;2025-10-04T16:30:00+02:00
600;Marginal price Day Ahead market Spain;3;Spain;0;2025-10-04T16:45:00+02:00
600;Marginal price Day Ahead market Spain;3;Spain;-0.05;2025-10-04T17:00:00+02:00
600;Marginal price Day Ahead market Spain;3;Spain;-0.01;2025-10-04T17:15:00+02:00
600;Marginal price Day Ahead market Spain;3;Spain;0;2025-10-04T17:30:00+02:00
600;Marginal price Day Ahead market Spain;3;Spain;0.65;2025-10-04T17:45:00+02:00
600;Marginal price Day Ahead market Spain;3;Spain;0.66;2025-10-04T18:00:00+02:00
600;Marginal price Day Ahead market Spain;3;Spain;5.11;2025-10-04T18:15:00+02:00
600;Marginal price Day Ahead market Spain;3;Spain;16.12;2025-10-04T18:30:00+02:00
600;Marginal price Day Ahead market Spain;3;Spain;21.33;2025-10-04T18:45:00+02:00
600;Marginal price Day Ahead market Spain;3;Spain;39.76;2025-10-04T19:00:00+02:00
600;Marginal price Day Ahead market Spain;3;Spain;69.3;2025-10-04T19:15:00+02:00
600;Marginal price Day Ahead market Spain;3;Spain;72.46;2025-10-04T19:30:00+02:00
600;Marginal price Day Ahead market Spain;3;Spain;80.91;2025-10-04T19:45:00+02:00
600;Marginal price Day Ahead market Spain;3;Spain;74.04;2025-10-04T20:00:00+02:00
600;Marginal price Day Ahead market Spain;3;Spain;74.66;2025-10-04T20:15:00+02:00
600;Marginal price Day Ahead market Spain;3;Spain;74.66;2025-10-04T20:30:00+02:00
600;Marginal price Day Ahead market Spain;3;Spain;74.04;2025-10-04T20:45:00+02:00
600;Marginal price Day Ahead market Spain;3;Spain;74.04;2025-10-04T21:00:00+02:00
600;Marginal price Day Ahead market Spain;3;Spain;72.24;2025-10-04T21:15:00+02:00
600;Marginal price Day Ahead market Spain;3;Spain;71.52;2025-10-04T21:30:00+02:00
600;Marginal price Day Ahead market Spain;3;Spain;70;2025-10-04T21:45:00+02:00
600;Marginal price Day Ahead market Spain;3;Spain;72;2025-10-04T22:00:00+02:00
600;Marginal price Day Ahead market Spain;3;Spain;71.04;2025-10-04T22:15:00+02:00
600;Marginal price Day Ahead market Spain;3;Spain;70;2025-10-04T22:30:00+02:00
600;Marginal price Day Ahead market Spain;3;Spain;60;2025-10-04T22:45:00+02:00
600;Marginal price Day Ahead market Spain;3;Spain;60;2025-10-04T23:00:00+02:00
600;Marginal price Day Ahead market Spain;3;Spain;45;2025-10-04T23:15:00+02:00
600;Marginal price Day Ahead market Spain;3;Spain;43.31;2025-10-04T23:30:00+02:00
600;Marginal price Day Ahead market Spain;3;Spain;39.8;2025-10-04T23:45:00+02:00
600;Marginal price Day Ahead market Spain;3;Spain;35.02;2025-10-05T00:00:00+02:00
600;Marginal price Day Ahead market Spain;3;Spain;35.02;2025-10-05T00:15:00+02:00
600;Marginal price Day Ahead market Spain;3;Spain;35.02;2025-10-05T00:30:00+02:00
600;Marginal price Day Ahead market Spain;3;Spain;35.01;2025-10-05T00:45:00+02:00
600;Marginal price Day Ahead market Spain;3;Spain;35.01;2025-10-05T01:00:00+02:00
600;Marginal price Day Ahead market Spain;3;Spain;35.01;2025-10-05T01:15:00+02:00
600;Marginal price Day Ahead market Spain;3;Spain;34.7;2025-10-05T01:30:00+02:00
600;Marginal price Day Ahead market Spain;3;Spain;29.33;2025-10-05T01:45:00+02:00
600;Marginal price Day Ahead market Spain;3;Spain;29.33;2025-10-05T02:00:00+02:00
600;Marginal price Day Ahead market Spain;3;Spain;29.12;2025-10-05T02:15:00+02:00
600;Marginal price Day Ahead market Spain;3;Spain;28.87;2025-10-05T02:30:00+02:00
600;Marginal price Day Ahead market Spain;3;Spain;28.87;2025-10-05T02:45:00+02:00
600;Marginal price Day Ahead market Spain;3;Spain;29.12;2025-10-05T03:00:00+02:00
600;Marginal price Day Ahead market Spain;3;Spain;28.87;2025-10-05T03:15:00+02:00
600;Marginal price Day Ahead market Spain;3;Spain;28.87;2025-10-05T03:30:00+02:00
600;Marginal price Day Ahead market Spain;3;Spain;28.87;2025-10-05T03:45:00+02:00
600;Marginal price Day Ahead market Spain;3;Spain;28.2;2025-10-05T04:00:00+02:00
600;Marginal price Day Ahead market Spain;3;Spain;28.2;2025-10-05T04:15:00+02:00
600;Marginal price Day Ahead market Spain;3;Spain;28.2;2025-10-05T04:30:00+02:00
600;Marginal price Day Ahead market Spain;3;Spain;28.2;2025-10-05T04:45:00+02:00
600;Marginal price Day Ahead market Spain;3;Spain;28.2;2025-10-05T05:00:00+02:00
600;Marginal price Day Ahead market Spain;3;Spain;28.2;2025-10-05T05:15:00+02:00
600;Marginal price Day Ahead market Spain;3;Spain;28.2;2025-10-05T05:30:00+02:00
600;Marginal price Day Ahead market Spain;3;Spain;28.2;2025-10-05T05:45:00+02:00
600;Marginal price Day Ahead market Spain;3;Spain;28.99;2025-10-05T06:00:00+02:00
600;Marginal price Day Ahead market Spain;3;Spain;29.12;2025-10-05T06:15:00+02:00
600;Marginal price Day Ahead market Spain;3;Spain;29.33;2025-10-05T06:30:00+02:00
600;Marginal price Day Ahead market Spain;3;Spain;29.33;2025-10-05T06:45:00+02:00
600;Marginal price Day Ahead market Spain;3;Spain;27.94;2025-10-05T07:00:00+02:00
600;Marginal price Day Ahead market Spain;3;Spain;28.07;2025-10-05T07:15:00+02:00
600;Marginal price Day Ahead market Spain;3;Spain;28.2;2025-10-05T07:30:00+02:00
600;Marginal price Day Ahead market Spain;3;Spain;28.2;2025-10-05T07:45:00+02:00
600;Marginal price Day Ahead market Spain;3;Spain;28.2;2025-10-05T08:00:00+02:00
600;Marginal price Day Ahead market Spain;3;Spain;27.94;2025-10-05T08:15:00+02:00
600;Marginal price Day Ahead market Spain;3;Spain;25.1;2025-10-05T08:30:00+02:00
600;Marginal price Day Ahead market Spain;3;Spain;18.15;2025-10-05T08:45:00+02:00
600;Marginal price Day Ahead market Spain;3;Spain;14.24;2025-10-05T09:00:00+02:00
600;Marginal price Day Ahead market Spain;3;Spain;5;2025-10-05T09:15:00+02:00
600;Marginal price Day Ahead market Spain;3;Spain;1.85;2025-10-05T09:30:00+02:00
600;Marginal price Day Ahead market Spain;3;Spain;0;2025-10-05T09:45:00+02:00
600;Marginal price Day Ahead market Spain;3;Spain;0.09;2025-10-05T10:00:00+02:00
600;Marginal price Day Ahead market Spain;3;Spain;0;2025-10-05T10:15:00+02:00
600;Marginal price Day Ahead market Spain;3;Spain;-0.01;2025-10-05T10:30:00+02:00
600;Marginal price Day Ahead market Spain;3;Spain;-0.1;2025-10-05T10:45:00+02:00
600;Marginal price Day Ahead market Spain;3;Spain;-0.45;2025-10-05T11:00:00+02:00
600;Marginal price Day Ahead market Spain;3;Spain;-0.5;2025-10-05T11:15:00+02:00
600;Marginal price Day Ahead market Spain;3;Spain;-0.6;2025-10-05T11:30:00+02:00
600;Marginal price Day Ahead market Spain;3;Spain;-0.99;2025-10-05T11:45:00+02:00
600;Marginal price Day Ahead market Spain;3;Spain;-0.6;2025-10-05T12:00:00+02:00
600;Marginal price Day Ahead market Spain;3;Spain;-1;2025-10-05T12:15:00+02:00
600;Marginal price Day Ahead market Spain;3;Spain;-1.06;2025-10-05T12:30:00+02:00
600;Marginal price Day Ahead market Spain;3;Spain;-1.8;2025-10-05T12:45:00+02:00
600;Marginal price Day Ahead market Spain;3;Spain;-2.02;2025-10-05T13:00:00+02:00
600;Marginal price Day Ahead market Spain;3;Spain;-2.1;2025-10-05T13:15:00+02:00
600;Marginal price Day Ahead market Spain;3;Spain;-2.27;2025-10-05T13:30:00+02:00
600;Marginal price Day Ahead market Spain;3;Spain;-2.5;2025-10-05T13:45:00+02:00
600;Marginal price Day Ahead market Spain;3;Spain;-2.64;2025-10-05T14:00:00+02:00
600;Marginal price Day Ahead market Spain;3;Spain;-2.57;2025-10-05T14:15:00+02:00
600;Marginal price Day Ahead market Spain;3;Spain;-2.5;2025-10-05T14:30:00+02:00
600;Marginal price Day Ahead market Spain;3;Spain;-2.1;2025-10-05T14:45:00+02:00
600;Marginal price Day Ahead market Spain;3;Spain;-2.1;2025-10-05T15:00:00+02:00
600;Marginal price Day Ahead market Spain;3;Spain;-1.51;2025-10-05T15:15:00+02:00
600;Marginal price Day Ahead market Spain;3;Spain;-0.62;2025-10-05T15:30:00+02:00
600;Marginal price Day Ahead market Spain;3;Spain;-0.62;2025-10-05T15:45:00+02:00
600;Marginal price Day Ahead market Spain;3;Spain;-0.99;2025-10-05T16:00:00+02:00
600;Marginal price Day Ahead market Spain;3;Spain;-0.6;2025-10-05T16:15:00+02:00
600;Marginal price Day Ahead market Spain;3;Spain;-0.48;2025-10-05T16:30:00+02:00
600;Marginal price Day Ahead market Spain;3;Spain;-0.45;2025-10-05T16:45:00+02:00
600;Marginal price Day Ahead market Spain;3;Spain;-0.45;2025-10-05T17:00:00+02:00
600;Marginal price Day Ahead market Spain;3;Spain;-0.01;2025-10-05T17:15:00+02:00
600;Marginal price Day Ahead market Spain;3;Spain;0;2025-10-05T17:30:00+02:00
600;Marginal price Day Ahead market Spain;3;Spain;0;2025-10-05T17:45:00+02:00
600;Marginal price Day Ahead market Spain;3;Spain;0.65;2025-10-05T18:00:00+02:00
600;Marginal price Day Ahead market Spain;3;Spain;3.52;2025-10-05T18:15:00+02:00
600;Marginal price Day Ahead market Spain;3;Spain;20.5;2025-10-05T18:30:00+02:00
600;Marginal price Day Ahead market Spain;3;Spain;30.8;2025-10-05T18:45:00+02:00
600;Marginal price Day Ahead market Spain;3;Spain;35.01;2025-10-05T19:00:00+02:00
600;Marginal price Day Ahead market Spain;3;Spain;44.2;2025-10-05T19:15:00+02:00
600;Marginal price Day Ahead market Spain;3;Spain;58.44;2025-10-05T19:30:00+02:00
600;Marginal price Day Ahead market Spain;3;Spain;72.05;2025-10-05T19:45:00+02:00
600;Marginal price Day Ahead market Spain;3;Spain;64.92;2025-10-05T20:00:00+02:00
600;Marginal price Day Ahead market Spain;3;Spain;64.92;2025-10-05T20:15:00+02:00
600;Marginal price Day Ahead market Spain;3;Spain;75.76;2025-10-05T20:30:00+02:00
600;Marginal price Day Ahead market Spain;3;Spain;75.76;2025-10-05T20:45:00+02:00
600;Marginal price Day Ahead market Spain;3;Spain;87.26;2025-10-05T21:00:00+02:00
600;Marginal price Day Ahead market Spain;3;Spain;87.26;2025-10-05T21:15:00+02:00
600;Marginal price Day Ahead market Spain;3;Spain;82.25;2025-10-05T21:30:00+02:00
600;Marginal price Day Ahead market Spain;3;Spain;75.76;2025-10-05T21:45:00+02:00
600;Marginal price Day Ahead market Spain;3;Spain;68.46;2025-10-05T22:00:00+02:00
600;Marginal price Day Ahead market Spain;3;Spain;64.92;2025-10-05T22:15:00+02:00
600;Marginal price Day Ahead market Spain;3;Spain;62.65;2025-10-05T22:30:00+02:00
600;Marginal price Day Ahead market Spain;3;Spain;45.93;2025-10-05T22:45:00+02:00
600;Marginal price Day Ahead market Spain;3;Spain;45.1;2025-10-05T23:00:00+02:00
600;Marginal price Day Ahead market Spain;3;Spain;45;2025-10-05T23:15:00+02:00
600;Marginal price Day Ahead market Spain;3;Spain;39.4;2025-10-05T23:30:00+02:00
600;Marginal price Day Ahead market Spain;3;Spain;35.02;2025-10-05T23:45:00+02:00
600;Marginal price Day Ahead market Spain;3;Spain;45.33;2025-10-06T00:00:00+02:00
600;Marginal price Day Ahead market Spain;3;Spain;45.2;2025-10-06T00:15:00+02:00
600;Marginal price Day Ahead market Spain;3;Spain;44.9;2025-10-06T00:30:00+02:00
600;Marginal price Day Ahead market Spain;3;Spain;44.87;2025-10-06T00:45:00+02:00
600;Marginal price Day Ahead market Spain;3;Spain;44.87;2025-10-06T01:00:00+02:00
600;Marginal price Day Ahead market Spain;3;Spain;44.8;2025-10-06T01:15:00+02:00
600;Marginal price Day Ahead market Spain;3;Spain;40;2025-10-06T01:30:00+02:00
600;Marginal price Day Ahead market Spain;3;Spain;40;2025-10-06T01:45:00+02:00
600;Marginal price Day Ahead market Spain;3;Spain;39.67;2025-10-06T02:00:00+02:00
600;Marginal price Day Ahead market Spain;3;Spain;42.79;2025-10-06T02:15:00+02:00
600;Marginal price Day Ahead market Spain;3;Spain;44.87;2025-10-06T02:30:00+02:00
600;Marginal price Day Ahead market Spain;3;Spain;44.87;2025-10-06T02:45:00+02:00
600;Marginal price Day Ahead market Spain;3;Spain;45.1;2025-10-06T03:00:00+02:00
600;Marginal price Day Ahead market Spain;3;Spain;45.12;2025-10-06T03:15:00+02:00
600;Marginal price Day Ahead market Spain;3;Spain;45.2;2025-10-06T03:30:00+02:00
600;Marginal price Day Ahead market Spain;3;Spain;45.5;2025-10-06T03:45:00+02:00
600;Marginal price Day Ahead market Spain;3;Spain;45.76;2025-10-06T04:00:00+02:00
600;Marginal price Day Ahead market Spain;3;Spain;46.1;2025-10-06T04:15:00+02:00
600;Marginal price Day Ahead market Spain;3;Spain;47.55;2025-10-06T04:30:00+02:00
600;Marginal price Day Ahead market Spain;3;Spain;47.81;2025-10-06T04:45:00+02:00
600;Marginal price Day Ahead market Spain;3;Spain;47.94;2025-10-06T05:00:00+02:00
600;Marginal price Day Ahead market Spain;3;Spain;48.2;2025-10-06T05:15:00+02:00
600;Marginal price Day Ahead market Spain;3;Spain;55;2025-10-06T05:30:00+02:00
600;Marginal price Day Ahead market Spain;3;Spain;72.1;2025-10-06T05:45:00+02:00
600;Marginal price Day Ahead market Spain;3;Spain;55.7;2025-10-06T06:00:00+02:00
600;Marginal price Day Ahead market Spain;3;Spain;81.68;2025-10-06T06:15:00+02:00
600;Marginal price Day Ahead market Spain;3;Spain;88.56;2025-10-06T06:30:00+02:00
600;Marginal price Day Ahead market Spain;3;Spain;102.28;2025-10-06T06:45:00+02:00
600;Marginal price Day Ahead market Spain;3;Spain;101.03;2025-10-06T07:00:00+02:00
600;Marginal price Day Ahead market Spain;3;Spain;113.99;2025-10-06T07:15:00+02:00
600;Marginal price Day Ahead market Spain;3;Spain;115.64;2025-10-06T07:30:00+02:00
600;Marginal price Day Ahead market Spain;3;Spain;120.74;2025-10-06T07:45:00+02:00
600;Marginal price Day Ahead market Spain;3;Spain;131.63;2025-10-06T08:00:00+02:00
600;Marginal price Day Ahead market Spain;3;Spain;130.69;2025-10-06T08:15:00+02:00
600;Marginal price Day Ahead market Spain;3;Spain;123.17;2025-10-06T08:30:00+02:00
600;Marginal price Day Ahead market Spain;3;Spain;113.55;2025-10-06T08:45:00+02:00
600;Marginal price Day Ahead market Spain;3;Spain;136.74;2025-10-06T09:00:00+02:00
600;Marginal price Day Ahead market Spain;3;Spain;110.34;2025-10-06T09:15:00+02:00
600;Marginal price Day Ahead market Spain;3;Spain;100.25;2025-10-06T09:30:00+02:00
600;Marginal price Day Ahead market Spain;3;Spain;86.28;2025-10-06T09:45:00+02:00
600;Marginal price Day Ahead market Spain;3;Spain;87.64;2025-10-06T10:00:00+02:00
600;Marginal price Day Ahead market Spain;3;Spain;82.6;2025-10-06T10:15:00+02:00
600;Marginal price Day Ahead market Spain;3;Spain;64.78;2025-10-06T10:30:00+02:00
600;Marginal price Day Ahead market Spain;3;Spain;48.07;2025-10-06T10:45:00+02:00
600;Marginal price Day Ahead market Spain;3;Spain;48.31;2025-10-06T11:00:00+02:00
600;Marginal price Day Ahead market Spain;3;Spain;47.68;2025-10-06T11:15:00+02:00
600;Marginal price Day Ahead market Spain;3;Spain;46.4;2025-10-06T11:30:00+02:00
600;Marginal price Day Ahead market Spain;3;Spain;45.5;2025-10-06T11:45:00+02:00
600;Marginal price Day Ahead market Spain;3;Spain;45.12;2025-10-06T12:00:00+02:00
600;Marginal price Day Ahead market Spain;3;Spain;44.87;2025-10-06T12:15:00+02:00
600;Marginal price Day Ahead market Spain;3;Spain;44.87;2025-10-06T12:30:00+02:00
600;Marginal price Day Ahead market Spain;3;Spain;42.88;2025-10-06T12:45:00+02:00
600;Marginal price Day Ahead market Spain;3;Spain;44.87;2025-10-06T13:00:00+02:00
600;Marginal price Day Ahead market Spain;3;Spain;44.67;2025-10-06T13:15:00+02:00
600;Marginal price Day Ahead market Spain;3;Spain;40;2025-10-06T13:30:00+02:00
600;Marginal price Day Ahead market Spain;3;Spain;36.2;2025-10-06T13:45:00+02:00
600;Marginal price Day Ahead market Spain;3;Spain;36.2;2025-10-06T14:00:00+02:00
600;Marginal price Day Ahead market Spain;3;Spain;36.64;2025-10-06T14:15:00+02:00
600;Marginal price Day Ahead market Spain;3;Spain;36.2;2025-10-06T14:30:00+02:00
600;Marginal price Day Ahead market Spain;3;Spain;36.2;2025-10-06T14:45:00+02:00
600;Marginal price Day Ahead market Spain;3;Spain;36.2;2025-10-06T15:00:00+02:00
600;Marginal price Day Ahead market Spain;3;Spain;40;2025-10-06T15:15:00+02:00
600;Marginal price Day Ahead market Spain;3;Spain;40;2025-10-06T15:30:00+02:00
600;Marginal price Day Ahead market Spain;3;Spain;45.1;2025-10-06T15:45:00+02:00
600;Marginal price Day Ahead market Spain;3;Spain;37.8;2025-10-06T16:00:00+02:00
600;Marginal price Day Ahead market Spain;3;Spain;44;2025-10-06T16:15:00+02:00
600;Marginal price Day Ahead market Spain;3;Spain;45.5;2025-10-06T16:30:00+02:00
600;Marginal price Day Ahead market Spain;3;Spain;47.81;2025-10-06T16:45:00+02:00
600;Marginal price Day Ahead market Spain;3;Spain;47.68;2025-10-06T17:00:00+02:00
600;Marginal price Day Ahead market Spain;3;Spain;60;2025-10-06T17:15:00+02:00
600;Marginal price Day Ahead market Spain;3;Spain;79.78;2025-10-06T17:30:00+02:00
600;Marginal price Day Ahead market Spain;3;Spain;87;2025-10-06T17:45:00+02:00
600;Marginal price Day Ahead market Spain;3;Spain;73.05;2025-10-06T18:00:00+02:00
600;Marginal price Day Ahead market Spain;3;Spain;86.76;2025-10-06T18:15:00+02:00
600;Marginal price Day Ahead market Spain;3;Spain;106.09;2025-10-06T18:30:00+02:00
600;Marginal price Day Ahead market Spain;3;Spain;129.82;2025-10-06T18:45:00+02:00
600;Marginal price Day Ahead market Spain;3;Spain;107.04;2025-10-06T19:00:00+02:00
600;Marginal price Day Ahead market Spain;3;Spain;125.34;2025-10-06T19:15:00+02:00
600;Marginal price Day Ahead market Spain;3;Spain;158.18;2025-10-06T19:30:00+02:00
600;Marginal price Day Ahead market Spain;3;Spain;159.99;2025-10-06T19:45:00+02:00
600;Marginal price Day Ahead market Spain;3;Spain;158.18;2025-10-06T20:00:00+02:00
600;Marginal price Day Ahead market Spain;3;Spain;161.18;2025-10-06T20:15:00+02:00
600;Marginal price Day Ahead market Spain;3;Spain;167;2025-10-06T20:30:00+02:00
600;Marginal price Day Ahead market Spain;3;Spain;167;2025-10-06T20:45:00+02:00
600;Marginal price Day Ahead market Spain;3;Spain;182.59;2025-10-06T21:00:00+02:00
600;Marginal price Day Ahead market Spain;3;Spain;175.01;2025-10-06T21:15:00+02:00
600;Marginal price Day Ahead market Spain;3;Spain;160.43;2025-10-06T21:30:00+02:00
600;Marginal price Day Ahead market Spain;3;Spain;158.93;2025-10-06T21:45:00+02:00
600;Marginal price Day Ahead market Spain;3;Spain;143.22;2025-10-06T22:00:00+02:00
600;Marginal price Day Ahead market Spain;3;Spain;126.23;2025-10-06T22:15:00+02:00
600;Marginal price Day Ahead market Spain;3;Spain;119.94;2025-10-06T22:30:00+02:00
600;Marginal price Day Ahead market Spain;3;Spain;113.55;2025-10-06T22:45:00+02:00
600;Marginal price Day Ahead market Spain;3;Spain;112.33;2025-10-06T23:00:00+02:00
600;Marginal price Day Ahead market Spain;3;Spain;106.83;2025-10-06T23:15:00+02:00
600;Marginal price Day Ahead market Spain;3;Spain;101.2;2025-10-06T23:30:00+02:00
600;Marginal price Day Ahead market Spain;3;Spain;92.16;2025-10-06T23:45:00+02:00
600;Marginal price Day Ahead market Spain;3;Spain;111.6;2025-10-07T00:00:00+02:00
600;Marginal price Day Ahead market Spain;3;Spain;110.46;2025-10-07T00:15:00+02:00
600;Marginal price Day Ahead market Spain;3;Spain;110;2025-10-07T00:30:00+02:00
600;Marginal price Day Ahead market Spain;3;Spain;109.28;2025-10-07T00:45:00+02:00
600;Marginal price Day Ahead market Spain;3;Spain;110.86;2025-10-07T01:00:00+02:00
600;Marginal price Day Ahead market Spain;3;Spain;108.89;2025-10-07T01:15:00+02:00
600;Marginal price Day Ahead market Spain;3;Spain;107.5;2025-10-07T01:30:00+02:00
600;Marginal price Day Ahead market Spain;3;Spain;107.45;2025-10-07T01:45:00+02:00
600;Marginal price Day Ahead market Spain;3;Spain;107.45;2025-10-07T02:00:00+02:00
600;Marginal price Day Ahead market Spain;3;Spain;107.45;2025-10-07T02:15:00+02:00
600;Marginal price Day Ahead market Spain;3;Spain;107.45;2025-10-07T02:30:00+02:00
600;Marginal price Day Ahead market Spain;3;Spain;106.63;2025-10-07T02:45:00+02:00
600;Marginal price Day Ahead market Spain;3;Spain;104.57;2025-10-07T03:00:00+02:00
600;Marginal price Day Ahead market Spain;3;Spain;104.17;2025-10-07T03:15:00+02:00
600;Marginal price Day Ahead market Spain;3;Spain;102.94;2025-10-07T03:30:00+02:00
600;Marginal price Day Ahead market Spain;3;Spain;102.94;2025-10-07T03:45:00+02:00
600;Marginal price Day Ahead market Spain;3;Spain;102.94;2025-10-07T04:00:00+02:00
600;Marginal price Day Ahead market Spain;3;Spain;102.94;2025-10-07T04:15:00+02:00
600;Marginal price Day Ahead market Spain;3;Spain;102.94;2025-10-07T04:30:00+02:00
600;Marginal price Day Ahead market Spain;3;Spain;104.57;2025-10-07T04:45:00+02:00
600;Marginal price Day Ahead market Spain;3;Spain;100;2025-10-07T05:00:00+02:00
600;Marginal price Day Ahead market Spain;3;Spain;101.36;2025-10-07T05:15:00+02:00
600;Marginal price Day Ahead market Spain;3;Spain;102.94;2025-10-07T05:30:00+02:00
600;Marginal price Day Ahead market Spain;3;Spain;107.42;2025-10-07T05:45:00+02:00
600;Marginal price Day Ahead market Spain;3;Spain;104.57;2025-10-07T06:00:00+02:00
600;Marginal price Day Ahead market Spain;3;Spain;108.09;2025-10-07T06:15:00+02:00
600;Marginal price Day Ahead market Spain;3;Spain;109.76;2025-10-07T06:30:00+02:00
600;Marginal price Day Ahead market Spain;3;Spain;111.6;2025-10-07T06:45:00+02:00
600;Marginal price Day Ahead market Spain;3;Spain;112.55;2025-10-07T07:00:00+02:00
600;Marginal price Day Ahead market Spain;3;Spain;117.88;2025-10-07T07:15:00+02:00
600;Marginal price Day Ahead market Spain;3;Spain;124.5;2025-10-07T07:30:00+02:00
600;Marginal price Day Ahead market Spain;3;Spain;129.12;2025-10-07T07:45:00+02:00
600;Marginal price Day Ahead market Spain;3;Spain;150.55;2025-10-07T08:00:00+02:00
600;Marginal price Day Ahead market Spain;3;Spain;135.79;2025-10-07T08:15:00+02:00
600;Marginal price Day Ahead market Spain;3;Spain;126.92;2025-10-07T08:30:00+02:00
600;Marginal price Day Ahead market Spain;3;Spain;116;2025-10-07T08:45:00+02:00
600;Marginal price Day Ahead market Spain;3;Spain;161.42;2025-10-07T09:00:00+02:00
600;Marginal price Day Ahead market Spain;3;Spain;119.77;2025-10-07T09:15:00+02:00
600;Marginal price Day Ahead market Spain;3;Spain;107.67;2025-10-07T09:30:00+02:00
600;Marginal price Day Ahead market Spain;3;Spain;83.54;2025-10-07T09:45:00+02:00
600;Marginal price Day Ahead market Spain;3;Spain;96.93;2025-10-07T10:00:00+02:00
600;Marginal price Day Ahead market Spain;3;Spain;78.72;2025-10-07T10:15:00+02:00
600;Marginal price Day Ahead market Spain;3;Spain;67.81;2025-10-07T10:30:00+02:00
600;Marginal price Day Ahead market Spain;3;Spain;60.1;2025-10-07T10:45:00+02:00
600;Marginal price Day Ahead market Spain;3;Spain;66.33;2025-10-07T11:00:00+02:00
600;Marginal price Day Ahead market Spain;3;Spain;57.12;2025-10-07T11:15:00+02:00
600;Marginal price Day Ahead market Spain;3;Spain;45;2025-10-07T11:30:00+02:00
600;Marginal price Day Ahead market Spain;3;Spain;38.6;2025-10-07T11:45:00+02:00
600;Marginal price Day Ahead market Spain;3;Spain;58.78;2025-10-07T12:00:00+02:00
600;Marginal price Day Ahead market Spain;3;Spain;50.73;2025-10-07T12:15:00+02:00
600;Marginal price Day Ahead market Spain;3;Spain;49;2025-10-07T12:30:00+02:00
600;Marginal price Day Ahead market Spain;3;Spain;45;2025-10-07T12:45:00+02:00
600;Marginal price Day Ahead market Spain;3;Spain;45;2025-10-07T13:00:00+02:00
600;Marginal price Day Ahead market Spain;3;Spain;43.42;2025-10-07T13:15:00+02:00
600;Marginal price Day Ahead market Spain;3;Spain;40;2025-10-07T13:30:00+02:00
600;Marginal price Day Ahead market Spain;3;Spain;37.2;2025-10-07T13:45:00+02:00
600;Marginal price Day Ahead market Spain;3;Spain;37.2;2025-10-07T14:00:00+02:00
600;Marginal price Day Ahead market Spain;3;Spain;35.75;2025-10-07T14:15:00+02:00
600;Marginal price Day Ahead market Spain;3;Spain;36.83;2025-10-07T14:30:00+02:00
600;Marginal price Day Ahead market Spain;3;Spain;39.58;2025-10-07T14:45:00+02:00
600;Marginal price Day Ahead market Spain;3;Spain;37.2;2025-10-07T15:00:00+02:00
600;Marginal price Day Ahead market Spain;3;Spain;40.2;2025-10-07T15:15:00+02:00
600;Marginal price Day Ahead market Spain;3;Spain;45;2025-10-07T15:30:00+02:00
600;Marginal price Day Ahead market Spain;3;Spain;48.84;2025-10-07T15:45:00+02:00
600;Marginal price Day Ahead market Spain;3;Spain;44.25;2025-10-07T16:00:00+02:00
600;Marginal price Day Ahead market Spain;3;Spain;49;2025-10-07T16:15:00+02:00
600;Marginal price Day Ahead market Spain;3;Spain;59;2025-10-07T16:30:00+02:00
600;Marginal price Day Ahead market Spain;3;Spain;67.55;2025-10-07T16:45:00+02:00
600;Marginal price Day Ahead market Spain;3;Spain;60.1;2025-10-07T17:00:00+02:00
600;Marginal price Day Ahead market Spain;3;Spain;67.81;2025-10-07T17:15:00+02:00
600;Marginal price Day Ahead market Spain;3;Spain;81.2;2025-10-07T17:30:00+02:00
600;Marginal price Day Ahead market Spain;3;Spain;101.76;2025-10-07T17:45:00+02:00
600;Marginal price Day Ahead market Spain;3;Spain;84.22;2025-10-07T18:00:00+02:00
600;Marginal price Day Ahead market Spain;3;Spain;104.57;2025-10-07T18:15:00+02:00
600;Marginal price Day Ahead market Spain;3;Spain;115.8;2025-10-07T18:30:00+02:00
600;Marginal price Day Ahead market Spain;3;Spain;133.99;2025-10-07T18:45:00+02:00
600;Marginal price Day Ahead market Spain;3;Spain;118.73;2025-10-07T19:00:00+02:00
600;Marginal price Day Ahead market Spain;3;Spain;130.34;2025-10-07T19:15:00+02:00
600;Marginal price Day Ahead market Spain;3;Spain;170.13;2025-10-07T19:30:00+02:00
600;Marginal price Day Ahead market Spain;3;Spain;180.81;2025-10-07T19:45:00+02:00
600;Marginal price Day Ahead market Spain;3;Spain;175;2025-10-07T20:00:00+02:00
600;Marginal price Day Ahead market Spain;3;Spain;160.09;2025-10-07T20:15:00+02:00
600;Marginal price Day Ahead market Spain;3;Spain;169.68;2025-10-07T20:30:00+02:00
600;Marginal price Day Ahead market Spain;3;Spain;168.63;2025-10-07T20:45:00+02:00
600;Marginal price Day Ahead market Spain;3;Spain;175;2025-10-07T21:00:00+02:00
600;Marginal price Day Ahead market Spain;3;Spain;168;2025-10-07T21:15:00+02:00
600;Marginal price Day Ahead market Spain;3;Spain;153.06;2025-10-07T21:30:00+02:00
600;Marginal price Day Ahead market Spain;3;Spain;129.11;2025-10-07T21:45:00+02:00
600;Marginal price Day Ahead market Spain;3;Spain;126.23;2025-10-07T22:00:00+02:00
600;Marginal price Day Ahead market Spain;3;Spain;120;2025-10-07T22:15:00+02:00
600;Marginal price Day Ahead market Spain;3;Spain;117;2025-10-07T22:30:00+02:00
600;Marginal price Day Ahead market Spain;3;Spain;115.8;2025-10-07T22:45:00+02:00
600;Marginal price Day Ahead market Spain;3;Spain;117.88;2025-10-07T23:00:00+02:00
600;Marginal price Day Ahead market Spain;3;Spain;116.28;2025-10-07T23:15:00+02:00
600;Marginal price Day Ahead market Spain;3;Spain;114;2025-10-07T23:30:00+02:00
600;Marginal price Day Ahead market Spain;3;Spain;111;2025-10-07T23:45:00+02:00
600;Marginal price Day Ahead market Spain;3;Spain;112.52;2025-10-08T00:00:00+02:00
600;Marginal price Day Ahead market Spain;3;Spain;111.92;2025-10-08T00:15:00+02:00
600;Marginal price Day Ahead market Spain;3;Spain;111.79;2025-10-08T00:30:00+02:00
600;Marginal price Day Ahead market Spain;3;Spain;110;2025-10-08T00:45:00+02:00
600;Marginal price Day Ahead market Spain;3;Spain;106;2025-10-08T01:00:00+02:00
600;Marginal price Day Ahead market Spain;3;Spain;105.01;2025-10-08T01:15:00+02:00
600;Marginal price Day Ahead market Spain;3;Spain;103.78;2025-10-08T01:30:00+02:00
600;Marginal price Day Ahead market Spain;3;Spain;102.2;2025-10-08T01:45:00+02:00
600;Marginal price Day Ahead market Spain;3;Spain;102.2;2025-10-08T02:00:00+02:00
600;Marginal price Day Ahead market Spain;3;Spain;101.37;2025-10-08T02:15:00+02:00
600;Marginal price Day Ahead market Spain;3;Spain;101;2025-10-08T02:30:00+02:00
600;Marginal price Day Ahead market Spain;3;Spain;100.01;2025-10-08T02:45:00+02:00
600;Marginal price Day Ahead market Spain;3;Spain;100;2025-10-08T03:00:00+02:00
600;Marginal price Day Ahead market Spain;3;Spain;100;2025-10-08T03:15:00+02:00
600;Marginal price Day Ahead market Spain;3;Spain;99.99;2025-10-08T03:30:00+02:00
600;Marginal price Day Ahead market Spain;3;Spain;99;2025-10-08T03:45:00+02:00
600;Marginal price Day Ahead market Spain;3;Spain;100;2025-10-08T04:00:00+02:00
600;Marginal price Day Ahead market Spain;3;Spain;100;2025-10-08T04:15:00+02:00
600;Marginal price Day Ahead market Spain;3;Spain;100;2025-10-08T04:30:00+02:00
600;Marginal price Day Ahead market Spain;3;Spain;100;2025-10-08T04:45:00+02:00
600;Marginal price Day Ahead market Spain;3;Spain;94.6;2025-10-08T05:00:00+02:00
600;Marginal price Day Ahead market Spain;3;Spain;96;2025-10-08T05:15:00+02:00
600;Marginal price Day Ahead market Spain;3;Spain;98.62;2025-10-08T05:30:00+02:00
600;Marginal price Day Ahead market Spain;3;Spain;101;2025-10-08T05:45:00+02:00
600;Marginal price Day Ahead market Spain;3;Spain;100;2025-10-08T06:00:00+02:00
600;Marginal price Day Ahead market Spain;3;Spain;102.2;2025-10-08T06:15:00+02:00
600;Marginal price Day Ahead market Spain;3;Spain;106.94;2025-10-08T06:30:00+02:00
600;Marginal price Day Ahead market Spain;3;Spain;111.8;2025-10-08T06:45:00+02:00
600;Marginal price Day Ahead market Spain;3;Spain;113.99;2025-10-08T07:00:00+02:00
600;Marginal price Day Ahead market Spain;3;Spain;121.28;2025-10-08T07:15:00+02:00
600;Marginal price Day Ahead market Spain;3;Spain;134.79;2025-10-08T07:30:00+02:00
600;Marginal price Day Ahead market Spain;3;Spain;146.52;2025-10-08T07:45:00+02:00
600;Marginal price Day Ahead market Spain;3;Spain;188.82;2025-10-08T08:00:00+02:00
600;Marginal price Day Ahead market Spain;3;Spain;160.79;2025-10-08T08:15:00+02:00
600;Marginal price Day Ahead market Spain;3;Spain;145.94;2025-10-08T08:30:00+02:00
600;Marginal price Day Ahead market Spain;3;Spain;121.52;2025-10-08T08:45:00+02:00
600;Marginal price Day Ahead market Spain;3;Spain;133.41;2025-10-08T09:00:00+02:00
600;Marginal price Day Ahead market Spain;3;Spain;111.8;2025-10-08T09:15:00+02:00
600;Marginal price Day Ahead market Spain;3;Spain;102.2;2025-10-08T09:30:00+02:00
600;Marginal price Day Ahead market Spain;3;Spain;92;2025-10-08T09:45:00+02:00
600;Marginal price Day Ahead market Spain;3;Spain;110.22;2025-10-08T10:00:00+02:00
600;Marginal price Day Ahead market Spain;3;Spain;102.2;2025-10-08T10:15:00+02:00
600;Marginal price Day Ahead market Spain;3;Spain;97.86;2025-10-08T10:30:00+02:00
600;Marginal price Day Ahead market Spain;3;Spain;81.83;2025-10-08T10:45:00+02:00
600;Marginal price Day Ahead market Spain;3;Spain;100.62;2025-10-08T11:00:00+02:00
600;Marginal price Day Ahead market Spain;3;Spain;85;2025-10-08T11:15:00+02:00
600;Marginal price Day Ahead market Spain;3;Spain;70;2025-10-08T11:30:00+02:00
600;Marginal price Day Ahead market Spain;3;Spain;63.33;2025-10-08T11:45:00+02:00
600;Marginal price Day Ahead market Spain;3;Spain;80.77;2025-10-08T12:00:00+02:00
600;Marginal price Day Ahead market Spain;3;Spain;76.49;2025-10-08T12:15:00+02:00
600;Marginal price Day Ahead market Spain;3;Spain;75;2025-10-08T12:30:00+02:00
600;Marginal price Day Ahead market Spain;3;Spain;72.5;2025-10-08T12:45:00+02:00
600;Marginal price Day Ahead market Spain;3;Spain;75.39;2025-10-08T13:00:00+02:00
600;Marginal price Day Ahead market Spain;3;Spain;70.58;2025-10-08T13:15:00+02:00
600;Marginal price Day Ahead market Spain;3;Spain;63.5;2025-10-08T13:30:00+02:00
600;Marginal price Day Ahead market Spain;3;Spain;63.33;2025-10-08T13:45:00+02:00
600;Marginal price Day Ahead market Spain;3;Spain;63.33;2025-10-08T14:00:00+02:00
600;Marginal price Day Ahead market Spain;3;Spain;63.33;2025-10-08T14:15:00+02:00
600;Marginal price Day Ahead market Spain;3;Spain;63.12;2025-10-08T14:30:00+02:00
600;Marginal price Day Ahead market Spain;3;Spain;63.12;2025-10-08T14:45:00+02:00
600;Marginal price Day Ahead market Spain;3;Spain;59.84;2025-10-08T15:00:00+02:00
600;Marginal price Day Ahead market Spain;3;Spain;62.2;2025-10-08T15:15:00+02:00
600;Marginal price Day Ahead market Spain;3;Spain;62.87;2025-10-08T15:30:00+02:00
600;Marginal price Day Ahead market Spain;3;Spain;62.87;2025-10-08T15:45:00+02:00
600;Marginal price Day Ahead market Spain;3;Spain;47.78;2025-10-08T16:00:00+02:00
600;Marginal price Day Ahead market Spain;3;Spain;51;2025-10-08T16:15:00+02:00
600;Marginal price Day Ahead market Spain;3;Spain;60.1;2025-10-08T16:30:00+02:00
600;Marginal price Day Ahead market Spain;3;Spain;63.33;2025-10-08T16:45:00+02:00
600;Marginal price Day Ahead market Spain;3;Spain;60.68;2025-10-08T17:00:00+02:00
600;Marginal price Day Ahead market Spain;3;Spain;70;2025-10-08T17:15:00+02:00
600;Marginal price Day Ahead market Spain;3;Spain;84.62;2025-10-08T17:30:00+02:00
600;Marginal price Day Ahead market Spain;3;Spain;90.89;2025-10-08T17:45:00+02:00
600;Marginal price Day Ahead market Spain;3;Spain;65;2025-10-08T18:00:00+02:00
600;Marginal price Day Ahead market Spain;3;Spain;86.05;2025-10-08T18:15:00+02:00
600;Marginal price Day Ahead market Spain;3;Spain;102.2;2025-10-08T18:30:00+02:00
600;Marginal price Day Ahead market Spain;3;Spain;110.87;2025-10-08T18:45:00+02:00
600;Marginal price Day Ahead market Spain;3;Spain;111.6;2025-10-08T19:00:00+02:00
600;Marginal price Day Ahead market Spain;3;Spain;121.73;2025-10-08T19:15:00+02:00
600;Marginal price Day Ahead market Spain;3;Spain;158.81;2025-10-08T19:30:00+02:00
600;Marginal price Day Ahead market Spain;3;Spain;175;2025-10-08T19:45:00+02:00
600;Marginal price Day Ahead market Spain;3;Spain;158.93;2025-10-08T20:00:00+02:00
600;Marginal price Day Ahead market Spain;3;Spain;150.05;2025-10-08T20:15:00+02:00
600;Marginal price Day Ahead market Spain;3;Spain;128.49;2025-10-08T20:30:00+02:00
600;Marginal price Day Ahead market Spain;3;Spain;118.73;2025-10-08T20:45:00+02:00
600;Marginal price Day Ahead market Spain;3;Spain;120.28;2025-10-08T21:00:00+02:00
600;Marginal price Day Ahead market Spain;3;Spain;114.05;2025-10-08T21:15:00+02:00
600;Marginal price Day Ahead market Spain;3;Spain;111.8;2025-10-08T21:30:00+02:00
600;Marginal price Day Ahead market Spain;3;Spain;106.94;2025-10-08T21:45:00+02:00
600;Marginal price Day Ahead market Spain;3;Spain;111.8;2025-10-08T22:00:00+02:00
600;Marginal price Day Ahead market Spain;3;Spain;108.67;2025-10-08T22:15:00+02:00
600;Marginal price Day Ahead market Spain;3;Spain;105.01;2025-10-08T22:30:00+02:00
600;Marginal price Day Ahead market Spain;3;Spain;100;2025-10-08T22:45:00+02:00
600;Marginal price Day Ahead market Spain;3;Spain;102.2;2025-10-08T23:00:00+02:00
600;Marginal price Day Ahead market Spain;3;Spain;99.79;2025-10-08T23:15:00+02:00
600;Marginal price Day Ahead market Spain;3;Spain;95.48;2025-10-08T23:30:00+02:00
600;Marginal price Day Ahead market Spain;3;Spain;90;2025-10-08T23:45:00+02:00
600;Marginal price Day Ahead market Spain;3;Spain;101.03;2025-10-09T00:00:00+02:00
600;Marginal price Day Ahead market Spain;3;Spain;100.01;2025-10-09T00:15:00+02:00
600;Marginal price Day Ahead market Spain;3;Spain;88;2025-10-09T00:30:00+02:00
600;Marginal price Day Ahead market Spain;3;Spain;80.42;2025-10-09T00:45:00+02:00
600;Marginal price Day Ahead market Spain;3;Spain;88;2025-10-09T01:00:00+02:00
600;Marginal price Day Ahead market Spain;3;Spain;80.42;2025-10-09T01:15:00+02:00
600;Marginal price Day Ahead market Spain;3;Spain;80.4;2025-10-09T01:30:00+02:00
600;Marginal price Day Ahead market Spain;3;Spain;75;2025-10-09T01:45:00+02:00
600;Marginal price Day Ahead market Spain;3;Spain;83.41;2025-10-09T02:00:00+02:00
600;Marginal price Day Ahead market Spain;3;Spain;80.42;2025-10-09T02:15:00+02:00
600;Marginal price Day Ahead market Spain;3;Spain;79.4;2025-10-09T02:30:00+02:00
600;Marginal price Day Ahead market Spain;3;Spain;72.55;2025-10-09T02:45:00+02:00
600;Marginal price Day Ahead market Spain;3;Spain;75.2;2025-10-09T03:00:00+02:00
600;Marginal price Day Ahead market Spain;3;Spain;70;2025-10-09T03:15:00+02:00
600;Marginal price Day Ahead market Spain;3;Spain;69.22;2025-10-09T03:30:00+02:00
600;Marginal price Day Ahead market Spain;3;Spain;65;2025-10-09T03:45:00+02:00
600;Marginal price Day Ahead market Spain;3;Spain;65;2025-10-09T04:00:00+02:00
600;Marginal price Day Ahead market Spain;3;Spain;65;2025-10-09T04:15:00+02:00
600;Marginal price Day Ahead market Spain;3;Spain;65;2025-10-09T04:30:00+02:00
600;Marginal price Day Ahead market Spain;3;Spain;67.32;2025-10-09T04:45:00+02:00
600;Marginal price Day Ahead market Spain;3;Spain;60.5;2025-10-09T05:00:00+02:00
600;Marginal price Day Ahead market Spain;3;Spain;64.5;2025-10-09T05:15:00+02:00
600;Marginal price Day Ahead market Spain;3;Spain;70;2025-10-09T05:30:00+02:00
600;Marginal price Day Ahead market Spain;3;Spain;78.88;2025-10-09T05:45:00+02:00
600;Marginal price Day Ahead market Spain;3;Spain;75.84;2025-10-09T06:00:00+02:00
600;Marginal price Day Ahead market Spain;3;Spain;80.42;2025-10-09T06:15:00+02:00
600;Marginal price Day Ahead market Spain;3;Spain;89.83;2025-10-09T06:30:00+02:00
600;Marginal price Day Ahead market Spain;3;Spain;97.02;2025-10-09T06:45:00+02:00
600;Marginal price Day Ahead market Spain;3;Spain;94;2025-10-09T07:00:00+02:00
600;Marginal price Day Ahead market Spain;3;Spain;100.01;2025-10-09T07:15:00+02:00
600;Marginal price Day Ahead market Spain;3;Spain;105.37;2025-10-09T07:30:00+02:00
600;Marginal price Day Ahead market Spain;3;Spain;108.13;2025-10-09T07:45:00+02:00
600;Marginal price Day Ahead market Spain;3;Spain;113.01;2025-10-09T08:00:00+02:00
600;Marginal price Day Ahead market Spain;3;Spain;113.02;2025-10-09T08:15:00+02:00
600;Marginal price Day Ahead market Spain;3;Spain;112.71;2025-10-09T08:30:00+02:00
600;Marginal price Day Ahead market Spain;3;Spain;106.36;2025-10-09T08:45:00+02:00
600;Marginal price Day Ahead market Spain;3;Spain;104.94;2025-10-09T09:00:00+02:00
600;Marginal price Day Ahead market Spain;3;Spain;103.36;2025-10-09T09:15:00+02:00
600;Marginal price Day Ahead market Spain;3;Spain;89.83;2025-10-09T09:30:00+02:00
600;Marginal price Day Ahead market Spain;3;Spain;66.1;2025-10-09T09:45:00+02:00
600;Marginal price Day Ahead market Spain;3;Spain;58.07;2025-10-09T10:00:00+02:00
600;Marginal price Day Ahead market Spain;3;Spain;57.42;2025-10-09T10:15:00+02:00
600;Marginal price Day Ahead market Spain;3;Spain;23;2025-10-09T10:30:00+02:00
600;Marginal price Day Ahead market Spain;3;Spain;1.1;2025-10-09T10:45:00+02:00
600;Marginal price Day Ahead market Spain;3;Spain;30.2;2025-10-09T11:00:00+02:00
600;Marginal price Day Ahead market Spain;3;Spain;11.6;2025-10-09T11:15:00+02:00
600;Marginal price Day Ahead market Spain;3;Spain;6;2025-10-09T11:30:00+02:00
600;Marginal price Day Ahead market Spain;3;Spain;2.4;2025-10-09T11:45:00+02:00
600;Marginal price Day Ahead market Spain;3;Spain;6;2025-10-09T12:00:00+02:00
600;Marginal price Day Ahead market Spain;3;Spain;5.11;2025-10-09T12:15:00+02:00
600;Marginal price Day Ahead market Spain;3;Spain;5.1;2025-10-09T12:30:00+02:00
600;Marginal price Day Ahead market Spain;3;Spain;4.96;2025-10-09T12:45:00+02:00
600;Marginal price Day Ahead market Spain;3;Spain;10;2025-10-09T13:00:00+02:00
600;Marginal price Day Ahead market Spain;3;Spain;10;2025-10-09T13:15:00+02:00
600;Marginal price Day Ahead market Spain;3;Spain;10;2025-10-09T13:30:00+02:00
600;Marginal price Day Ahead market Spain;3;Spain;7.7;2025-10-09T13:45:00+02:00
600;Marginal price Day Ahead market Spain;3;Spain;6;2025-10-09T14:00:00+02:00
600;Marginal price Day Ahead market Spain;3;Spain;6;2025-10-09T14:15:00+02:00
600;Marginal price Day Ahead market Spain;3;Spain;6;2025-10-09T14:30:00+02:00
600;Marginal price Day Ahead market Spain;3;Spain;6;2025-10-09T14:45:00+02:00
600;Marginal price Day Ahead market Spain;3;Spain;5.11;2025-10-09T15:00:00+02:00
600;Marginal price Day Ahead market Spain;3;Spain;5.11;2025-10-09T15:15:00+02:00
600;Marginal price Day Ahead market Spain;3;Spain;6;2025-10-09T15:30:00+02:00
600;Marginal price Day Ahead market Spain;3;Spain;7.7;2025-10-09T15:45:00+02:00
600;Marginal price Day Ahead market Spain;3;Spain;5.11;2025-10-09T16:00:00+02:00
600;Marginal price Day Ahead market Spain;3;Spain;6;2025-10-09T16:15:00+02:00
600;Marginal price Day Ahead market Spain;3;Spain;16.46;2025-10-09T16:30:00+02:00
600;Marginal price Day Ahead market Spain;3;Spain;21.74;2025-10-09T16:45:00+02:00
600;Marginal price Day Ahead market Spain;3;Spain;13.83;2025-10-09T17:00:00+02:00
600;Marginal price Day Ahead market Spain;3;Spain;30.2;2025-10-09T17:15:00+02:00
600;Marginal price Day Ahead market Spain;3;Spain;57.42;2025-10-09T17:30:00+02:00
600;Marginal price Day Ahead market Spain;3;Spain;57.68;2025-10-09T17:45:00+02:00
600;Marginal price Day Ahead market Spain;3;Spain;35.99;2025-10-09T18:00:00+02:00
600;Marginal price Day Ahead market Spain;3;Spain;58.07;2025-10-09T18:15:00+02:00
600;Marginal price Day Ahead market Spain;3;Spain;81.23;2025-10-09T18:30:00+02:00
600;Marginal price Day Ahead market Spain;3;Spain;100.2;2025-10-09T18:45:00+02:00
600;Marginal price Day Ahead market Spain;3;Spain;93.36;2025-10-09T19:00:00+02:00
600;Marginal price Day Ahead market Spain;3;Spain;100.19;2025-10-09T19:15:00+02:00
600;Marginal price Day Ahead market Spain;3;Spain;110.23;2025-10-09T19:30:00+02:00
600;Marginal price Day Ahead market Spain;3;Spain;120.2;2025-10-09T19:45:00+02:00
600;Marginal price Day Ahead market Spain;3;Spain;122.29;2025-10-09T20:00:00+02:00
600;Marginal price Day Ahead market Spain;3;Spain;117.2;2025-10-09T20:15:00+02:00
600;Marginal price Day Ahead market Spain;3;Spain;111.79;2025-10-09T20:30:00+02:00
600;Marginal price Day Ahead market Spain;3;Spain;106.55;2025-10-09T20:45:00+02:00
600;Marginal price Day Ahead market Spain;3;Spain;109.81;2025-10-09T21:00:00+02:00
600;Marginal price Day Ahead market Spain;3;Spain;104.59;2025-10-09T21:15:00+02:00
600;Marginal price Day Ahead market Spain;3;Spain;99.54;2025-10-09T21:30:00+02:00
600;Marginal price Day Ahead market Spain;3;Spain;92.8;2025-10-09T21:45:00+02:00
600;Marginal price Day Ahead market Spain;3;Spain;101.37;2025-10-09T22:00:00+02:00
600;Marginal price Day Ahead market Spain;3;Spain;94.94;2025-10-09T22:15:00+02:00
600;Marginal price Day Ahead market Spain;3;Spain;93.76;2025-10-09T22:30:00+02:00
600;Marginal price Day Ahead market Spain;3;Spain;90.2;2025-10-09T22:45:00+02:00
600;Marginal price Day Ahead market Spain;3;Spain;102.72;2025-10-09T23:00:00+02:00
600;Marginal price Day Ahead market Spain;3;Spain;97.98;2025-10-09T23:15:00+02:00
600;Marginal price Day Ahead market Spain;3;Spain;89.83;2025-10-09T23:30:00+02:00
600;Marginal price Day Ahead market Spain;3;Spain;80.42;2025-10-09T23:45:00+02:00
600;Marginal price Day Ahead market Spain;3;Spain;98.23;2025-10-10T00:00:00+02:00
600;Marginal price Day Ahead market Spain;3;Spain;90.01;2025-10-10T00:15:00+02:00
600;Marginal price Day Ahead market Spain;3;Spain;86.63;2025-10-10T00:30:00+02:00
600;Marginal price Day Ahead market Spain;3;Spain;81.2;2025-10-10T00:45:00+02:00
600;Marginal price Day Ahead market Spain;3;Spain;90.89;2025-10-10T01:00:00+02:00
600;Marginal price Day Ahead market Spain;3;Spain;84.5;2025-10-10T01:15:00+02:00
600;Marginal price Day Ahead market Spain;3;Spain;83.5;2025-10-10T01:30:00+02:00
600;Marginal price Day Ahead market Spain;3;Spain;81.17;2025-10-10T01:45:00+02:00
600;Marginal price Day Ahead market Spain;3;Spain;83.18;2025-10-10T02:00:00+02:00
600;Marginal price Day Ahead market Spain;3;Spain;79.99;2025-10-10T02:15:00+02:00
600;Marginal price Day Ahead market Spain;3;Spain;78.8;2025-10-10T02:30:00+02:00
600;Marginal price Day Ahead market Spain;3;Spain;78;2025-10-10T02:45:00+02:00
600;Marginal price Day Ahead market Spain;3;Spain;75;2025-10-10T03:00:00+02:00
600;Marginal price Day Ahead market Spain;3;Spain;72;2025-10-10T03:15:00+02:00
600;Marginal price Day Ahead market Spain;3;Spain;73.9;2025-10-10T03:30:00+02:00
600;Marginal price Day Ahead market Spain;3;Spain;70.92;2025-10-10T03:45:00+02:00
600;Marginal price Day Ahead market Spain;3;Spain;66;2025-10-10T04:00:00+02:00
600;Marginal price Day Ahead market Spain;3;Spain;66;2025-10-10T04:15:00+02:00
600;Marginal price Day Ahead market Spain;3;Spain;70.01;2025-10-10T04:30:00+02:00
600;Marginal price Day Ahead market Spain;3;Spain;77;2025-10-10T04:45:00+02:00
600;Marginal price Day Ahead market Spain;3;Spain;70.92;2025-10-10T05:00:00+02:00
600;Marginal price Day Ahead market Spain;3;Spain;77.89;2025-10-10T05:15:00+02:00
600;Marginal price Day Ahead market Spain;3;Spain;81.75;2025-10-10T05:30:00+02:00
600;Marginal price Day Ahead market Spain;3;Spain;84.92;2025-10-10T05:45:00+02:00
600;Marginal price Day Ahead market Spain;3;Spain;86.27;2025-10-10T06:00:00+02:00
600;Marginal price Day Ahead market Spain;3;Spain;96.88;2025-10-10T06:15:00+02:00
600;Marginal price Day Ahead market Spain;3;Spain;97;2025-10-10T06:30:00+02:00
600;Marginal price Day Ahead market Spain;3;Spain;99.78;2025-10-10T06:45:00+02:00
600;Marginal price Day Ahead market Spain;3;Spain;92.23;2025-10-10T07:00:00+02:00
600;Marginal price Day Ahead market Spain;3;Spain;100.01;2025-10-10T07:15:00+02:00
600;Marginal price Day Ahead market Spain;3;Spain;104.96;2025-10-10T07:30:00+02:00
600;Marginal price Day Ahead market Spain;3;Spain;104.96;2025-10-10T07:45:00+02:00
600;Marginal price Day Ahead market Spain;3;Spain;111.8;2025-10-10T08:00:00+02:00
600;Marginal price Day Ahead market Spain;3;Spain;111.73;2025-10-10T08:15:00+02:00
600;Marginal price Day Ahead market Spain;3;Spain;109.4;2025-10-10T08:30:00+02:00
600;Marginal price Day Ahead market Spain;3;Spain;96.01;2025-10-10T08:45:00+02:00
600;Marginal price Day Ahead market Spain;3;Spain;105.18;2025-10-10T09:00:00+02:00
600;Marginal price Day Ahead market Spain;3;Spain;101.28;2025-10-10T09:15:00+02:00
600;Marginal price Day Ahead market Spain;3;Spain;90.89;2025-10-10T09:30:00+02:00
600;Marginal price Day Ahead market Spain;3;Spain;78;2025-10-10T09:45:00+02:00
600;Marginal price Day Ahead market Spain;3;Spain;60.2;2025-10-10T10:00:00+02:00
600;Marginal price Day Ahead market Spain;3;Spain;59.75;2025-10-10T10:15:00+02:00
600;Marginal price Day Ahead market Spain;3;Spain;44.03;2025-10-10T10:30:00+02:00
600;Marginal price Day Ahead market Spain;3;Spain;30.2;2025-10-10T10:45:00+02:00
600;Marginal price Day Ahead market Spain;3;Spain;48.57;2025-10-10T11:00:00+02:00
600;Marginal price Day Ahead market Spain;3;Spain;41;2025-10-10T11:15:00+02:00
600;Marginal price Day Ahead market Spain;3;Spain;42.1;2025-10-10T11:30:00+02:00
600;Marginal price Day Ahead market Spain;3;Spain;40.01;2025-10-10T11:45:00+02:00
600;Marginal price Day Ahead market Spain;3;Spain;42.81;2025-10-10T12:00:00+02:00
600;Marginal price Day Ahead market Spain;3;Spain;41;2025-10-10T12:15:00+02:00
600;Marginal price Day Ahead market Spain;3;Spain;44.23;2025-10-10T12:30:00+02:00
600;Marginal price Day Ahead market Spain;3;Spain;47.59;2025-10-10T12:45:00+02:00
600;Marginal price Day Ahead market Spain;3;Spain;46.88;2025-10-10T13:00:00+02:00
600;Marginal price Day Ahead market Spain;3;Spain;39.77;2025-10-10T13:15:00+02:00
600;Marginal price Day Ahead market Spain;3;Spain;34.4;2025-10-10T13:30:00+02:00
600;Marginal price Day Ahead market Spain;3;Spain;43.26;2025-10-10T13:45:00+02:00
600;Marginal price Day Ahead market Spain;3;Spain;32.5;2025-10-10T14:00:00+02:00
600;Marginal price Day Ahead market Spain;3;Spain;30.2;2025-10-10T14:15:00+02:00
600;Marginal price Day Ahead market Spain;3;Spain;30.2;2025-10-10T14:30:00+02:00
600;Marginal price Day Ahead market Spain;3;Spain;40;2025-10-10T14:45:00+02:00
600;Marginal price Day Ahead market Spain;3;Spain;31.65;2025-10-10T15:00:00+02:00
600;Marginal price Day Ahead market Spain;3;Spain;44.88;2025-10-10T15:15:00+02:00
600;Marginal price Day Ahead market Spain;3;Spain;51.31;2025-10-10T15:30:00+02:00
600;Marginal price Day Ahead market Spain;3;Spain;55;2025-10-10T15:45:00+02:00
600;Marginal price Day Ahead market Spain;3;Spain;40;2025-10-10T16:00:00+02:00
600;Marginal price Day Ahead market Spain;3;Spain;49;2025-10-10T16:15:00+02:00
600;Marginal price Day Ahead market Spain;3;Spain;59.55;2025-10-10T16:30:00+02:00
600;Marginal price Day Ahead market Spain;3;Spain;60.2;2025-10-10T16:45:00+02:00
600;Marginal price Day Ahead market Spain;3;Spain;57;2025-10-10T17:00:00+02:00
600;Marginal price Day Ahead market Spain;3;Spain;75.22;2025-10-10T17:15:00+02:00
600;Marginal price Day Ahead market Spain;3;Spain;85.48;2025-10-10T17:30:00+02:00
600;Marginal price Day Ahead market Spain;3;Spain;100;2025-10-10T17:45:00+02:00
600;Marginal price Day Ahead market Spain;3;Spain;78;2025-10-10T18:00:00+02:00
600;Marginal price Day Ahead market Spain;3;Spain;92.94;2025-10-10T18:15:00+02:00
600;Marginal price Day Ahead market Spain;3;Spain;101.76;2025-10-10T18:30:00+02:00
600;Marginal price Day Ahead market Spain;3;Spain;111.8;2025-10-10T18:45:00+02:00
600;Marginal price Day Ahead market Spain;3;Spain;105.2;2025-10-10T19:00:00+02:00
600;Marginal price Day Ahead market Spain;3;Spain;111.8;2025-10-10T19:15:00+02:00
600;Marginal price Day Ahead market Spain;3;Spain;121.22;2025-10-10T19:30:00+02:00
600;Marginal price Day Ahead market Spain;3;Spain;121.8;2025-10-10T19:45:00+02:00
600;Marginal price Day Ahead market Spain;3;Spain;124.39;2025-10-10T20:00:00+02:00
600;Marginal price Day Ahead market Spain;3;Spain;119;2025-10-10T20:15:00+02:00
600;Marginal price Day Ahead market Spain;3;Spain;113.99;2025-10-10T20:30:00+02:00
600;Marginal price Day Ahead market Spain;3;Spain;112.49;2025-10-10T20:45:00+02:00
600;Marginal price Day Ahead market Spain;3;Spain;111.8;2025-10-10T21:00:00+02:00
600;Marginal price Day Ahead market Spain;3;Spain;111.43;2025-10-10T21:15:00+02:00
600;Marginal price Day Ahead market Spain;3;Spain;107.79;2025-10-10T21:30:00+02:00
600;Marginal price Day Ahead market Spain;3;Spain;101.37;2025-10-10T21:45:00+02:00
600;Marginal price Day Ahead market Spain;3;Spain;107.83;2025-10-10T22:00:00+02:00
600;Marginal price Day Ahead market Spain;3;Spain;104.63;2025-10-10T22:15:00+02:00
600;Marginal price Day Ahead market Spain;3;Spain;101.37;2025-10-10T22:30:00+02:00
600;Marginal price Day Ahead market Spain;3;Spain;99.9;2025-10-10T22:45:00+02:00
600;Marginal price Day Ahead market Spain;3;Spain;105.01;2025-10-10T23:00:00+02:00
600;Marginal price Day Ahead market Spain;3;Spain;101.43;2025-10-10T23:15:00+02:00
600;Marginal price Day Ahead market Spain;3;Spain;101.37;2025-10-10T23:30:00+02:00
600;Marginal price Day Ahead market Spain;3;Spain;100.01;2025-10-10T23:45:00+02:00
600;Marginal price Day Ahead market Spain;3;Spain;109.02;2025-10-11T00:00:00+02:00
600;Marginal price Day Ahead market Spain;3;Spain;106.26;2025-10-11T00:15:00+02:00
600;Marginal price Day Ahead market Spain;3;Spain;106.26;2025-10-11T00:30:00+02:00
600;Marginal price Day Ahead market Spain;3;Spain;106.24;2025-10-11T00:45:00+02:00
600;Marginal price Day Ahead market Spain;3;Spain;105.9;2025-10-11T01:00:00+02:00
600;Marginal price Day Ahead market Spain;3;Spain;105.52;2025-10-11T01:15:00+02:00
600;Marginal price Day Ahead market Spain;3;Spain;105.28;2025-10-11T01:30:00+02:00
600;Marginal price Day Ahead market Spain;3;Spain;105.1;2025-10-11T01:45:00+02:00
600;Marginal price Day Ahead market Spain;3;Spain;105.04;2025-10-11T02:00:00+02:00
600;Marginal price Day Ahead market Spain;3;Spain;104.8;2025-10-11T02:15:00+02:00
600;Marginal price Day Ahead market Spain;3;Spain;103;2025-10-11T02:30:00+02:00
600;Marginal price Day Ahead market Spain;3;Spain;102.4;2025-10-11T02:45:00+02:00
600;Marginal price Day Ahead market Spain;3;Spain;101.37;2025-10-11T03:00:00+02:00
600;Marginal price Day Ahead market Spain;3;Spain;101.37;2025-10-11T03:15:00+02:00
600;Marginal price Day Ahead market Spain;3;Spain;100;2025-10-11T03:30:00+02:00
600;Marginal price Day Ahead market Spain;3;Spain;101.37;2025-10-11T03:45:00+02:00
600;Marginal price Day Ahead market Spain;3;Spain;100;2025-10-11T04:00:00+02:00
600;Marginal price Day Ahead market Spain;3;Spain;100;2025-10-11T04:15:00+02:00
600;Marginal price Day Ahead market Spain;3;Spain;100;2025-10-11T04:30:00+02:00
600;Marginal price Day Ahead market Spain;3;Spain;101.37;2025-10-11T04:45:00+02:00
600;Marginal price Day Ahead market Spain;3;Spain;101.37;2025-10-11T05:00:00+02:00
600;Marginal price Day Ahead market Spain;3;Spain;101.37;2025-10-11T05:15:00+02:00
600;Marginal price Day Ahead market Spain;3;Spain;101.8;2025-10-11T05:30:00+02:00
600;Marginal price Day Ahead market Spain;3;Spain;103;2025-10-11T05:45:00+02:00
600;Marginal price Day Ahead market Spain;3;Spain;100;2025-10-11T06:00:00+02:00
600;Marginal price Day Ahead market Spain;3;Spain;101.37;2025-10-11T06:15:00+02:00
600;Marginal price Day Ahead market Spain;3;Spain;103;2025-10-11T06:30:00+02:00
600;Marginal price Day Ahead market Spain;3;Spain;105.04;2025-10-11T06:45:00+02:00
600;Marginal price Day Ahead market Spain;3;Spain;100.28;2025-10-11T07:00:00+02:00
600;Marginal price Day Ahead market Spain;3;Spain;101;2025-10-11T07:15:00+02:00
600;Marginal price Day Ahead market Spain;3;Spain;101.37;2025-10-11T07:30:00+02:00
600;Marginal price Day Ahead market Spain;3;Spain;103;2025-10-11T07:45:00+02:00
600;Marginal price Day Ahead market Spain;3;Spain;103.96;2025-10-11T08:00:00+02:00
600;Marginal price Day Ahead market Spain;3;Spain;103;2025-10-11T08:15:00+02:00
600;Marginal price Day Ahead market Spain;3;Spain;101.37;2025-10-11T08:30:00+02:00
600;Marginal price Day Ahead market Spain;3;Spain;100.04;2025-10-11T08:45:00+02:00
600;Marginal price Day Ahead market Spain;3;Spain;106;2025-10-11T09:00:00+02:00
600;Marginal price Day Ahead market Spain;3;Spain;96.43;2025-10-11T09:15:00+02:00
600;Marginal price Day Ahead market Spain;3;Spain;77.23;2025-10-11T09:30:00+02:00
600;Marginal price Day Ahead market Spain;3;Spain;63.1;2025-10-11T09:45:00+02:00
600;Marginal price Day Ahead market Spain;3;Spain;65.99;2025-10-11T10:00:00+02:00
600;Marginal price Day Ahead market Spain;3;Spain;63.55;2025-10-11T10:15:00+02:00
600;Marginal price Day Ahead market Spain;3;Spain;55.63;2025-10-11T10:30:00+02:00
600;Marginal price Day Ahead market Spain;3;Spain;30.2;2025-10-11T10:45:00+02:00
600;Marginal price Day Ahead market Spain;3;Spain;40;2025-10-11T11:00:00+02:00
600;Marginal price Day Ahead market Spain;3;Spain;16.9;2025-10-11T11:15:00+02:00
600;Marginal price Day Ahead market Spain;3;Spain;10.1;2025-10-11T11:30:00+02:00
600;Marginal price Day Ahead market Spain;3;Spain;6;2025-10-11T11:45:00+02:00
600;Marginal price Day Ahead market Spain;3;Spain;5.2;2025-10-11T12:00:00+02:00
600;Marginal price Day Ahead market Spain;3;Spain;5.01;2025-10-11T12:15:00+02:00
600;Marginal price Day Ahead market Spain;3;Spain;5;2025-10-11T12:30:00+02:00
600;Marginal price Day Ahead market Spain;3;Spain;4.31;2025-10-11T12:45:00+02:00
600;Marginal price Day Ahead market Spain;3;Spain;5;2025-10-11T13:00:00+02:00
600;Marginal price Day Ahead market Spain;3;Spain;4.44;2025-10-11T13:15:00+02:00
600;Marginal price Day Ahead market Spain;3;Spain;4.31;2025-10-11T13:30:00+02:00
600;Marginal price Day Ahead market Spain;3;Spain;4.01;2025-10-11T13:45:00+02:00
600;Marginal price Day Ahead market Spain;3;Spain;3.52;2025-10-11T14:00:00+02:00
600;Marginal price Day Ahead market Spain;3;Spain;4.31;2025-10-11T14:15:00+02:00
600;Marginal price Day Ahead market Spain;3;Spain;4.01;2025-10-11T14:30:00+02:00
600;Marginal price Day Ahead market Spain;3;Spain;3.52;2025-10-11T14:45:00+02:00
600;Marginal price Day Ahead market Spain;3;Spain;3.52;2025-10-11T15:00:00+02:00
600;Marginal price Day Ahead market Spain;3;Spain;3.52;2025-10-11T15:15:00+02:00
600;Marginal price Day Ahead market Spain;3;Spain;3.52;2025-10-11T15:30:00+02:00
600;Marginal price Day Ahead market Spain;3;Spain;4.31;2025-10-11T15:45:00+02:00
600;Marginal price Day Ahead market Spain;3;Spain;3.52;2025-10-11T16:00:00+02:00
600;Marginal price Day Ahead market Spain;3;Spain;4.31;2025-10-11T16:15:00+02:00
600;Marginal price Day Ahead market Spain;3;Spain;5.76;2025-10-11T16:30:00+02:00
600;Marginal price Day Ahead market Spain;3;Spain;16.46;2025-10-11T16:45:00+02:00
600;Marginal price Day Ahead market Spain;3;Spain;15.88;2025-10-11T17:00:00+02:00
600;Marginal price Day Ahead market Spain;3;Spain;30.2;2025-10-11T17:15:00+02:00
600;Marginal price Day Ahead market Spain;3;Spain;57.65;2025-10-11T17:30:00+02:00
600;Marginal price Day Ahead market Spain;3;Spain;64.2;2025-10-11T17:45:00+02:00
600;Marginal price Day Ahead market Spain;3;Spain;63.42;2025-10-11T18:00:00+02:00
600;Marginal price Day Ahead market Spain;3;Spain;77.22;2025-10-11T18:15:00+02:00
600;Marginal price Day Ahead market Spain;3;Spain;90.61;2025-10-11T18:30:00+02:00
600;Marginal price Day Ahead market Spain;3;Spain;101;2025-10-11T18:45:00+02:00
600;Marginal price Day Ahead market Spain;3;Spain;100.52;2025-10-11T19:00:00+02:00
600;Marginal price Day Ahead market Spain;3;Spain;105.1;2025-10-11T19:15:00+02:00
600;Marginal price Day Ahead market Spain;3;Spain;109.02;2025-10-11T19:30:00+02:00
600;Marginal price Day Ahead market Spain;3;Spain;111.76;2025-10-11T19:45:00+02:00
600;Marginal price Day Ahead market Spain;3;Spain;109.02;2025-10-11T20:00:00+02:00
600;Marginal price Day Ahead market Spain;3;Spain;109.02;2025-10-11T20:15:00+02:00
600;Marginal price Day Ahead market Spain;3;Spain;107.5;2025-10-11T20:30:00+02:00
600;Marginal price Day Ahead market Spain;3;Spain;107.5;2025-10-11T20:45:00+02:00
600;Marginal price Day Ahead market Spain;3;Spain;111.44;2025-10-11T21:00:00+02:00
600;Marginal price Day Ahead market Spain;3;Spain;111.26;2025-10-11T21:15:00+02:00
600;Marginal price Day Ahead market Spain;3;Spain;109.02;2025-10-11T21:30:00+02:00
600;Marginal price Day Ahead market Spain;3;Spain;107.5;2025-10-11T21:45:00+02:00
600;Marginal price Day Ahead market Spain;3;Spain;109.02;2025-10-11T22:00:00+02:00
600;Marginal price Day Ahead market Spain;3;Spain;107.5;2025-10-11T22:15:00+02:00
600;Marginal price Day Ahead market Spain;3;Spain;106.34;2025-10-11T22:30:00+02:00
600;Marginal price Day Ahead market Spain;3;Spain;105.1;2025-10-11T22:45:00+02:00
600;Marginal price Day Ahead market Spain;3;Spain;106.34;2025-10-11T23:00:00+02:00
600;Marginal price Day Ahead market Spain;3;Spain;105.9;2025-10-11T23:15:00+02:00
600;Marginal price Day Ahead market Spain;3;Spain;105;2025-10-11T23:30:00+02:00
600;Marginal price Day Ahead market Spain;3;Spain;101.37;2025-10-11T23:45:00+02:00
600;Marginal price Day Ahead market Spain;3;Spain;106.8;2025-10-12T00:00:00+02:00
600;Marginal price Day Ahead market Spain;3;Spain;105.82;2025-10-12T00:15:00+02:00
600;Marginal price Day Ahead market Spain;3;Spain;103.8;2025-10-12T00:30:00+02:00
600;Marginal price Day Ahead market Spain;3;Spain;103.8;2025-10-12T00:45:00+02:00
600;Marginal price Day Ahead market Spain;3;Spain;103.42;2025-10-12T01:00:00+02:00
600;Marginal price Day Ahead market Spain;3;Spain;101.37;2025-10-12T01:15:00+02:00
600;Marginal price Day Ahead market Spain;3;Spain;101.34;2025-10-12T01:30:00+02:00
600;Marginal price Day Ahead market Spain;3;Spain;101.34;2025-10-12T01:45:00+02:00
600;Marginal price Day Ahead market Spain;3;Spain;90.1;2025-10-12T02:00:00+02:00
600;Marginal price Day Ahead market Spain;3;Spain;80;2025-10-12T02:15:00+02:00
600;Marginal price Day Ahead market Spain;3;Spain;77.5;2025-10-12T02:30:00+02:00
600;Marginal price Day Ahead market Spain;3;Spain;77.5;2025-10-12T02:45:00+02:00
600;Marginal price Day Ahead market Spain;3;Spain;77.12;2025-10-12T03:00:00+02:00
600;Marginal price Day Ahead market Spain;3;Spain;77.12;2025-10-12T03:15:00+02:00
600;Marginal price Day Ahead market Spain;3;Spain;76.87;2025-10-12T03:30:00+02:00
600;Marginal price Day Ahead market Spain;3;Spain;76.87;2025-10-12T03:45:00+02:00
600;Marginal price Day Ahead market Spain;3;Spain;77.5;2025-10-12T04:00:00+02:00
600;Marginal price Day Ahead market Spain;3;Spain;77.5;2025-10-12T04:15:00+02:00
600;Marginal price Day Ahead market Spain;3;Spain;77.5;2025-10-12T04:30:00+02:00
600;Marginal price Day Ahead market Spain;3;Spain;77.5;2025-10-12T04:45:00+02:00
600;Marginal price Day Ahead market Spain;3;Spain;77.5;2025-10-12T05:00:00+02:00
600;Marginal price Day Ahead market Spain;3;Spain;77.5;2025-10-12T05:15:00+02:00
600;Marginal price Day Ahead market Spain;3;Spain;77.5;2025-10-12T05:30:00+02:00
600;Marginal price Day Ahead market Spain;3;Spain;77.5;2025-10-12T05:45:00+02:00
600;Marginal price Day Ahead market Spain;3;Spain;76.87;2025-10-12T06:00:00+02:00
600;Marginal price Day Ahead market Spain;3;Spain;77.14;2025-10-12T06:15:00+02:00
600;Marginal price Day Ahead market Spain;3;Spain;77.12;2025-10-12T06:30:00+02:00
600;Marginal price Day Ahead market Spain;3;Spain;77.5;2025-10-12T06:45:00+02:00
600;Marginal price Day Ahead market Spain;3;Spain;77.33;2025-10-12T07:00:00+02:00
600;Marginal price Day Ahead market Spain;3;Spain;83.66;2025-10-12T07:15:00+02:00
600;Marginal price Day Ahead market Spain;3;Spain;78.55;2025-10-12T07:30:00+02:00
600;Marginal price Day Ahead market Spain;3;Spain;86.36;2025-10-12T07:45:00+02:00
600;Marginal price Day Ahead market Spain;3;Spain;93.32;2025-10-12T08:00:00+02:00
600;Marginal price Day Ahead market Spain;3;Spain;86.35;2025-10-12T08:15:00+02:00
600;Marginal price Day Ahead market Spain;3;Spain;84.3;2025-10-12T08:30:00+02:00
600;Marginal price Day Ahead market Spain;3;Spain;76.87;2025-10-12T08:45:00+02:00
600;Marginal price Day Ahead market Spain;3;Spain;83.72;2025-10-12T09:00:00+02:00
600;Marginal price Day Ahead market Spain;3;Spain;75;2025-10-12T09:15:00+02:00
600;Marginal price Day Ahead market Spain;3;Spain;67.82;2025-10-12T09:30:00+02:00
600;Marginal price Day Ahead market Spain;3;Spain;35.76;2025-10-12T09:45:00+02:00
600;Marginal price Day Ahead market Spain;3;Spain;50.77;2025-10-12T10:00:00+02:00
600;Marginal price Day Ahead market Spain;3;Spain;30.2;2025-10-12T10:15:00+02:00
600;Marginal price Day Ahead market Spain;3;Spain;15.11;2025-10-12T10:30:00+02:00
600;Marginal price Day Ahead market Spain;3;Spain;0.83;2025-10-12T10:45:00+02:00
600;Marginal price Day Ahead market Spain;3;Spain;3.52;2025-10-12T11:00:00+02:00
600;Marginal price Day Ahead market Spain;3;Spain;0.83;2025-10-12T11:15:00+02:00
600;Marginal price Day Ahead market Spain;3;Spain;0.65;2025-10-12T11:30:00+02:00
600;Marginal price Day Ahead market Spain;3;Spain;0.16;2025-10-12T11:45:00+02:00
600;Marginal price Day Ahead market Spain;3;Spain;0.65;2025-10-12T12:00:00+02:00
600;Marginal price Day Ahead market Spain;3;Spain;0.65;2025-10-12T12:15:00+02:00
600;Marginal price Day Ahead market Spain;3;Spain;0.65;2025-10-12T12:30:00+02:00
600;Marginal price Day Ahead market Spain;3;Spain;0.65;2025-10-12T12:45:00+02:00
600;Marginal price Day Ahead market Spain;3;Spain;0.75;2025-10-12T13:00:00+02:00
600;Marginal price Day Ahead market Spain;3;Spain;1;2025-10-12T13:15:00+02:00
600;Marginal price Day Ahead market Spain;3;Spain;1.2;2025-10-12T13:30:00+02:00
600;Marginal price Day Ahead market Spain;3;Spain;1.2;2025-10-12T13:45:00+02:00
600;Marginal price Day Ahead market Spain;3;Spain;1.72;2025-10-12T14:00:00+02:00
600;Marginal price Day Ahead market Spain;3;Spain;1.72;2025-10-12T14:15:00+02:00
600;Marginal price Day Ahead market Spain;3;Spain;1.72;2025-10-12T14:30:00+02:00
600;Marginal price Day Ahead market Spain;3;Spain;1.72;2025-10-12T14:45:00+02:00
600;Marginal price Day Ahead market Spain;3;Spain;0.65;2025-10-12T15:00:00+02:00
600;Marginal price Day Ahead market Spain;3;Spain;0.89;2025-10-12T15:15:00+02:00
600;Marginal price Day Ahead market Spain;3;Spain;0.92;2025-10-12T15:30:00+02:00
600;Marginal price Day Ahead market Spain;3;Spain;3.52;2025-10-12T15:45:00+02:00
600;Marginal price Day Ahead market Spain;3;Spain;1.72;2025-10-12T16:00:00+02:00
600;Marginal price Day Ahead market Spain;3;Spain;3.52;2025-10-12T16:15:00+02:00
600;Marginal price Day Ahead market Spain;3;Spain;7.36;2025-10-12T16:30:00+02:00
600;Marginal price Day Ahead market Spain;3;Spain;16.35;2025-10-12T16:45:00+02:00
600;Marginal price Day Ahead market Spain;3;Spain;15.11;2025-10-12T17:00:00+02:00
600;Marginal price Day Ahead market Spain;3;Spain;21.37;2025-10-12T17:15:00+02:00
600;Marginal price Day Ahead market Spain;3;Spain;40.78;2025-10-12T17:30:00+02:00
600;Marginal price Day Ahead market Spain;3;Spain;60.41;2025-10-12T17:45:00+02:00
600;Marginal price Day Ahead market Spain;3;Spain;61;2025-10-12T18:00:00+02:00
600;Marginal price Day Ahead market Spain;3;Spain;76.5;2025-10-12T18:15:00+02:00
600;Marginal price Day Ahead market Spain;3;Spain;102.79;2025-10-12T18:30:00+02:00
600;Marginal price Day Ahead market Spain;3;Spain;105;2025-10-12T18:45:00+02:00
600;Marginal price Day Ahead market Spain;3;Spain;104.1;2025-10-12T19:00:00+02:00
600;Marginal price Day Ahead market Spain;3;Spain;108.72;2025-10-12T19:15:00+02:00
600;Marginal price Day Ahead market Spain;3;Spain;111.79;2025-10-12T19:30:00+02:00
600;Marginal price Day Ahead market Spain;3;Spain;113;2025-10-12T19:45:00+02:00
600;Marginal price Day Ahead market Spain;3;Spain;114.78;2025-10-12T20:00:00+02:00
600;Marginal price Day Ahead market Spain;3;Spain;116.33;2025-10-12T20:15:00+02:00
600;Marginal price Day Ahead market Spain;3;Spain;114.65;2025-10-12T20:30:00+02:00
600;Marginal price Day Ahead market Spain;3;Spain;114.78;2025-10-12T20:45:00+02:00
600;Marginal price Day Ahead market Spain;3;Spain;116.34;2025-10-12T21:00:00+02:00
600;Marginal price Day Ahead market Spain;3;Spain;116.34;2025-10-12T21:15:00+02:00
600;Marginal price Day Ahead market Spain;3;Spain;114.78;2025-10-12T21:30:00+02:00
600;Marginal price Day Ahead market Spain;3;Spain;113;2025-10-12T21:45:00+02:00
600;Marginal price Day Ahead market Spain;3;Spain;116.13;2025-10-12T22:00:00+02:00
600;Marginal price Day Ahead market Spain;3;Spain;113.24;2025-10-12T22:15:00+02:00
600;Marginal price Day Ahead market Spain;3;Spain;113;2025-10-12T22:30:00+02:00
600;Marginal price Day Ahead market Spain;3;Spain;112.2;2025-10-12T22:45:00+02:00
600;Marginal price Day Ahead market Spain;3;Spain;111.79;2025-10-12T23:00:00+02:00
600;Marginal price Day Ahead market Spain;3;Spain;110.87;2025-10-12T23:15:00+02:00
600;Marginal price Day Ahead market Spain;3;Spain;109.4;2025-10-12T23:30:00+02:00
600;Marginal price Day Ahead market Spain;3;Spain;106.8;2025-10-12T23:45:00+02:00
600;Marginal price Day Ahead market Spain;3;Spain;101.37;2025-10-13T00:00:00+02:00
600;Marginal price Day Ahead market Spain;3;Spain;101.34;2025-10-13T00:15:00+02:00
600;Marginal price Day Ahead market Spain;3;Spain;101.34;2025-10-13T00:30:00+02:00
600;Marginal price Day Ahead market Spain;3;Spain;100;2025-10-13T00:45:00+02:00
600;Marginal price Day Ahead market Spain;3;Spain;91;2025-10-13T01:00:00+02:00
600;Marginal price Day Ahead market Spain;3;Spain;95.07;2025-10-13T01:15:00+02:00
600;Marginal price Day Ahead market Spain;3;Spain;92.58;2025-10-13T01:30:00+02:00
600;Marginal price Day Ahead market Spain;3;Spain;90.1;2025-10-13T01:45:00+02:00
600;Marginal price Day Ahead market Spain;3;Spain;85;2025-10-13T02:00:00+02:00
600;Marginal price Day Ahead market Spain;3;Spain;83.77;2025-10-13T02:15:00+02:00
600;Marginal price Day Ahead market Spain;3;Spain;82.5;2025-10-13T02:30:00+02:00
600;Marginal price Day Ahead market Spain;3;Spain;84.25;2025-10-13T02:45:00+02:00
600;Marginal price Day Ahead market Spain;3;Spain;90.8;2025-10-13T03:00:00+02:00
600;Marginal price Day Ahead market Spain;3;Spain;91.41;2025-10-13T03:15:00+02:00
600;Marginal price Day Ahead market Spain;3;Spain;93;2025-10-13T03:30:00+02:00
600;Marginal price Day Ahead market Spain;3;Spain;93.47;2025-10-13T03:45:00+02:00
600;Marginal price Day Ahead market Spain;3;Spain;93.47;2025-10-13T04:00:00+02:00
600;Marginal price Day Ahead market Spain;3;Spain;95.07;2025-10-13T04:15:00+02:00
600;Marginal price Day Ahead market Spain;3;Spain;95.07;2025-10-13T04:30:00+02:00
600;Marginal price Day Ahead market Spain;3;Spain;96.67;2025-10-13T04:45:00+02:00
600;Marginal price Day Ahead market Spain;3;Spain;100;2025-10-13T05:00:00+02:00
600;Marginal price Day Ahead market Spain;3;Spain;101.34;2025-10-13T05:15:00+02:00
600;Marginal price Day Ahead market Spain;3;Spain;101.37;2025-10-13T05:30:00+02:00
600;Marginal price Day Ahead market Spain;3;Spain;105;2025-10-13T05:45:00+02:00
600;Marginal price Day Ahead market Spain;3;Spain;101.37;2025-10-13T06:00:00+02:00
600;Marginal price Day Ahead market Spain;3;Spain;105.17;2025-10-13T06:15:00+02:00
600;Marginal price Day Ahead market Spain;3;Spain;107.57;2025-10-13T06:30:00+02:00
600;Marginal price Day Ahead market Spain;3;Spain;109.57;2025-10-13T06:45:00+02:00
600;Marginal price Day Ahead market Spain;3;Spain;113.28;2025-10-13T07:00:00+02:00
600;Marginal price Day Ahead market Spain;3;Spain;114.36;2025-10-13T07:15:00+02:00
600;Marginal price Day Ahead market Spain;3;Spain;115.94;2025-10-13T07:30:00+02:00
600;Marginal price Day Ahead market Spain;3;Spain;117.2;2025-10-13T07:45:00+02:00
600;Marginal price Day Ahead market Spain;3;Spain;129.29;2025-10-13T08:00:00+02:00
600;Marginal price Day Ahead market Spain;3;Spain;130.25;2025-10-13T08:15:00+02:00
600;Marginal price Day Ahead market Spain;3;Spain;129.29;2025-10-13T08:30:00+02:00
600;Marginal price Day Ahead market Spain;3;Spain;120.82;2025-10-13T08:45:00+02:00
600;Marginal price Day Ahead market Spain;3;Spain;140.33;2025-10-13T09:00:00+02:00
600;Marginal price Day Ahead market Spain;3;Spain;118.6;2025-10-13T09:15:00+02:00
600;Marginal price Day Ahead market Spain;3;Spain;113.28;2025-10-13T09:30:00+02:00
600;Marginal price Day Ahead market Spain;3;Spain;110;2025-10-13T09:45:00+02:00
600;Marginal price Day Ahead market Spain;3;Spain;112.47;2025-10-13T10:00:00+02:00
600;Marginal price Day Ahead market Spain;3;Spain;106.86;2025-10-13T10:15:00+02:00
600;Marginal price Day Ahead market Spain;3;Spain;101.37;2025-10-13T10:30:00+02:00
600;Marginal price Day Ahead market Spain;3;Spain;95.07;2025-10-13T10:45:00+02:00
600;Marginal price Day Ahead market Spain;3;Spain;101.37;2025-10-13T11:00:00+02:00
600;Marginal price Day Ahead market Spain;3;Spain;92.47;2025-10-13T11:15:00+02:00
600;Marginal price Day Ahead market Spain;3;Spain;81.48;2025-10-13T11:30:00+02:00
600;Marginal price Day Ahead market Spain;3;Spain;78.12;2025-10-13T11:45:00+02:00
600;Marginal price Day Ahead market Spain;3;Spain;78.33;2025-10-13T12:00:00+02:00
600;Marginal price Day Ahead market Spain;3;Spain;77.07;2025-10-13T12:15:00+02:00
600;Marginal price Day Ahead market Spain;3;Spain;77.07;2025-10-13T12:30:00+02:00
600;Marginal price Day Ahead market Spain;3;Spain;76.68;2025-10-13T12:45:00+02:00
600;Marginal price Day Ahead market Spain;3;Spain;73.47;2025-10-13T13:00:00+02:00
600;Marginal price Day Ahead market Spain;3;Spain;70.2;2025-10-13T13:15:00+02:00
600;Marginal price Day Ahead market Spain;3;Spain;70;2025-10-13T13:30:00+02:00
600;Marginal price Day Ahead market Spain;3;Spain;68;2025-10-13T13:45:00+02:00
600;Marginal price Day Ahead market Spain;3;Spain;68;2025-10-13T14:00:00+02:00
600;Marginal price Day Ahead market Spain;3;Spain;68.93;2025-10-13T14:15:00+02:00
600;Marginal price Day Ahead market Spain;3;Spain;69.1;2025-10-13T14:30:00+02:00
600;Marginal price Day Ahead market Spain;3;Spain;68.76;2025-10-13T14:45:00+02:00
600;Marginal price Day Ahead market Spain;3;Spain;60.1;2025-10-13T15:00:00+02:00
600;Marginal price Day Ahead market Spain;3;Spain;61;2025-10-13T15:15:00+02:00
600;Marginal price Day Ahead market Spain;3;Spain;65;2025-10-13T15:30:00+02:00
600;Marginal price Day Ahead market Spain;3;Spain;68.76;2025-10-13T15:45:00+02:00
600;Marginal price Day Ahead market Spain;3;Spain;68;2025-10-13T16:00:00+02:00
600;Marginal price Day Ahead market Spain;3;Spain;69.1;2025-10-13T16:15:00+02:00
600;Marginal price Day Ahead market Spain;3;Spain;70;2025-10-13T16:30:00+02:00
600;Marginal price Day Ahead market Spain;3;Spain;76.55;2025-10-13T16:45:00+02:00
600;Marginal price Day Ahead market Spain;3;Spain;65;2025-10-13T17:00:00+02:00
600;Marginal price Day Ahead market Spain;3;Spain;71.5;2025-10-13T17:15:00+02:00
600;Marginal price Day Ahead market Spain;3;Spain;86.3;2025-10-13T17:30:00+02:00
600;Marginal price Day Ahead market Spain;3;Spain;94.25;2025-10-13T17:45:00+02:00
600;Marginal price Day Ahead market Spain;3;Spain;85.16;2025-10-13T18:00:00+02:00
600;Marginal price Day Ahead market Spain;3;Spain;101.34;2025-10-13T18:15:00+02:00
600;Marginal price Day Ahead market Spain;3;Spain;101.37;2025-10-13T18:30:00+02:00
600;Marginal price Day Ahead market Spain;3;Spain;111.78;2025-10-13T18:45:00+02:00
600;Marginal price Day Ahead market Spain;3;Spain;117.2;2025-10-13T19:00:00+02:00
600;Marginal price Day Ahead market Spain;3;Spain;119.24;2025-10-13T19:15:00+02:00
600;Marginal price Day Ahead market Spain;3;Spain;137.11;2025-10-13T19:30:00+02:00
600;Marginal price Day Ahead market Spain;3;Spain;154.76;2025-10-13T19:45:00+02:00
600;Marginal price Day Ahead market Spain;3;Spain;158.18;2025-10-13T20:00:00+02:00
600;Marginal price Day Ahead market Spain;3;Spain;161.18;2025-10-13T20:15:00+02:00
600;Marginal price Day Ahead market Spain;3;Spain;165;2025-10-13T20:30:00+02:00
600;Marginal price Day Ahead market Spain;3;Spain;164;2025-10-13T20:45:00+02:00
600;Marginal price Day Ahead market Spain;3;Spain;167.29;2025-10-13T21:00:00+02:00
600;Marginal price Day Ahead market Spain;3;Spain;163.7;2025-10-13T21:15:00+02:00
600;Marginal price Day Ahead market Spain;3;Spain;160.43;2025-10-13T21:30:00+02:00
600;Marginal price Day Ahead market Spain;3;Spain;150.53;2025-10-13T21:45:00+02:00
600;Marginal price Day Ahead market Spain;3;Spain;146.82;2025-10-13T22:00:00+02:00
600;Marginal price Day Ahead market Spain;3;Spain;128.94;2025-10-13T22:15:00+02:00
600;Marginal price Day Ahead market Spain;3;Spain;122.84;2025-10-13T22:30:00+02:00
600;Marginal price Day Ahead market Spain;3;Spain;118.4;2025-10-13T22:45:00+02:00
600;Marginal price Day Ahead market Spain;3;Spain;116.34;2025-10-13T23:00:00+02:00
600;Marginal price Day Ahead market Spain;3;Spain;115;2025-10-13T23:15:00+02:00
600;Marginal price Day Ahead market Spain;3;Spain;114.36;2025-10-13T23:30:00+02:00
600;Marginal price Day Ahead market Spain;3;Spain;114.36;2025-10-13T23:45:00+02:00
600;Marginal price Day Ahead market Spain;3;Spain;117.5;2025-10-14T00:00:00+02:00
600;Marginal price Day Ahead market Spain;3;Spain;116.53;2025-10-14T00:15:00+02:00
600;Marginal price Day Ahead market Spain;3;Spain;116.12;2025-10-14T00:30:00+02:00
600;Marginal price Day Ahead market Spain;3;Spain;115;2025-10-14T00:45:00+02:00
600;Marginal price Day Ahead market Spain;3;Spain;111.16;2025-10-14T01:00:00+02:00
600;Marginal price Day Ahead market Spain;3;Spain;109.09;2025-10-14T01:15:00+02:00
600;Marginal price Day Ahead market Spain;3;Spain;108.49;2025-10-14T01:30:00+02:00
600;Marginal price Day Ahead market Spain;3;Spain;108.13;2025-10-14T01:45:00+02:00
600;Marginal price Day Ahead market Spain;3;Spain;107.24;2025-10-14T02:00:00+02:00
600;Marginal price Day Ahead market Spain;3;Spain;107.24;2025-10-14T02:15:00+02:00
600;Marginal price Day Ahead market Spain;3;Spain;106.88;2025-10-14T02:30:00+02:00
600;Marginal price Day Ahead market Spain;3;Spain;106.88;2025-10-14T02:45:00+02:00
600;Marginal price Day Ahead market Spain;3;Spain;107.09;2025-10-14T03:00:00+02:00
600;Marginal price Day Ahead market Spain;3;Spain;106.88;2025-10-14T03:15:00+02:00
600;Marginal price Day Ahead market Spain;3;Spain;106.88;2025-10-14T03:30:00+02:00
600;Marginal price Day Ahead market Spain;3;Spain;106.88;2025-10-14T03:45:00+02:00
600;Marginal price Day Ahead market Spain;3;Spain;107.22;2025-10-14T04:00:00+02:00
600;Marginal price Day Ahead market Spain;3;Spain;107.22;2025-10-14T04:15:00+02:00
600;Marginal price Day Ahead market Spain;3;Spain;107.22;2025-10-14T04:30:00+02:00
600;Marginal price Day Ahead market Spain;3;Spain;107.22;2025-10-14T04:45:00+02:00
600;Marginal price Day Ahead market Spain;3;Spain;107.22;2025-10-14T05:00:00+02:00
600;Marginal price Day Ahead market Spain;3;Spain;107.22;2025-10-14T05:15:00+02:00
600;Marginal price Day Ahead market Spain;3;Spain;108.49;2025-10-14T05:30:00+02:00
600;Marginal price Day Ahead market Spain;3;Spain;111.06;2025-10-14T05:45:00+02:00
600;Marginal price Day Ahead market Spain;3;Spain;113.21;2025-10-14T06:00:00+02:00
600;Marginal price Day Ahead market Spain;3;Spain;114.6;2025-10-14T06:15:00+02:00
600;Marginal price Day Ahead market Spain;3;Spain;116;2025-10-14T06:30:00+02:00
600;Marginal price Day Ahead market Spain;3;Spain;118.52;2025-10-14T06:45:00+02:00
600;Marginal price Day Ahead market Spain;3;Spain;118.17;2025-10-14T07:00:00+02:00
600;Marginal price Day Ahead market Spain;3;Spain;122.94;2025-10-14T07:15:00+02:00
600;Marginal price Day Ahead market Spain;3;Spain;133.45;2025-10-14T07:30:00+02:00
600;Marginal price Day Ahead market Spain;3;Spain;131.95;2025-10-14T07:45:00+02:00
600;Marginal price Day Ahead market Spain;3;Spain;157.78;2025-10-14T08:00:00+02:00
600;Marginal price Day Ahead market Spain;3;Spain;160.43;2025-10-14T08:15:00+02:00
600;Marginal price Day Ahead market Spain;3;Spain;158.42;2025-10-14T08:30:00+02:00
600;Marginal price Day Ahead market Spain;3;Spain;146.82;2025-10-14T08:45:00+02:00
600;Marginal price Day Ahead market Spain;3;Spain;157.89;2025-10-14T09:00:00+02:00
600;Marginal price Day Ahead market Spain;3;Spain;120.01;2025-10-14T09:15:00+02:00
600;Marginal price Day Ahead market Spain;3;Spain;110.78;2025-10-14T09:30:00+02:00
600;Marginal price Day Ahead market Spain;3;Spain;101.37;2025-10-14T09:45:00+02:00
600;Marginal price Day Ahead market Spain;3;Spain;113.51;2025-10-14T10:00:00+02:00
600;Marginal price Day Ahead market Spain;3;Spain;110.82;2025-10-14T10:15:00+02:00
600;Marginal price Day Ahead market Spain;3;Spain;101.37;2025-10-14T10:30:00+02:00
600;Marginal price Day Ahead market Spain;3;Spain;96;2025-10-14T10:45:00+02:00
600;Marginal price Day Ahead market Spain;3;Spain;100.5;2025-10-14T11:00:00+02:00
600;Marginal price Day Ahead market Spain;3;Spain;86.3;2025-10-14T11:15:00+02:00
600;Marginal price Day Ahead market Spain;3;Spain;84.34;2025-10-14T11:30:00+02:00
600;Marginal price Day Ahead market Spain;3;Spain;81.01;2025-10-14T11:45:00+02:00
600;Marginal price Day Ahead market Spain;3;Spain;79.55;2025-10-14T12:00:00+02:00
600;Marginal price Day Ahead market Spain;3;Spain;79.42;2025-10-14T12:15:00+02:00
600;Marginal price Day Ahead market Spain;3;Spain;76.1;2025-10-14T12:30:00+02:00
600;Marginal price Day Ahead market Spain;3;Spain;72.35;2025-10-14T12:45:00+02:00
600;Marginal price Day Ahead market Spain;3;Spain;70.1;2025-10-14T13:00:00+02:00
600;Marginal price Day Ahead market Spain;3;Spain;69.93;2025-10-14T13:15:00+02:00
600;Marginal price Day Ahead market Spain;3;Spain;65;2025-10-14T13:30:00+02:00
600;Marginal price Day Ahead market Spain;3;Spain;62;2025-10-14T13:45:00+02:00
600;Marginal price Day Ahead market Spain;3;Spain;64;2025-10-14T14:00:00+02:00
600;Marginal price Day Ahead market Spain;3;Spain;66;2025-10-14T14:15:00+02:00
600;Marginal price Day Ahead market Spain;3;Spain;63.28;2025-10-14T14:30:00+02:00
600;Marginal price Day Ahead market Spain;3;Spain;60.7;2025-10-14T14:45:00+02:00
600;Marginal price Day Ahead market Spain;3;Spain;56;2025-10-14T15:00:00+02:00
600;Marginal price Day Ahead market Spain;3;Spain;60.32;2025-10-14T15:15:00+02:00
600;Marginal price Day Ahead market Spain;3;Spain;62;2025-10-14T15:30:00+02:00
600;Marginal price Day Ahead market Spain;3;Spain;68.55;2025-10-14T15:45:00+02:00
600;Marginal price Day Ahead market Spain;3;Spain;56.95;2025-10-14T16:00:00+02:00
600;Marginal price Day Ahead market Spain;3;Spain;68;2025-10-14T16:15:00+02:00
600;Marginal price Day Ahead market Spain;3;Spain;72.91;2025-10-14T16:30:00+02:00
600;Marginal price Day Ahead market Spain;3;Spain;79.55;2025-10-14T16:45:00+02:00
600;Marginal price Day Ahead market Spain;3;Spain;72.17;2025-10-14T17:00:00+02:00
600;Marginal price Day Ahead market Spain;3;Spain;80.07;2025-10-14T17:15:00+02:00
600;Marginal price Day Ahead market Spain;3;Spain;91.19;2025-10-14T17:30:00+02:00
600;Marginal price Day Ahead market Spain;3;Spain;104.36;2025-10-14T17:45:00+02:00
600;Marginal price Day Ahead market Spain;3;Spain;107.46;2025-10-14T18:00:00+02:00
600;Marginal price Day Ahead market Spain;3;Spain;110.62;2025-10-14T18:15:00+02:00
600;Marginal price Day Ahead market Spain;3;Spain;114.03;2025-10-14T18:30:00+02:00
600;Marginal price Day Ahead market Spain;3;Spain;117.2;2025-10-14T18:45:00+02:00
600;Marginal price Day Ahead market Spain;3;Spain;120.78;2025-10-14T19:00:00+02:00
600;Marginal price Day Ahead market Spain;3;Spain;134;2025-10-14T19:15:00+02:00
600;Marginal price Day Ahead market Spain;3;Spain;160.11;2025-10-14T19:30:00+02:00
600;Marginal price Day Ahead market Spain;3;Spain;165.75;2025-10-14T19:45:00+02:00
600;Marginal price Day Ahead market Spain;3;Spain;158.18;2025-10-14T20:00:00+02:00
600;Marginal price Day Ahead market Spain;3;Spain;160.43;2025-10-14T20:15:00+02:00
600;Marginal price Day Ahead market Spain;3;Spain;161.18;2025-10-14T20:30:00+02:00
600;Marginal price Day Ahead market Spain;3;Spain;161.02;2025-10-14T20:45:00+02:00
600;Marginal price Day Ahead market Spain;3;Spain;158.93;2025-10-14T21:00:00+02:00
600;Marginal price Day Ahead market Spain;3;Spain;155;2025-10-14T21:15:00+02:00
600;Marginal price Day Ahead market Spain;3;Spain;140;2025-10-14T21:30:00+02:00
600;Marginal price Day Ahead market Spain;3;Spain;122.84;2025-10-14T21:45:00+02:00
600;Marginal price Day Ahead market Spain;3;Spain;150;2025-10-14T22:00:00+02:00
600;Marginal price Day Ahead market Spain;3;Spain;130.25;2025-10-14T22:15:00+02:00
600;Marginal price Day Ahead market Spain;3;Spain;122.84;2025-10-14T22:30:00+02:00
600;Marginal price Day Ahead market Spain;3;Spain;117.2;2025-10-14T22:45:00+02:00
600;Marginal price Day Ahead market Spain;3;Spain;113.94;2025-10-14T23:00:00+02:00
600;Marginal price Day Ahead market Spain;3;Spain;111.78;2025-10-14T23:15:00+02:00
600;Marginal price Day Ahead market Spain;3;Spain;110.62;2025-10-14T23:30:00+02:00
600;Marginal price Day Ahead market Spain;3;Spain;109.2;2025-10-14T23:45:00+02:00
600;Marginal price Day Ahead market Spain;3;Spain;118.28;2025-10-15T00:00:00+02:00
600;Marginal price Day Ahead market Spain;3;Spain;117.8;2025-10-15T00:15:00+02:00
600;Marginal price Day Ahead market Spain;3;Spain;115.01;2025-10-15T00:30:00+02:00
600;Marginal price Day Ahead market Spain;3;Spain;113.07;2025-10-15T00:45:00+02:00
600;Marginal price Day Ahead market Spain;3;Spain;110.24;2025-10-15T01:00:00+02:00
600;Marginal price Day Ahead market Spain;3;Spain;108.19;2025-10-15T01:15:00+02:00
600;Marginal price Day Ahead market Spain;3;Spain;107.3;2025-10-15T01:30:00+02:00
600;Marginal price Day Ahead market Spain;3;Spain;107.3;2025-10-15T01:45:00+02:00
600;Marginal price Day Ahead market Spain;3;Spain;106.13;2025-10-15T02:00:00+02:00
600;Marginal price Day Ahead market Spain;3;Spain;105.34;2025-10-15T02:15:00+02:00
600;Marginal price Day Ahead market Spain;3;Spain;105.34;2025-10-15T02:30:00+02:00
600;Marginal price Day Ahead market Spain;3;Spain;105;2025-10-15T02:45:00+02:00
600;Marginal price Day Ahead market Spain;3;Spain;103.86;2025-10-15T03:00:00+02:00
600;Marginal price Day Ahead market Spain;3;Spain;103.74;2025-10-15T03:15:00+02:00
600;Marginal price Day Ahead market Spain;3;Spain;103.74;2025-10-15T03:30:00+02:00
600;Marginal price Day Ahead market Spain;3;Spain;103.74;2025-10-15T03:45:00+02:00
600;Marginal price Day Ahead market Spain;3;Spain;103.74;2025-10-15T04:00:00+02:00
600;Marginal price Day Ahead market Spain;3;Spain;103.74;2025-10-15T04:15:00+02:00
600;Marginal price Day Ahead market Spain;3;Spain;103.74;2025-10-15T04:30:00+02:00
600;Marginal price Day Ahead market Spain;3;Spain;103.86;2025-10-15T04:45:00+02:00
600;Marginal price Day Ahead market Spain;3;Spain;105;2025-10-15T05:00:00+02:00
600;Marginal price Day Ahead market Spain;3;Spain;105.34;2025-10-15T05:15:00+02:00
600;Marginal price Day Ahead market Spain;3;Spain;107.27;2025-10-15T05:30:00+02:00
600;Marginal price Day Ahead market Spain;3;Spain;110.24;2025-10-15T05:45:00+02:00
600;Marginal price Day Ahead market Spain;3;Spain;110;2025-10-15T06:00:00+02:00
600;Marginal price Day Ahead market Spain;3;Spain;112.94;2025-10-15T06:15:00+02:00
600;Marginal price Day Ahead market Spain;3;Spain;114.87;2025-10-15T06:30:00+02:00
600;Marginal price Day Ahead market Spain;3;Spain;117.8;2025-10-15T06:45:00+02:00
600;Marginal price Day Ahead market Spain;3;Spain;125.4;2025-10-15T07:00:00+02:00
600;Marginal price Day Ahead market Spain;3;Spain;138.47;2025-10-15T07:15:00+02:00
600;Marginal price Day Ahead market Spain;3;Spain;149.52;2025-10-15T07:30:00+02:00
600;Marginal price Day Ahead market Spain;3;Spain;156.2;2025-10-15T07:45:00+02:00
600;Marginal price Day Ahead market Spain;3;Spain;158.18;2025-10-15T08:00:00+02:00
600;Marginal price Day Ahead market Spain;3;Spain;160;2025-10-15T08:15:00+02:00
600;Marginal price Day Ahead market Spain;3;Spain;160.01;2025-10-15T08:30:00+02:00
600;Marginal price Day Ahead market Spain;3;Spain;154.5;2025-10-15T08:45:00+02:00
600;Marginal price Day Ahead market Spain;3;Spain;153.6;2025-10-15T09:00:00+02:00
600;Marginal price Day Ahead market Spain;3;Spain;120.01;2025-10-15T09:15:00+02:00
600;Marginal price Day Ahead market Spain;3;Spain;109;2025-10-15T09:30:00+02:00
600;Marginal price Day Ahead market Spain;3;Spain;102.94;2025-10-15T09:45:00+02:00
600;Marginal price Day Ahead market Spain;3;Spain;103.74;2025-10-15T10:00:00+02:00
600;Marginal price Day Ahead market Spain;3;Spain;102.94;2025-10-15T10:15:00+02:00
600;Marginal price Day Ahead market Spain;3;Spain;102.94;2025-10-15T10:30:00+02:00
600;Marginal price Day Ahead market Spain;3;Spain;92.13;2025-10-15T10:45:00+02:00
600;Marginal price Day Ahead market Spain;3;Spain;90;2025-10-15T11:00:00+02:00
600;Marginal price Day Ahead market Spain;3;Spain;86.3;2025-10-15T11:15:00+02:00
600;Marginal price Day Ahead market Spain;3;Spain;82.5;2025-10-15T11:30:00+02:00
600;Marginal price Day Ahead market Spain;3;Spain;79.68;2025-10-15T11:45:00+02:00
600;Marginal price Day Ahead market Spain;3;Spain;78.23;2025-10-15T12:00:00+02:00
600;Marginal price Day Ahead market Spain;3;Spain;71.2;2025-10-15T12:15:00+02:00
600;Marginal price Day Ahead market Spain;3;Spain;71.46;2025-10-15T12:30:00+02:00
600;Marginal price Day Ahead market Spain;3;Spain;71.2;2025-10-15T12:45:00+02:00
600;Marginal price Day Ahead market Spain;3;Spain;71.2;2025-10-15T13:00:00+02:00
600;Marginal price Day Ahead market Spain;3;Spain;70.21;2025-10-15T13:15:00+02:00
600;Marginal price Day Ahead market Spain;3;Spain;66.97;2025-10-15T13:30:00+02:00
600;Marginal price Day Ahead market Spain;3;Spain;66;2025-10-15T13:45:00+02:00
600;Marginal price Day Ahead market Spain;3;Spain;67;2025-10-15T14:00:00+02:00
600;Marginal price Day Ahead market Spain;3;Spain;67;2025-10-15T14:15:00+02:00
600;Marginal price Day Ahead market Spain;3;Spain;67;2025-10-15T14:30:00+02:00
600;Marginal price Day Ahead market Spain;3;Spain;66;2025-10-15T14:45:00+02:00
600;Marginal price Day Ahead market Spain;3;Spain;63.68;2025-10-15T15:00:00+02:00
600;Marginal price Day Ahead market Spain;3;Spain;66;2025-10-15T15:15:00+02:00
600;Marginal price Day Ahead market Spain;3;Spain;68;2025-10-15T15:30:00+02:00
600;Marginal price Day Ahead market Spain;3;Spain;70.1;2025-10-15T15:45:00+02:00
600;Marginal price Day Ahead market Spain;3;Spain;70;2025-10-15T16:00:00+02:00
600;Marginal price Day Ahead market Spain;3;Spain;75.1;2025-10-15T16:15:00+02:00
600;Marginal price Day Ahead market Spain;3;Spain;79.68;2025-10-15T16:30:00+02:00
600;Marginal price Day Ahead market Spain;3;Spain;79.42;2025-10-15T16:45:00+02:00
600;Marginal price Day Ahead market Spain;3;Spain;79.68;2025-10-15T17:00:00+02:00
600;Marginal price Day Ahead market Spain;3;Spain;83.81;2025-10-15T17:15:00+02:00
600;Marginal price Day Ahead market Spain;3;Spain;100;2025-10-15T17:30:00+02:00
600;Marginal price Day Ahead market Spain;3;Spain;100;2025-10-15T17:45:00+02:00
600;Marginal price Day Ahead market Spain;3;Spain;105;2025-10-15T18:00:00+02:00
600;Marginal price Day Ahead market Spain;3;Spain;110;2025-10-15T18:15:00+02:00
600;Marginal price Day Ahead market Spain;3;Spain;120.1;2025-10-15T18:30:00+02:00
600;Marginal price Day Ahead market Spain;3;Spain;132.43;2025-10-15T18:45:00+02:00
600;Marginal price Day Ahead market Spain;3;Spain;136.91;2025-10-15T19:00:00+02:00
600;Marginal price Day Ahead market Spain;3;Spain;155.43;2025-10-15T19:15:00+02:00
600;Marginal price Day Ahead market Spain;3;Spain;172.33;2025-10-15T19:30:00+02:00
600;Marginal price Day Ahead market Spain;3;Spain;161.42;2025-10-15T19:45:00+02:00
600;Marginal price Day Ahead market Spain;3;Spain;162.67;2025-10-15T20:00:00+02:00
600;Marginal price Day Ahead market Spain;3;Spain;161.18;2025-10-15T20:15:00+02:00
600;Marginal price Day Ahead market Spain;3;Spain;167;2025-10-15T20:30:00+02:00
600;Marginal price Day Ahead market Spain;3;Spain;161.42;2025-10-15T20:45:00+02:00
600;Marginal price Day Ahead market Spain;3;Spain;161.18;2025-10-15T21:00:00+02:00
600;Marginal price Day Ahead market Spain;3;Spain;158.93;2025-10-15T21:15:00+02:00
600;Marginal price Day Ahead market Spain;3;Spain;146.82;2025-10-15T21:30:00+02:00
600;Marginal price Day Ahead market Spain;3;Spain;127.97;2025-10-15T21:45:00+02:00
600;Marginal price Day Ahead market Spain;3;Spain;128.02;2025-10-15T22:00:00+02:00
600;Marginal price Day Ahead market Spain;3;Spain;121;2025-10-15T22:15:00+02:00
600;Marginal price Day Ahead market Spain;3;Spain;118.04;2025-10-15T22:30:00+02:00
600;Marginal price Day Ahead market Spain;3;Spain;113.94;2025-10-15T22:45:00+02:00
600;Marginal price Day Ahead market Spain;3;Spain;115;2025-10-15T23:00:00+02:00
600;Marginal price Day Ahead market Spain;3;Spain;113.07;2025-10-15T23:15:00+02:00
600;Marginal price Day Ahead market Spain;3;Spain;112.36;2025-10-15T23:30:00+02:00
600;Marginal price Day Ahead market Spain;3;Spain;110.24;2025-10-15T23:45:00+02:00
600;Marginal price Day Ahead market Spain;3;Spain;118.8;2025-10-16T00:00:00+02:00
600;Marginal price Day Ahead market Spain;3;Spain;118.32;2025-10-16T00:15:00+02:00
600;Marginal price Day Ahead market Spain;3;Spain;117.34;2025-10-16T00:30:00+02:00
600;Marginal price Day Ahead market Spain;3;Spain;115.01;2025-10-16T00:45:00+02:00
600;Marginal price Day Ahead market Spain;3;Spain;112;2025-10-16T01:00:00+02:00
600;Marginal price Day Ahead market Spain;3;Spain;109.9;2025-10-16T01:15:00+02:00
600;Marginal price Day Ahead market Spain;3;Spain;109.3;2025-10-16T01:30:00+02:00
600;Marginal price Day Ahead market Spain;3;Spain;107.49;2025-10-16T01:45:00+02:00
600;Marginal price Day Ahead market Spain;3;Spain;106.29;2025-10-16T02:00:00+02:00
600;Marginal price Day Ahead market Spain;3;Spain;106.29;2025-10-16T02:15:00+02:00
600;Marginal price Day Ahead market Spain;3;Spain;106.27;2025-10-16T02:30:00+02:00
600;Marginal price Day Ahead market Spain;3;Spain;105.53;2025-10-16T02:45:00+02:00
600;Marginal price Day Ahead market Spain;3;Spain;105;2025-10-16T03:00:00+02:00
600;Marginal price Day Ahead market Spain;3;Spain;105;2025-10-16T03:15:00+02:00
600;Marginal price Day Ahead market Spain;3;Spain;105;2025-10-16T03:30:00+02:00
600;Marginal price Day Ahead market Spain;3;Spain;105;2025-10-16T03:45:00+02:00
600;Marginal price Day Ahead market Spain;3;Spain;104.9;2025-10-16T04:00:00+02:00
600;Marginal price Day Ahead market Spain;3;Spain;104.9;2025-10-16T04:15:00+02:00
600;Marginal price Day Ahead market Spain;3;Spain;105;2025-10-16T04:30:00+02:00
600;Marginal price Day Ahead market Spain;3;Spain;105.1;2025-10-16T04:45:00+02:00
600;Marginal price Day Ahead market Spain;3;Spain;105.4;2025-10-16T05:00:00+02:00
600;Marginal price Day Ahead market Spain;3;Spain;105.53;2025-10-16T05:15:00+02:00
600;Marginal price Day Ahead market Spain;3;Spain;106.29;2025-10-16T05:30:00+02:00
600;Marginal price Day Ahead market Spain;3;Spain;109.3;2025-10-16T05:45:00+02:00
600;Marginal price Day Ahead market Spain;3;Spain;110;2025-10-16T06:00:00+02:00
600;Marginal price Day Ahead market Spain;3;Spain;113.14;2025-10-16T06:15:00+02:00
600;Marginal price Day Ahead market Spain;3;Spain;117.34;2025-10-16T06:30:00+02:00
600;Marginal price Day Ahead market Spain;3;Spain;119.07;2025-10-16T06:45:00+02:00
600;Marginal price Day Ahead market Spain;3;Spain;118.32;2025-10-16T07:00:00+02:00
600;Marginal price Day Ahead market Spain;3;Spain;123.8;2025-10-16T07:15:00+02:00
600;Marginal price Day Ahead market Spain;3;Spain;130;2025-10-16T07:30:00+02:00
600;Marginal price Day Ahead market Spain;3;Spain;140.33;2025-10-16T07:45:00+02:00
600;Marginal price Day Ahead market Spain;3;Spain;150.1;2025-10-16T08:00:00+02:00
600;Marginal price Day Ahead market Spain;3;Spain;157.43;2025-10-16T08:15:00+02:00
600;Marginal price Day Ahead market Spain;3;Spain;156;2025-10-16T08:30:00+02:00
600;Marginal price Day Ahead market Spain;3;Spain;148.01;2025-10-16T08:45:00+02:00
600;Marginal price Day Ahead market Spain;3;Spain;149.52;2025-10-16T09:00:00+02:00
600;Marginal price Day Ahead market Spain;3;Spain;129.86;2025-10-16T09:15:00+02:00
600;Marginal price Day Ahead market Spain;3;Spain;112.05;2025-10-16T09:30:00+02:00
600;Marginal price Day Ahead market Spain;3;Spain;107.63;2025-10-16T09:45:00+02:00
600;Marginal price Day Ahead market Spain;3;Spain;110.87;2025-10-16T10:00:00+02:00
600;Marginal price Day Ahead market Spain;3;Spain;107.03;2025-10-16T10:15:00+02:00
600;Marginal price Day Ahead market Spain;3;Spain;106.74;2025-10-16T10:30:00+02:00
600;Marginal price Day Ahead market Spain;3;Spain;105.44;2025-10-16T10:45:00+02:00
600;Marginal price Day Ahead market Spain;3;Spain;94.63;2025-10-16T11:00:00+02:00
600;Marginal price Day Ahead market Spain;3;Spain;85.35;2025-10-16T11:15:00+02:00
600;Marginal price Day Ahead market Spain;3;Spain;83.5;2025-10-16T11:30:00+02:00
600;Marginal price Day Ahead market Spain;3;Spain;80.2;2025-10-16T11:45:00+02:00
600;Marginal price Day Ahead market Spain;3;Spain;79.68;2025-10-16T12:00:00+02:00
600;Marginal price Day Ahead market Spain;3;Spain;78.63;2025-10-16T12:15:00+02:00
600;Marginal price Day Ahead market Spain;3;Spain;77.5;2025-10-16T12:30:00+02:00
600;Marginal price Day Ahead market Spain;3;Spain;75;2025-10-16T12:45:00+02:00
600;Marginal price Day Ahead market Spain;3;Spain;74.08;2025-10-16T13:00:00+02:00
600;Marginal price Day Ahead market Spain;3;Spain;73;2025-10-16T13:15:00+02:00
600;Marginal price Day Ahead market Spain;3;Spain;73;2025-10-16T13:30:00+02:00
600;Marginal price Day Ahead market Spain;3;Spain;72.76;2025-10-16T13:45:00+02:00
600;Marginal price Day Ahead market Spain;3;Spain;71.75;2025-10-16T14:00:00+02:00
600;Marginal price Day Ahead market Spain;3;Spain;70;2025-10-16T14:15:00+02:00
600;Marginal price Day Ahead market Spain;3;Spain;70.01;2025-10-16T14:30:00+02:00
600;Marginal price Day Ahead market Spain;3;Spain;70;2025-10-16T14:45:00+02:00
600;Marginal price Day Ahead market Spain;3;Spain;70;2025-10-16T15:00:00+02:00
600;Marginal price Day Ahead market Spain;3;Spain;70;2025-10-16T15:15:00+02:00
600;Marginal price Day Ahead market Spain;3;Spain;72.5;2025-10-16T15:30:00+02:00
600;Marginal price Day Ahead market Spain;3;Spain;74.2;2025-10-16T15:45:00+02:00
600;Marginal price Day Ahead market Spain;3;Spain;74.2;2025-10-16T16:00:00+02:00
600;Marginal price Day Ahead market Spain;3;Spain;77.5;2025-10-16T16:15:00+02:00
600;Marginal price Day Ahead market Spain;3;Spain;79.68;2025-10-16T16:30:00+02:00
600;Marginal price Day Ahead market Spain;3;Spain;83.06;2025-10-16T16:45:00+02:00
600;Marginal price Day Ahead market Spain;3;Spain;81;2025-10-16T17:00:00+02:00
600;Marginal price Day Ahead market Spain;3;Spain;101.52;2025-10-16T17:15:00+02:00
600;Marginal price Day Ahead market Spain;3;Spain;90.99;2025-10-16T17:30:00+02:00
600;Marginal price Day Ahead market Spain;3;Spain;105;2025-10-16T17:45:00+02:00
600;Marginal price Day Ahead market Spain;3;Spain;106.62;2025-10-16T18:00:00+02:00
600;Marginal price Day Ahead market Spain;3;Spain;109.76;2025-10-16T18:15:00+02:00
600;Marginal price Day Ahead market Spain;3;Spain;121.94;2025-10-16T18:30:00+02:00
600;Marginal price Day Ahead market Spain;3;Spain;139;2025-10-16T18:45:00+02:00
600;Marginal price Day Ahead market Spain;3;Spain;139.19;2025-10-16T19:00:00+02:00
600;Marginal price Day Ahead market Spain;3;Spain;146.25;2025-10-16T19:15:00+02:00
600;Marginal price Day Ahead market Spain;3;Spain;146.79;2025-10-16T19:30:00+02:00
600;Marginal price Day Ahead market Spain;3;Spain;157;2025-10-16T19:45:00+02:00
600;Marginal price Day Ahead market Spain;3;Spain;146.51;2025-10-16T20:00:00+02:00
600;Marginal price Day Ahead market Spain;3;Spain;149.52;2025-10-16T20:15:00+02:00
600;Marginal price Day Ahead market Spain;3;Spain;159.68;2025-10-16T20:30:00+02:00
600;Marginal price Day Ahead market Spain;3;Spain;158.18;2025-10-16T20:45:00+02:00
600;Marginal price Day Ahead market Spain;3;Spain;152.32;2025-10-16T21:00:00+02:00
600;Marginal price Day Ahead market Spain;3;Spain;146.82;2025-10-16T21:15:00+02:00
600;Marginal price Day Ahead market Spain;3;Spain;140.34;2025-10-16T21:30:00+02:00
600;Marginal price Day Ahead market Spain;3;Spain;127.62;2025-10-16T21:45:00+02:00
600;Marginal price Day Ahead market Spain;3;Spain;146.25;2025-10-16T22:00:00+02:00
600;Marginal price Day Ahead market Spain;3;Spain;131;2025-10-16T22:15:00+02:00
600;Marginal price Day Ahead market Spain;3;Spain;123.8;2025-10-16T22:30:00+02:00
600;Marginal price Day Ahead market Spain;3;Spain;118.32;2025-10-16T22:45:00+02:00
600;Marginal price Day Ahead market Spain;3;Spain;119.04;2025-10-16T23:00:00+02:00
600;Marginal price Day Ahead market Spain;3;Spain;117.34;2025-10-16T23:15:00+02:00
600;Marginal price Day Ahead market Spain;3;Spain;113.05;2025-10-16T23:30:00+02:00
600;Marginal price Day Ahead market Spain;3;Spain;111.45;2025-10-16T23:45:00+02:00
600;Marginal price Day Ahead market Spain;3;Spain;127.6;2025-10-17T00:00:00+02:00
600;Marginal price Day Ahead market Spain;3;Spain;125.2;2025-10-17T00:15:00+02:00
600;Marginal price Day Ahead market Spain;3;Spain;123.01;2025-10-17T00:30:00+02:00
600;Marginal price Day Ahead market Spain;3;Spain;118.32;2025-10-17T00:45:00+02:00
600;Marginal price Day Ahead market Spain;3;Spain;115;2025-10-17T01:00:00+02:00
600;Marginal price Day Ahead market Spain;3;Spain;109.64;2025-10-17T01:15:00+02:00
600;Marginal price Day Ahead market Spain;3;Spain;107.87;2025-10-17T01:30:00+02:00
600;Marginal price Day Ahead market Spain;3;Spain;107.44;2025-10-17T01:45:00+02:00
600;Marginal price Day Ahead market Spain;3;Spain;107.44;2025-10-17T02:00:00+02:00
600;Marginal price Day Ahead market Spain;3;Spain;106.87;2025-10-17T02:15:00+02:00
600;Marginal price Day Ahead market Spain;3;Spain;105.84;2025-10-17T02:30:00+02:00
600;Marginal price Day Ahead market Spain;3;Spain;105.84;2025-10-17T02:45:00+02:00
600;Marginal price Day Ahead market Spain;3;Spain;105.5;2025-10-17T03:00:00+02:00
600;Marginal price Day Ahead market Spain;3;Spain;105.04;2025-10-17T03:15:00+02:00
600;Marginal price Day Ahead market Spain;3;Spain;105.04;2025-10-17T03:30:00+02:00
600;Marginal price Day Ahead market Spain;3;Spain;105.04;2025-10-17T03:45:00+02:00
600;Marginal price Day Ahead market Spain;3;Spain;105;2025-10-17T04:00:00+02:00
600;Marginal price Day Ahead market Spain;3;Spain;105.04;2025-10-17T04:15:00+02:00
600;Marginal price Day Ahead market Spain;3;Spain;105.04;2025-10-17T04:30:00+02:00
600;Marginal price Day Ahead market Spain;3;Spain;105.13;2025-10-17T04:45:00+02:00
600;Marginal price Day Ahead market Spain;3;Spain;105.04;2025-10-17T05:00:00+02:00
600;Marginal price Day Ahead market Spain;3;Spain;105.84;2025-10-17T05:15:00+02:00
600;Marginal price Day Ahead market Spain;3;Spain;107.44;2025-10-17T05:30:00+02:00
600;Marginal price Day Ahead market Spain;3;Spain;109;2025-10-17T05:45:00+02:00
600;Marginal price Day Ahead market Spain;3;Spain;107.81;2025-10-17T06:00:00+02:00
600;Marginal price Day Ahead market Spain;3;Spain;112.26;2025-10-17T06:15:00+02:00
600;Marginal price Day Ahead market Spain;3;Spain;120;2025-10-17T06:30:00+02:00
600;Marginal price Day Ahead market Spain;3;Spain;125.2;2025-10-17T06:45:00+02:00
600;Marginal price Day Ahead market Spain;3;Spain;124.8;2025-10-17T07:00:00+02:00
600;Marginal price Day Ahead market Spain;3;Spain;136.8;2025-10-17T07:15:00+02:00
600;Marginal price Day Ahead market Spain;3;Spain;138;2025-10-17T07:30:00+02:00
600;Marginal price Day Ahead market Spain;3;Spain;149.5;2025-10-17T07:45:00+02:00
600;Marginal price Day Ahead market Spain;3;Spain;158.74;2025-10-17T08:00:00+02:00
600;Marginal price Day Ahead market Spain;3;Spain;161.35;2025-10-17T08:15:00+02:00
600;Marginal price Day Ahead market Spain;3;Spain;161;2025-10-17T08:30:00+02:00
600;Marginal price Day Ahead market Spain;3;Spain;156.51;2025-10-17T08:45:00+02:00
600;Marginal price Day Ahead market Spain;3;Spain;161.02;2025-10-17T09:00:00+02:00
600;Marginal price Day Ahead market Spain;3;Spain;133;2025-10-17T09:15:00+02:00
600;Marginal price Day Ahead market Spain;3;Spain;120;2025-10-17T09:30:00+02:00
600;Marginal price Day Ahead market Spain;3;Spain;105.04;2025-10-17T09:45:00+02:00
600;Marginal price Day Ahead market Spain;3;Spain;105.09;2025-10-17T10:00:00+02:00
600;Marginal price Day Ahead market Spain;3;Spain;105.04;2025-10-17T10:15:00+02:00
600;Marginal price Day Ahead market Spain;3;Spain;90;2025-10-17T10:30:00+02:00
600;Marginal price Day Ahead market Spain;3;Spain;97.37;2025-10-17T10:45:00+02:00
600;Marginal price Day Ahead market Spain;3;Spain;94.94;2025-10-17T11:00:00+02:00
600;Marginal price Day Ahead market Spain;3;Spain;83.07;2025-10-17T11:15:00+02:00
600;Marginal price Day Ahead market Spain;3;Spain;81.68;2025-10-17T11:30:00+02:00
600;Marginal price Day Ahead market Spain;3;Spain;78;2025-10-17T11:45:00+02:00
600;Marginal price Day Ahead market Spain;3;Spain;80.15;2025-10-17T12:00:00+02:00
600;Marginal price Day Ahead market Spain;3;Spain;76.62;2025-10-17T12:15:00+02:00
600;Marginal price Day Ahead market Spain;3;Spain;75.5;2025-10-17T12:30:00+02:00
600;Marginal price Day Ahead market Spain;3;Spain;74.03;2025-10-17T12:45:00+02:00
600;Marginal price Day Ahead market Spain;3;Spain;69;2025-10-17T13:00:00+02:00
600;Marginal price Day Ahead market Spain;3;Spain;62.41;2025-10-17T13:15:00+02:00
600;Marginal price Day Ahead market Spain;3;Spain;55.26;2025-10-17T13:30:00+02:00
600;Marginal price Day Ahead market Spain;3;Spain;49.87;2025-10-17T13:45:00+02:00
600;Marginal price Day Ahead market Spain;3;Spain;53;2025-10-17T14:00:00+02:00
600;Marginal price Day Ahead market Spain;3;Spain;50;2025-10-17T14:15:00+02:00
600;Marginal price Day Ahead market Spain;3;Spain;45.01;2025-10-17T14:30:00+02:00
600;Marginal price Day Ahead market Spain;3;Spain;45.55;2025-10-17T14:45:00+02:00
600;Marginal price Day Ahead market Spain;3;Spain;31.8;2025-10-17T15:00:00+02:00
600;Marginal price Day Ahead market Spain;3;Spain;42.84;2025-10-17T15:15:00+02:00
600;Marginal price Day Ahead market Spain;3;Spain;50.26;2025-10-17T15:30:00+02:00
600;Marginal price Day Ahead market Spain;3;Spain;55.1;2025-10-17T15:45:00+02:00
600;Marginal price Day Ahead market Spain;3;Spain;31.53;2025-10-17T16:00:00+02:00
600;Marginal price Day Ahead market Spain;3;Spain;56.15;2025-10-17T16:15:00+02:00
600;Marginal price Day Ahead market Spain;3;Spain;67.21;2025-10-17T16:30:00+02:00
600;Marginal price Day Ahead market Spain;3;Spain;76.3;2025-10-17T16:45:00+02:00
600;Marginal price Day Ahead market Spain;3;Spain;75.1;2025-10-17T17:00:00+02:00
600;Marginal price Day Ahead market Spain;3;Spain;82.87;2025-10-17T17:15:00+02:00
600;Marginal price Day Ahead market Spain;3;Spain;105.84;2025-10-17T17:30:00+02:00
600;Marginal price Day Ahead market Spain;3;Spain;115.01;2025-10-17T17:45:00+02:00
600;Marginal price Day Ahead market Spain;3;Spain;104.64;2025-10-17T18:00:00+02:00
600;Marginal price Day Ahead market Spain;3;Spain;117.76;2025-10-17T18:15:00+02:00
600;Marginal price Day Ahead market Spain;3;Spain;124.8;2025-10-17T18:30:00+02:00
600;Marginal price Day Ahead market Spain;3;Spain;135.78;2025-10-17T18:45:00+02:00
600;Marginal price Day Ahead market Spain;3;Spain;131.33;2025-10-17T19:00:00+02:00
600;Marginal price Day Ahead market Spain;3;Spain;133.7;2025-10-17T19:15:00+02:00
600;Marginal price Day Ahead market Spain;3;Spain;138.2;2025-10-17T19:30:00+02:00
600;Marginal price Day Ahead market Spain;3;Spain;149.52;2025-10-17T19:45:00+02:00
600;Marginal price Day Ahead market Spain;3;Spain;150;2025-10-17T20:00:00+02:00
600;Marginal price Day Ahead market Spain;3;Spain;159;2025-10-17T20:15:00+02:00
600;Marginal price Day Ahead market Spain;3;Spain;161.18;2025-10-17T20:30:00+02:00
600;Marginal price Day Ahead market Spain;3;Spain;160.43;2025-10-17T20:45:00+02:00
600;Marginal price Day Ahead market Spain;3;Spain;158.81;2025-10-17T21:00:00+02:00
600;Marginal price Day Ahead market Spain;3;Spain;154.5;2025-10-17T21:15:00+02:00
600;Marginal price Day Ahead market Spain;3;Spain;144.01;2025-10-17T21:30:00+02:00
600;Marginal price Day Ahead market Spain;3;Spain;133.7;2025-10-17T21:45:00+02:00
600;Marginal price Day Ahead market Spain;3;Spain;136.5;2025-10-17T22:00:00+02:00
600;Marginal price Day Ahead market Spain;3;Spain;130;2025-10-17T22:15:00+02:00
600;Marginal price Day Ahead market Spain;3;Spain;125;2025-10-17T22:30:00+02:00
600;Marginal price Day Ahead market Spain;3;Spain;120;2025-10-17T22:45:00+02:00
600;Marginal price Day Ahead market Spain;3;Spain;127.52;2025-10-17T23:00:00+02:00
600;Marginal price Day Ahead market Spain;3;Spain;125.2;2025-10-17T23:15:00+02:00
600;Marginal price Day Ahead market Spain;3;Spain;120.01;2025-10-17T23:30:00+02:00
600;Marginal price Day Ahead market Spain;3;Spain;116.13;2025-10-17T23:45:00+02:00
600;Marginal price Day Ahead market Spain;3;Spain;127.76;2025-10-18T00:00:00+02:00
600;Marginal price Day Ahead market Spain;3;Spain;127.28;2025-10-18T00:15:00+02:00
600;Marginal price Day Ahead market Spain;3;Spain;127.04;2025-10-18T00:30:00+02:00
600;Marginal price Day Ahead market Spain;3;Spain;120.01;2025-10-18T00:45:00+02:00
600;Marginal price Day Ahead market Spain;3;Spain;115.8;2025-10-18T01:00:00+02:00
600;Marginal price Day Ahead market Spain;3;Spain;115.44;2025-10-18T01:15:00+02:00
600;Marginal price Day Ahead market Spain;3;Spain;112.96;2025-10-18T01:30:00+02:00
600;Marginal price Day Ahead market Spain;3;Spain;107.38;2025-10-18T01:45:00+02:00
600;Marginal price Day Ahead market Spain;3;Spain;104.81;2025-10-18T02:00:00+02:00
600;Marginal price Day Ahead market Spain;3;Spain;103.27;2025-10-18T02:15:00+02:00
600;Marginal price Day Ahead market Spain;3;Spain;98.5;2025-10-18T02:30:00+02:00
600;Marginal price Day Ahead market Spain;3;Spain;96.94;2025-10-18T02:45:00+02:00
600;Marginal price Day Ahead market Spain;3;Spain;104.67;2025-10-18T03:00:00+02:00
600;Marginal price Day Ahead market Spain;3;Spain;103.59;2025-10-18T03:15:00+02:00
600;Marginal price Day Ahead market Spain;3;Spain;98.68;2025-10-18T03:30:00+02:00
600;Marginal price Day Ahead market Spain;3;Spain;98.46;2025-10-18T03:45:00+02:00
600;Marginal price Day Ahead market Spain;3;Spain;103.78;2025-10-18T04:00:00+02:00
600;Marginal price Day Ahead market Spain;3;Spain;103.27;2025-10-18T04:15:00+02:00
600;Marginal price Day Ahead market Spain;3;Spain;102.39;2025-10-18T04:30:00+02:00
600;Marginal price Day Ahead market Spain;3;Spain;99.93;2025-10-18T04:45:00+02:00
600;Marginal price Day Ahead market Spain;3;Spain;98.16;2025-10-18T05:00:00+02:00
600;Marginal price Day Ahead market Spain;3;Spain;96.52;2025-10-18T05:15:00+02:00
600;Marginal price Day Ahead market Spain;3;Spain;96.95;2025-10-18T05:30:00+02:00
600;Marginal price Day Ahead market Spain;3;Spain;98.15;2025-10-18T05:45:00+02:00
600;Marginal price Day Ahead market Spain;3;Spain;100.4;2025-10-18T06:00:00+02:00
600;Marginal price Day Ahead market Spain;3;Spain;103.59;2025-10-18T06:15:00+02:00
600;Marginal price Day Ahead market Spain;3;Spain;105.27;2025-10-18T06:30:00+02:00
600;Marginal price Day Ahead market Spain;3;Spain;106.07;2025-10-18T06:45:00+02:00
600;Marginal price Day Ahead market Spain;3;Spain;112.14;2025-10-18T07:00:00+02:00
600;Marginal price Day Ahead market Spain;3;Spain;115;2025-10-18T07:15:00+02:00
600;Marginal price Day Ahead market Spain;3;Spain;115.44;2025-10-18T07:30:00+02:00
600;Marginal price Day Ahead market Spain;3;Spain;117.01;2025-10-18T07:45:00+02:00
600;Marginal price Day Ahead market Spain;3;Spain;120.01;2025-10-18T08:00:00+02:00
600;Marginal price Day Ahead market Spain;3;Spain;120.01;2025-10-18T08:15:00+02:00
600;Marginal price Day Ahead market Spain;3;Spain;118.53;2025-10-18T08:30:00+02:00
600;Marginal price Day Ahead market Spain;3;Spain;115.54;2025-10-18T08:45:00+02:00
600;Marginal price Day Ahead market Spain;3;Spain;117.85;2025-10-18T09:00:00+02:00
600;Marginal price Day Ahead market Spain;3;Spain;113.34;2025-10-18T09:15:00+02:00
600;Marginal price Day Ahead market Spain;3;Spain;101.58;2025-10-18T09:30:00+02:00
600;Marginal price Day Ahead market Spain;3;Spain;87;2025-10-18T09:45:00+02:00
600;Marginal price Day Ahead market Spain;3;Spain;106.07;2025-10-18T10:00:00+02:00
600;Marginal price Day Ahead market Spain;3;Spain;80.5;2025-10-18T10:15:00+02:00
600;Marginal price Day Ahead market Spain;3;Spain;63.5;2025-10-18T10:30:00+02:00
600;Marginal price Day Ahead market Spain;3;Spain;51.42;2025-10-18T10:45:00+02:00
600;Marginal price Day Ahead market Spain;3;Spain;46.1;2025-10-18T11:00:00+02:00
600;Marginal price Day Ahead market Spain;3;Spain;40;2025-10-18T11:15:00+02:00
600;Marginal price Day Ahead market Spain;3;Spain;18.27;2025-10-18T11:30:00+02:00
600;Marginal price Day Ahead market Spain;3;Spain;12.71;2025-10-18T11:45:00+02:00
600;Marginal price Day Ahead market Spain;3;Spain;10;2025-10-18T12:00:00+02:00
600;Marginal price Day Ahead market Spain;3;Spain;6;2025-10-18T12:15:00+02:00
600;Marginal price Day Ahead market Spain;3;Spain;5.76;2025-10-18T12:30:00+02:00
600;Marginal price Day Ahead market Spain;3;Spain;5.2;2025-10-18T12:45:00+02:00
600;Marginal price Day Ahead market Spain;3;Spain;5;2025-10-18T13:00:00+02:00
600;Marginal price Day Ahead market Spain;3;Spain;5;2025-10-18T13:15:00+02:00
600;Marginal price Day Ahead market Spain;3;Spain;4.31;2025-10-18T13:30:00+02:00
600;Marginal price Day Ahead market Spain;3;Spain;3.52;2025-10-18T13:45:00+02:00
600;Marginal price Day Ahead market Spain;3;Spain;3;2025-10-18T14:00:00+02:00
600;Marginal price Day Ahead market Spain;3;Spain;2.5;2025-10-18T14:15:00+02:00
600;Marginal price Day Ahead market Spain;3;Spain;1.72;2025-10-18T14:30:00+02:00
600;Marginal price Day Ahead market Spain;3;Spain;1.72;2025-10-18T14:45:00+02:00
600;Marginal price Day Ahead market Spain;3;Spain;0.65;2025-10-18T15:00:00+02:00
600;Marginal price Day Ahead market Spain;3;Spain;0.65;2025-10-18T15:15:00+02:00
600;Marginal price Day Ahead market Spain;3;Spain;0.83;2025-10-18T15:30:00+02:00
600;Marginal price Day Ahead market Spain;3;Spain;1.5;2025-10-18T15:45:00+02:00
600;Marginal price Day Ahead market Spain;3;Spain;0.3;2025-10-18T16:00:00+02:00
600;Marginal price Day Ahead market Spain;3;Spain;1.5;2025-10-18T16:15:00+02:00
600;Marginal price Day Ahead market Spain;3;Spain;5;2025-10-18T16:30:00+02:00
600;Marginal price Day Ahead market Spain;3;Spain;10.01;2025-10-18T16:45:00+02:00
600;Marginal price Day Ahead market Spain;3;Spain;16.9;2025-10-18T17:00:00+02:00
600;Marginal price Day Ahead market Spain;3;Spain;47.1;2025-10-18T17:15:00+02:00
600;Marginal price Day Ahead market Spain;3;Spain;52.87;2025-10-18T17:30:00+02:00
600;Marginal price Day Ahead market Spain;3;Spain;75;2025-10-18T17:45:00+02:00
600;Marginal price Day Ahead market Spain;3;Spain;53.5;2025-10-18T18:00:00+02:00
600;Marginal price Day Ahead market Spain;3;Spain;89.25;2025-10-18T18:15:00+02:00
600;Marginal price Day Ahead market Spain;3;Spain;113.83;2025-10-18T18:30:00+02:00
600;Marginal price Day Ahead market Spain;3;Spain;128.24;2025-10-18T18:45:00+02:00
600;Marginal price Day Ahead market Spain;3;Spain;116.18;2025-10-18T19:00:00+02:00
600;Marginal price Day Ahead market Spain;3;Spain;117.85;2025-10-18T19:15:00+02:00
600;Marginal price Day Ahead market Spain;3;Spain;120.01;2025-10-18T19:30:00+02:00
600;Marginal price Day Ahead market Spain;3;Spain;117.85;2025-10-18T19:45:00+02:00
600;Marginal price Day Ahead market Spain;3;Spain;126.23;2025-10-18T20:00:00+02:00
600;Marginal price Day Ahead market Spain;3;Spain;128.7;2025-10-18T20:15:00+02:00
600;Marginal price Day Ahead market Spain;3;Spain;131.13;2025-10-18T20:30:00+02:00
600;Marginal price Day Ahead market Spain;3;Spain;128.52;2025-10-18T20:45:00+02:00
600;Marginal price Day Ahead market Spain;3;Spain;126.23;2025-10-18T21:00:00+02:00
600;Marginal price Day Ahead market Spain;3;Spain;122.94;2025-10-18T21:15:00+02:00
600;Marginal price Day Ahead market Spain;3;Spain;118.32;2025-10-18T21:30:00+02:00
600;Marginal price Day Ahead market Spain;3;Spain;115.44;2025-10-18T21:45:00+02:00
600;Marginal price Day Ahead market Spain;3;Spain;115.36;2025-10-18T22:00:00+02:00
600;Marginal price Day Ahead market Spain;3;Spain;113;2025-10-18T22:15:00+02:00
600;Marginal price Day Ahead market Spain;3;Spain;112.52;2025-10-18T22:30:00+02:00
600;Marginal price Day Ahead market Spain;3;Spain;111.8;2025-10-18T22:45:00+02:00
600;Marginal price Day Ahead market Spain;3;Spain;113.24;2025-10-18T23:00:00+02:00
600;Marginal price Day Ahead market Spain;3;Spain;112.26;2025-10-18T23:15:00+02:00
600;Marginal price Day Ahead market Spain;3;Spain;107.38;2025-10-18T23:30:00+02:00
600;Marginal price Day Ahead market Spain;3;Spain;103.78;2025-10-18T23:45:00+02:00
600;Marginal price Day Ahead market Spain;3;Spain;96.4;2025-10-19T00:00:00+02:00
600;Marginal price Day Ahead market Spain;3;Spain;92;2025-10-19T00:15:00+02:00
600;Marginal price Day Ahead market Spain;3;Spain;81.85;2025-10-19T00:30:00+02:00
600;Marginal price Day Ahead market Spain;3;Spain;75.92;2025-10-19T00:45:00+02:00
600;Marginal price Day Ahead market Spain;3;Spain;77.07;2025-10-19T01:00:00+02:00
600;Marginal price Day Ahead market Spain;3;Spain;74.76;2025-10-19T01:15:00+02:00
600;Marginal price Day Ahead market Spain;3;Spain;69.62;2025-10-19T01:30:00+02:00
600;Marginal price Day Ahead market Spain;3;Spain;63.97;2025-10-19T01:45:00+02:00
600;Marginal price Day Ahead market Spain;3;Spain;73.16;2025-10-19T02:00:00+02:00
600;Marginal price Day Ahead market Spain;3;Spain;61;2025-10-19T02:15:00+02:00
600;Marginal price Day Ahead market Spain;3;Spain;51.01;2025-10-19T02:30:00+02:00
600;Marginal price Day Ahead market Spain;3;Spain;39.89;2025-10-19T02:45:00+02:00
600;Marginal price Day Ahead market Spain;3;Spain;44;2025-10-19T03:00:00+02:00
600;Marginal price Day Ahead market Spain;3;Spain;32.33;2025-10-19T03:15:00+02:00
600;Marginal price Day Ahead market Spain;3;Spain;30.2;2025-10-19T03:30:00+02:00
600;Marginal price Day Ahead market Spain;3;Spain;30;2025-10-19T03:45:00+02:00
600;Marginal price Day Ahead market Spain;3;Spain;31.87;2025-10-19T04:00:00+02:00
600;Marginal price Day Ahead market Spain;3;Spain;30.07;2025-10-19T04:15:00+02:00
600;Marginal price Day Ahead market Spain;3;Spain;30;2025-10-19T04:30:00+02:00
600;Marginal price Day Ahead market Spain;3;Spain;29.94;2025-10-19T04:45:00+02:00
600;Marginal price Day Ahead market Spain;3;Spain;29.68;2025-10-19T05:00:00+02:00
600;Marginal price Day Ahead market Spain;3;Spain;29.55;2025-10-19T05:15:00+02:00
600;Marginal price Day Ahead market Spain;3;Spain;29.55;2025-10-19T05:30:00+02:00
600;Marginal price Day Ahead market Spain;3;Spain;29.55;2025-10-19T05:45:00+02:00
600;Marginal price Day Ahead market Spain;3;Spain;29.68;2025-10-19T06:00:00+02:00
600;Marginal price Day Ahead market Spain;3;Spain;29.94;2025-10-19T06:15:00+02:00
600;Marginal price Day Ahead market Spain;3;Spain;29.68;2025-10-19T06:30:00+02:00
600;Marginal price Day Ahead market Spain;3;Spain;29.68;2025-10-19T06:45:00+02:00
600;Marginal price Day Ahead market Spain;3;Spain;30.2;2025-10-19T07:00:00+02:00
600;Marginal price Day Ahead market Spain;3;Spain;30.2;2025-10-19T07:15:00+02:00
600;Marginal price Day Ahead market Spain;3;Spain;30.2;2025-10-19T07:30:00+02:00
600;Marginal price Day Ahead market Spain;3;Spain;31.87;2025-10-19T07:45:00+02:00
600;Marginal price Day Ahead market Spain;3;Spain;32.33;2025-10-19T08:00:00+02:00
600;Marginal price Day Ahead market Spain;3;Spain;31.87;2025-10-19T08:15:00+02:00
600;Marginal price Day Ahead market Spain;3;Spain;31.01;2025-10-19T08:30:00+02:00
600;Marginal price Day Ahead market Spain;3;Spain;30.2;2025-10-19T08:45:00+02:00
600;Marginal price Day Ahead market Spain;3;Spain;35.01;2025-10-19T09:00:00+02:00
600;Marginal price Day Ahead market Spain;3;Spain;30.02;2025-10-19T09:15:00+02:00
600;Marginal price Day Ahead market Spain;3;Spain;28.15;2025-10-19T09:30:00+02:00
600;Marginal price Day Ahead market Spain;3;Spain;6;2025-10-19T09:45:00+02:00
600;Marginal price Day Ahead market Spain;3;Spain;16.79;2025-10-19T10:00:00+02:00
600;Marginal price Day Ahead market Spain;3;Spain;4.31;2025-10-19T10:15:00+02:00
600;Marginal price Day Ahead market Spain;3;Spain;2.41;2025-10-19T10:30:00+02:00
600;Marginal price Day Ahead market Spain;3;Spain;0.01;2025-10-19T10:45:00+02:00
600;Marginal price Day Ahead market Spain;3;Spain;3.52;2025-10-19T11:00:00+02:00
600;Marginal price Day Ahead market Spain;3;Spain;1.52;2025-10-19T11:15:00+02:00
600;Marginal price Day Ahead market Spain;3;Spain;0.99;2025-10-19T11:30:00+02:00
600;Marginal price Day Ahead market Spain;3;Spain;0.65;2025-10-19T11:45:00+02:00
600;Marginal price Day Ahead market Spain;3;Spain;0.02;2025-10-19T12:00:00+02:00
600;Marginal price Day Ahead market Spain;3;Spain;0.01;2025-10-19T12:15:00+02:00
600;Marginal price Day Ahead market Spain;3;Spain;0;2025-10-19T12:30:00+02:00
600;Marginal price Day Ahead market Spain;3;Spain;0;2025-10-19T12:45:00+02:00
600;Marginal price Day Ahead market Spain;3;Spain;0;2025-10-19T13:00:00+02:00
600;Marginal price Day Ahead market Spain;3;Spain;0;2025-10-19T13:15:00+02:00
600;Marginal price Day Ahead market Spain;3;Spain;0;2025-10-19T13:30:00+02:00
600;Marginal price Day Ahead market Spain;3;Spain;0;2025-10-19T13:45:00+02:00
600;Marginal price Day Ahead market Spain;3;Spain;0;2025-10-19T14:00:00+02:00
600;Marginal price Day Ahead market Spain;3;Spain;0;2025-10-19T14:15:00+02:00
600;Marginal price Day Ahead market Spain;3;Spain;0;2025-10-19T14:30:00+02:00
600;Marginal price Day Ahead market Spain;3;Spain;0;2025-10-19T14:45:00+02:00
600;Marginal price Day Ahead market Spain;3;Spain;0;2025-10-19T15:00:00+02:00
600;Marginal price Day Ahead market Spain;3;Spain;0;2025-10-19T15:15:00+02:00
600;Marginal price Day Ahead market Spain;3;Spain;0;2025-10-19T15:30:00+02:00
600;Marginal price Day Ahead market Spain;3;Spain;0;2025-10-19T15:45:00+02:00
600;Marginal price Day Ahead market Spain;3;Spain;0;2025-10-19T16:00:00+02:00
600;Marginal price Day Ahead market Spain;3;Spain;0;2025-10-19T16:15:00+02:00
600;Marginal price Day Ahead market Spain;3;Spain;0.01;2025-10-19T16:30:00+02:00
600;Marginal price Day Ahead market Spain;3;Spain;0.65;2025-10-19T16:45:00+02:00
600;Marginal price Day Ahead market Spain;3;Spain;0.65;2025-10-19T17:00:00+02:00
600;Marginal price Day Ahead market Spain;3;Spain;1.72;2025-10-19T17:15:00+02:00
600;Marginal price Day Ahead market Spain;3;Spain;3.52;2025-10-19T17:30:00+02:00
600;Marginal price Day Ahead market Spain;3;Spain;7.96;2025-10-19T17:45:00+02:00
600;Marginal price Day Ahead market Spain;3;Spain;6.58;2025-10-19T18:00:00+02:00
600;Marginal price Day Ahead market Spain;3;Spain;25.2;2025-10-19T18:15:00+02:00
600;Marginal price Day Ahead market Spain;3;Spain;41.4;2025-10-19T18:30:00+02:00
600;Marginal price Day Ahead market Spain;3;Spain;71.63;2025-10-19T18:45:00+02:00
600;Marginal price Day Ahead market Spain;3;Spain;56.23;2025-10-19T19:00:00+02:00
600;Marginal price Day Ahead market Spain;3;Spain;64.5;2025-10-19T19:15:00+02:00
600;Marginal price Day Ahead market Spain;3;Spain;70;2025-10-19T19:30:00+02:00
600;Marginal price Day Ahead market Spain;3;Spain;75.85;2025-10-19T19:45:00+02:00
600;Marginal price Day Ahead market Spain;3;Spain;70;2025-10-19T20:00:00+02:00
600;Marginal price Day Ahead market Spain;3;Spain;74.04;2025-10-19T20:15:00+02:00
600;Marginal price Day Ahead market Spain;3;Spain;75;2025-10-19T20:30:00+02:00
600;Marginal price Day Ahead market Spain;3;Spain;69.5;2025-10-19T20:45:00+02:00
600;Marginal price Day Ahead market Spain;3;Spain;75.92;2025-10-19T21:00:00+02:00
600;Marginal price Day Ahead market Spain;3;Spain;75;2025-10-19T21:15:00+02:00
600;Marginal price Day Ahead market Spain;3;Spain;69.5;2025-10-19T21:30:00+02:00
600;Marginal price Day Ahead market Spain;3;Spain;63;2025-10-19T21:45:00+02:00
600;Marginal price Day Ahead market Spain;3;Spain;60.15;2025-10-19T22:00:00+02:00
600;Marginal price Day Ahead market Spain;3;Spain;59.4;2025-10-19T22:15:00+02:00
600;Marginal price Day Ahead market Spain;3;Spain;55;2025-10-19T22:30:00+02:00
600;Marginal price Day Ahead market Spain;3;Spain;54.96;2025-10-19T22:45:00+02:00
600;Marginal price Day Ahead market Spain;3;Spain;51.52;2025-10-19T23:00:00+02:00
600;Marginal price Day Ahead market Spain;3;Spain;51;2025-10-19T23:15:00+02:00
600;Marginal price Day Ahead market Spain;3;Spain;47.1;2025-10-19T23:30:00+02:00
600;Marginal price Day Ahead market Spain;3;Spain;40;2025-10-19T23:45:00+02:00
600;Marginal price Day Ahead market Spain;3;Spain;55.12;2025-10-20T00:00:00+02:00
600;Marginal price Day Ahead market Spain;3;Spain;50;2025-10-20T00:15:00+02:00
600;Marginal price Day Ahead market Spain;3;Spain;40.1;2025-10-20T00:30:00+02:00
600;Marginal price Day Ahead market Spain;3;Spain;38.13;2025-10-20T00:45:00+02:00
600;Marginal price Day Ahead market Spain;3;Spain;29.7;2025-10-20T01:00:00+02:00
600;Marginal price Day Ahead market Spain;3;Spain;28.5;2025-10-20T01:15:00+02:00
600;Marginal price Day Ahead market Spain;3;Spain;28.33;2025-10-20T01:30:00+02:00
600;Marginal price Day Ahead market Spain;3;Spain;27.07;2025-10-20T01:45:00+02:00
600;Marginal price Day Ahead market Spain;3;Spain;26.42;2025-10-20T02:00:00+02:00
600;Marginal price Day Ahead market Spain;3;Spain;22.2;2025-10-20T02:15:00+02:00
600;Marginal price Day Ahead market Spain;3;Spain;26.42;2025-10-20T02:30:00+02:00
600;Marginal price Day Ahead market Spain;3;Spain;25.6;2025-10-20T02:45:00+02:00
600;Marginal price Day Ahead market Spain;3;Spain;26.42;2025-10-20T03:00:00+02:00
600;Marginal price Day Ahead market Spain;3;Spain;26.42;2025-10-20T03:15:00+02:00
600;Marginal price Day Ahead market Spain;3;Spain;25.5;2025-10-20T03:30:00+02:00
600;Marginal price Day Ahead market Spain;3;Spain;26.42;2025-10-20T03:45:00+02:00
600;Marginal price Day Ahead market Spain;3;Spain;26.42;2025-10-20T04:00:00+02:00
600;Marginal price Day Ahead market Spain;3;Spain;26.42;2025-10-20T04:15:00+02:00
600;Marginal price Day Ahead market Spain;3;Spain;26.42;2025-10-20T04:30:00+02:00
600;Marginal price Day Ahead market Spain;3;Spain;26.55;2025-10-20T04:45:00+02:00
600;Marginal price Day Ahead market Spain;3;Spain;26.68;2025-10-20T05:00:00+02:00
600;Marginal price Day Ahead market Spain;3;Spain;26.94;2025-10-20T05:15:00+02:00
600;Marginal price Day Ahead market Spain;3;Spain;27.2;2025-10-20T05:30:00+02:00
600;Marginal price Day Ahead market Spain;3;Spain;28.33;2025-10-20T05:45:00+02:00
600;Marginal price Day Ahead market Spain;3;Spain;35.84;2025-10-20T06:00:00+02:00
600;Marginal price Day Ahead market Spain;3;Spain;43;2025-10-20T06:15:00+02:00
600;Marginal price Day Ahead market Spain;3;Spain;55.12;2025-10-20T06:30:00+02:00
600;Marginal price Day Ahead market Spain;3;Spain;70.42;2025-10-20T06:45:00+02:00
600;Marginal price Day Ahead market Spain;3;Spain;57.56;2025-10-20T07:00:00+02:00
600;Marginal price Day Ahead market Spain;3;Spain;73.41;2025-10-20T07:15:00+02:00
600;Marginal price Day Ahead market Spain;3;Spain;82.31;2025-10-20T07:30:00+02:00
600;Marginal price Day Ahead market Spain;3;Spain;88;2025-10-20T07:45:00+02:00
600;Marginal price Day Ahead market Spain;3;Spain;87.79;2025-10-20T08:00:00+02:00
600;Marginal price Day Ahead market Spain;3;Spain;93.53;2025-10-20T08:15:00+02:00
600;Marginal price Day Ahead market Spain;3;Spain;95.73;2025-10-20T08:30:00+02:00
600;Marginal price Day Ahead market Spain;3;Spain;94.33;2025-10-20T08:45:00+02:00
600;Marginal price Day Ahead market Spain;3;Spain;106.03;2025-10-20T09:00:00+02:00
600;Marginal price Day Ahead market Spain;3;Spain;95.5;2025-10-20T09:15:00+02:00
600;Marginal price Day Ahead market Spain;3;Spain;80;2025-10-20T09:30:00+02:00
600;Marginal price Day Ahead market Spain;3;Spain;55.12;2025-10-20T09:45:00+02:00
600;Marginal price Day Ahead market Spain;3;Spain;58.23;2025-10-20T10:00:00+02:00
600;Marginal price Day Ahead market Spain;3;Spain;47.7;2025-10-20T10:15:00+02:00
600;Marginal price Day Ahead market Spain;3;Spain;32.91;2025-10-20T10:30:00+02:00
600;Marginal price Day Ahead market Spain;3;Spain;15.01;2025-10-20T10:45:00+02:00
600;Marginal price Day Ahead market Spain;3;Spain;27.87;2025-10-20T11:00:00+02:00
600;Marginal price Day Ahead market Spain;3;Spain;15.01;2025-10-20T11:15:00+02:00
600;Marginal price Day Ahead market Spain;3;Spain;10.01;2025-10-20T11:30:00+02:00
600;Marginal price Day Ahead market Spain;3;Spain;3.52;2025-10-20T11:45:00+02:00
600;Marginal price Day Ahead market Spain;3;Spain;3.52;2025-10-20T12:00:00+02:00
600;Marginal price Day Ahead market Spain;3;Spain;3.52;2025-10-20T12:15:00+02:00
600;Marginal price Day Ahead market Spain;3;Spain;3.52;2025-10-20T12:30:00+02:00
600;Marginal price Day Ahead market Spain;3;Spain;3.52;2025-10-20T12:45:00+02:00
600;Marginal price Day Ahead market Spain;3;Spain;3.52;2025-10-20T13:00:00+02:00
600;Marginal price Day Ahead market Spain;3;Spain;3.52;2025-10-20T13:15:00+02:00
600;Marginal price Day Ahead market Spain;3;Spain;1.72;2025-10-20T13:30:00+02:00
600;Marginal price Day Ahead market Spain;3;Spain;2.4;2025-10-20T13:45:00+02:00
600;Marginal price Day Ahead market Spain;3;Spain;1.72;2025-10-20T14:00:00+02:00
600;Marginal price Day Ahead market Spain;3;Spain;0.79;2025-10-20T14:15:00+02:00
600;Marginal price Day Ahead market Spain;3;Spain;0.65;2025-10-20T14:30:00+02:00
600;Marginal price Day Ahead market Spain;3;Spain;0.05;2025-10-20T14:45:00+02:00
600;Marginal price Day Ahead market Spain;3;Spain;0.16;2025-10-20T15:00:00+02:00
600;Marginal price Day Ahead market Spain;3;Spain;0.16;2025-10-20T15:15:00+02:00
600;Marginal price Day Ahead market Spain;3;Spain;0.16;2025-10-20T15:30:00+02:00
600;Marginal price Day Ahead market Spain;3;Spain;0.65;2025-10-20T15:45:00+02:00
600;Marginal price Day Ahead market Spain;3;Spain;0.65;2025-10-20T16:00:00+02:00
600;Marginal price Day Ahead market Spain;3;Spain;0.65;2025-10-20T16:15:00+02:00
600;Marginal price Day Ahead market Spain;3;Spain;1.72;2025-10-20T16:30:00+02:00
600;Marginal price Day Ahead market Spain;3;Spain;3.52;2025-10-20T16:45:00+02:00
600;Marginal price Day Ahead market Spain;3;Spain;3.52;2025-10-20T17:00:00+02:00
600;Marginal price Day Ahead market Spain;3;Spain;4.96;2025-10-20T17:15:00+02:00
600;Marginal price Day Ahead market Spain;3;Spain;13.48;2025-10-20T17:30:00+02:00
600;Marginal price Day Ahead market Spain;3;Spain;25.11;2025-10-20T17:45:00+02:00
600;Marginal price Day Ahead market Spain;3;Spain;10;2025-10-20T18:00:00+02:00
600;Marginal price Day Ahead market Spain;3;Spain;28.33;2025-10-20T18:15:00+02:00
600;Marginal price Day Ahead market Spain;3;Spain;49.24;2025-10-20T18:30:00+02:00
600;Marginal price Day Ahead market Spain;3;Spain;73;2025-10-20T18:45:00+02:00
600;Marginal price Day Ahead market Spain;3;Spain;56.53;2025-10-20T19:00:00+02:00
600;Marginal price Day Ahead market Spain;3;Spain;80.87;2025-10-20T19:15:00+02:00
600;Marginal price Day Ahead market Spain;3;Spain;87.8;2025-10-20T19:30:00+02:00
600;Marginal price Day Ahead market Spain;3;Spain;91;2025-10-20T19:45:00+02:00
600;Marginal price Day Ahead market Spain;3;Spain;92.8;2025-10-20T20:00:00+02:00
600;Marginal price Day Ahead market Spain;3;Spain;100;2025-10-20T20:15:00+02:00
600;Marginal price Day Ahead market Spain;3;Spain;104.31;2025-10-20T20:30:00+02:00
600;Marginal price Day Ahead market Spain;3;Spain;104.25;2025-10-20T20:45:00+02:00
600;Marginal price Day Ahead market Spain;3;Spain;104.27;2025-10-20T21:00:00+02:00
600;Marginal price Day Ahead market Spain;3;Spain;97.45;2025-10-20T21:15:00+02:00
600;Marginal price Day Ahead market Spain;3;Spain;89.86;2025-10-20T21:30:00+02:00
600;Marginal price Day Ahead market Spain;3;Spain;80;2025-10-20T21:45:00+02:00
600;Marginal price Day Ahead market Spain;3;Spain;83;2025-10-20T22:00:00+02:00
600;Marginal price Day Ahead market Spain;3;Spain;72.99;2025-10-20T22:15:00+02:00
600;Marginal price Day Ahead market Spain;3;Spain;60.1;2025-10-20T22:30:00+02:00
600;Marginal price Day Ahead market Spain;3;Spain;52.96;2025-10-20T22:45:00+02:00
600;Marginal price Day Ahead market Spain;3;Spain;55;2025-10-20T23:00:00+02:00
600;Marginal price Day Ahead market Spain;3;Spain;48.8;2025-10-20T23:15:00+02:00
600;Marginal price Day Ahead market Spain;3;Spain;48.52;2025-10-20T23:30:00+02:00
600;Marginal price Day Ahead market Spain;3;Spain;40.4;2025-10-20T23:45:00+02:00
600;Marginal price Day Ahead market Spain;3;Spain;45.8;2025-10-21T00:00:00+02:00
600;Marginal price Day Ahead market Spain;3;Spain;39.9;2025-10-21T00:15:00+02:00
600;Marginal price Day Ahead market Spain;3;Spain;31.22;2025-10-21T00:30:00+02:00
600;Marginal price Day Ahead market Spain;3;Spain;26.87;2025-10-21T00:45:00+02:00
600;Marginal price Day Ahead market Spain;3;Spain;25.2;2025-10-21T01:00:00+02:00
600;Marginal price Day Ahead market Spain;3;Spain;25.07;2025-10-21T01:15:00+02:00
600;Marginal price Day Ahead market Spain;3;Spain;24.68;2025-10-21T01:30:00+02:00
600;Marginal price Day Ahead market Spain;3;Spain;20;2025-10-21T01:45:00+02:00
600;Marginal price Day Ahead market Spain;3;Spain;17.16;2025-10-21T02:00:00+02:00
600;Marginal price Day Ahead market Spain;3;Spain;14;2025-10-21T02:15:00+02:00
600;Marginal price Day Ahead market Spain;3;Spain;11.17;2025-10-21T02:30:00+02:00
600;Marginal price Day Ahead market Spain;3;Spain;10;2025-10-21T02:45:00+02:00
600;Marginal price Day Ahead market Spain;3;Spain;7.96;2025-10-21T03:00:00+02:00
600;Marginal price Day Ahead market Spain;3;Spain;14;2025-10-21T03:15:00+02:00
600;Marginal price Day Ahead market Spain;3;Spain;12.23;2025-10-21T03:30:00+02:00
600;Marginal price Day Ahead market Spain;3;Spain;10;2025-10-21T03:45:00+02:00
600;Marginal price Day Ahead market Spain;3;Spain;12.92;2025-10-21T04:00:00+02:00
600;Marginal price Day Ahead market Spain;3;Spain;14;2025-10-21T04:15:00+02:00
600;Marginal price Day Ahead market Spain;3;Spain;15;2025-10-21T04:30:00+02:00
600;Marginal price Day Ahead market Spain;3;Spain;14;2025-10-21T04:45:00+02:00
600;Marginal price Day Ahead market Spain;3;Spain;12.75;2025-10-21T05:00:00+02:00
600;Marginal price Day Ahead market Spain;3;Spain;15;2025-10-21T05:15:00+02:00
600;Marginal price Day Ahead market Spain;3;Spain;20;2025-10-21T05:30:00+02:00
600;Marginal price Day Ahead market Spain;3;Spain;24.42;2025-10-21T05:45:00+02:00
600;Marginal price Day Ahead market Spain;3;Spain;24.94;2025-10-21T06:00:00+02:00
600;Marginal price Day Ahead market Spain;3;Spain;26.87;2025-10-21T06:15:00+02:00
600;Marginal price Day Ahead market Spain;3;Spain;42;2025-10-21T06:30:00+02:00
600;Marginal price Day Ahead market Spain;3;Spain;47.27;2025-10-21T06:45:00+02:00
600;Marginal price Day Ahead market Spain;3;Spain;46.76;2025-10-21T07:00:00+02:00
600;Marginal price Day Ahead market Spain;3;Spain;54.08;2025-10-21T07:15:00+02:00
600;Marginal price Day Ahead market Spain;3;Spain;70.15;2025-10-21T07:30:00+02:00
600;Marginal price Day Ahead market Spain;3;Spain;80.87;2025-10-21T07:45:00+02:00
600;Marginal price Day Ahead market Spain;3;Spain;90.05;2025-10-21T08:00:00+02:00
600;Marginal price Day Ahead market Spain;3;Spain;93.65;2025-10-21T08:15:00+02:00
600;Marginal price Day Ahead market Spain;3;Spain;96.5;2025-10-21T08:30:00+02:00
600;Marginal price Day Ahead market Spain;3;Spain;93.43;2025-10-21T08:45:00+02:00
600;Marginal price Day Ahead market Spain;3;Spain;104.49;2025-10-21T09:00:00+02:00
600;Marginal price Day Ahead market Spain;3;Spain;85.59;2025-10-21T09:15:00+02:00
600;Marginal price Day Ahead market Spain;3;Spain;72;2025-10-21T09:30:00+02:00
600;Marginal price Day Ahead market Spain;3;Spain;52;2025-10-21T09:45:00+02:00
600;Marginal price Day Ahead market Spain;3;Spain;56;2025-10-21T10:00:00+02:00
600;Marginal price Day Ahead market Spain;3;Spain;47;2025-10-21T10:15:00+02:00
600;Marginal price Day Ahead market Spain;3;Spain;36.1;2025-10-21T10:30:00+02:00
600;Marginal price Day Ahead market Spain;3;Spain;26.87;2025-10-21T10:45:00+02:00
600;Marginal price Day Ahead market Spain;3;Spain;25.07;2025-10-21T11:00:00+02:00
600;Marginal price Day Ahead market Spain;3;Spain;22.2;2025-10-21T11:15:00+02:00
600;Marginal price Day Ahead market Spain;3;Spain;15.5;2025-10-21T11:30:00+02:00
600;Marginal price Day Ahead market Spain;3;Spain;14;2025-10-21T11:45:00+02:00
600;Marginal price Day Ahead market Spain;3;Spain;10.1;2025-10-21T12:00:00+02:00
600;Marginal price Day Ahead market Spain;3;Spain;6;2025-10-21T12:15:00+02:00
600;Marginal price Day Ahead market Spain;3;Spain;3.8;2025-10-21T12:30:00+02:00
600;Marginal price Day Ahead market Spain;3;Spain;3.52;2025-10-21T12:45:00+02:00
600;Marginal price Day Ahead market Spain;3;Spain;3.52;2025-10-21T13:00:00+02:00
600;Marginal price Day Ahead market Spain;3;Spain;3.52;2025-10-21T13:15:00+02:00
600;Marginal price Day Ahead market Spain;3;Spain;3.52;2025-10-21T13:30:00+02:00
600;Marginal price Day Ahead market Spain;3;Spain;3.52;2025-10-21T13:45:00+02:00
600;Marginal price Day Ahead market Spain;3;Spain;3.52;2025-10-21T14:00:00+02:00
600;Marginal price Day Ahead market Spain;3;Spain;3.52;2025-10-21T14:15:00+02:00
600;Marginal price Day Ahead market Spain;3;Spain;3.01;2025-10-21T14:30:00+02:00
600;Marginal price Day Ahead market Spain;3;Spain;3;2025-10-21T14:45:00+02:00
600;Marginal price Day Ahead market Spain;3;Spain;1.72;2025-10-21T15:00:00+02:00
600;Marginal price Day Ahead market Spain;3;Spain;1.72;2025-10-21T15:15:00+02:00
600;Marginal price Day Ahead market Spain;3;Spain;1.72;2025-10-21T15:30:00+02:00
600;Marginal price Day Ahead market Spain;3;Spain;2.2;2025-10-21T15:45:00+02:00
600;Marginal price Day Ahead market Spain;3;Spain;3.01;2025-10-21T16:00:00+02:00
600;Marginal price Day Ahead market Spain;3;Spain;3.52;2025-10-21T16:15:00+02:00
600;Marginal price Day Ahead market Spain;3;Spain;3.52;2025-10-21T16:30:00+02:00
600;Marginal price Day Ahead market Spain;3;Spain;3.52;2025-10-21T16:45:00+02:00
600;Marginal price Day Ahead market Spain;3;Spain;3.52;2025-10-21T17:00:00+02:00
600;Marginal price Day Ahead market Spain;3;Spain;10;2025-10-21T17:15:00+02:00
600;Marginal price Day Ahead market Spain;3;Spain;16.79;2025-10-21T17:30:00+02:00
600;Marginal price Day Ahead market Spain;3;Spain;25.2;2025-10-21T17:45:00+02:00
600;Marginal price Day Ahead market Spain;3;Spain;25.07;2025-10-21T18:00:00+02:00
600;Marginal price Day Ahead market Spain;3;Spain;37.76;2025-10-21T18:15:00+02:00
600;Marginal price Day Ahead market Spain;3;Spain;49.28;2025-10-21T18:30:00+02:00
600;Marginal price Day Ahead market Spain;3;Spain;80;2025-10-21T18:45:00+02:00
600;Marginal price Day Ahead market Spain;3;Spain;54.08;2025-10-21T19:00:00+02:00
600;Marginal price Day Ahead market Spain;3;Spain;70.98;2025-10-21T19:15:00+02:00
600;Marginal price Day Ahead market Spain;3;Spain;86.5;2025-10-21T19:30:00+02:00
600;Marginal price Day Ahead market Spain;3;Spain;101.68;2025-10-21T19:45:00+02:00
600;Marginal price Day Ahead market Spain;3;Spain;112;2025-10-21T20:00:00+02:00
600;Marginal price Day Ahead market Spain;3;Spain;104.99;2025-10-21T20:15:00+02:00
600;Marginal price Day Ahead market Spain;3;Spain;97.75;2025-10-21T20:30:00+02:00
600;Marginal price Day Ahead market Spain;3;Spain;90;2025-10-21T20:45:00+02:00
600;Marginal price Day Ahead market Spain;3;Spain;92.22;2025-10-21T21:00:00+02:00
600;Marginal price Day Ahead market Spain;3;Spain;83.02;2025-10-21T21:15:00+02:00
600;Marginal price Day Ahead market Spain;3;Spain;86.37;2025-10-21T21:30:00+02:00
600;Marginal price Day Ahead market Spain;3;Spain;70.26;2025-10-21T21:45:00+02:00
600;Marginal price Day Ahead market Spain;3;Spain;92.79;2025-10-21T22:00:00+02:00
600;Marginal price Day Ahead market Spain;3;Spain;82.38;2025-10-21T22:15:00+02:00
600;Marginal price Day Ahead market Spain;3;Spain;80;2025-10-21T22:30:00+02:00
600;Marginal price Day Ahead market Spain;3;Spain;60.1;2025-10-21T22:45:00+02:00
600;Marginal price Day Ahead market Spain;3;Spain;60.1;2025-10-21T23:00:00+02:00
600;Marginal price Day Ahead market Spain;3;Spain;54.08;2025-10-21T23:15:00+02:00
600;Marginal price Day Ahead market Spain;3;Spain;50.39;2025-10-21T23:30:00+02:00
600;Marginal price Day Ahead market Spain;3;Spain;47.24;2025-10-21T23:45:00+02:00
600;Marginal price Day Ahead market Spain;3;Spain;46.87;2025-10-22T00:00:00+02:00
600;Marginal price Day Ahead market Spain;3;Spain;41.6;2025-10-22T00:15:00+02:00
600;Marginal price Day Ahead market Spain;3;Spain;32.73;2025-10-22T00:30:00+02:00
600;Marginal price Day Ahead market Spain;3;Spain;29.19;2025-10-22T00:45:00+02:00
600;Marginal price Day Ahead market Spain;3;Spain;33.18;2025-10-22T01:00:00+02:00
600;Marginal price Day Ahead market Spain;3;Spain;30.22;2025-10-22T01:15:00+02:00
600;Marginal price Day Ahead market Spain;3;Spain;29.57;2025-10-22T01:30:00+02:00
600;Marginal price Day Ahead market Spain;3;Spain;29.19;2025-10-22T01:45:00+02:00
600;Marginal price Day Ahead market Spain;3;Spain;29.19;2025-10-22T02:00:00+02:00
600;Marginal price Day Ahead market Spain;3;Spain;27.27;2025-10-22T02:15:00+02:00
600;Marginal price Day Ahead market Spain;3;Spain;27.14;2025-10-22T02:30:00+02:00
600;Marginal price Day Ahead market Spain;3;Spain;26.88;2025-10-22T02:45:00+02:00
600;Marginal price Day Ahead market Spain;3;Spain;26.49;2025-10-22T03:00:00+02:00
600;Marginal price Day Ahead market Spain;3;Spain;25.17;2025-10-22T03:15:00+02:00
600;Marginal price Day Ahead market Spain;3;Spain;23.59;2025-10-22T03:30:00+02:00
600;Marginal price Day Ahead market Spain;3;Spain;21.96;2025-10-22T03:45:00+02:00
600;Marginal price Day Ahead market Spain;3;Spain;24.99;2025-10-22T04:00:00+02:00
600;Marginal price Day Ahead market Spain;3;Spain;22.96;2025-10-22T04:15:00+02:00
600;Marginal price Day Ahead market Spain;3;Spain;24;2025-10-22T04:30:00+02:00
600;Marginal price Day Ahead market Spain;3;Spain;25.17;2025-10-22T04:45:00+02:00
600;Marginal price Day Ahead market Spain;3;Spain;26.75;2025-10-22T05:00:00+02:00
600;Marginal price Day Ahead market Spain;3;Spain;26.88;2025-10-22T05:15:00+02:00
600;Marginal price Day Ahead market Spain;3;Spain;27.27;2025-10-22T05:30:00+02:00
600;Marginal price Day Ahead market Spain;3;Spain;29.4;2025-10-22T05:45:00+02:00
600;Marginal price Day Ahead market Spain;3;Spain;35.79;2025-10-22T06:00:00+02:00
600;Marginal price Day Ahead market Spain;3;Spain;41.6;2025-10-22T06:15:00+02:00
600;Marginal price Day Ahead market Spain;3;Spain;46.74;2025-10-22T06:30:00+02:00
600;Marginal price Day Ahead market Spain;3;Spain;48.07;2025-10-22T06:45:00+02:00
600;Marginal price Day Ahead market Spain;3;Spain;47.59;2025-10-22T07:00:00+02:00
600;Marginal price Day Ahead market Spain;3;Spain;51.93;2025-10-22T07:15:00+02:00
600;Marginal price Day Ahead market Spain;3;Spain;59.5;2025-10-22T07:30:00+02:00
600;Marginal price Day Ahead market Spain;3;Spain;66.27;2025-10-22T07:45:00+02:00
600;Marginal price Day Ahead market Spain;3;Spain;68.5;2025-10-22T08:00:00+02:00
600;Marginal price Day Ahead market Spain;3;Spain;75;2025-10-22T08:15:00+02:00
600;Marginal price Day Ahead market Spain;3;Spain;80.56;2025-10-22T08:30:00+02:00
600;Marginal price Day Ahead market Spain;3;Spain;73.5;2025-10-22T08:45:00+02:00
600;Marginal price Day Ahead market Spain;3;Spain;60.24;2025-10-22T09:00:00+02:00
600;Marginal price Day Ahead market Spain;3;Spain;50.35;2025-10-22T09:15:00+02:00
600;Marginal price Day Ahead market Spain;3;Spain;46.35;2025-10-22T09:30:00+02:00
600;Marginal price Day Ahead market Spain;3;Spain;25;2025-10-22T09:45:00+02:00
600;Marginal price Day Ahead market Spain;3;Spain;29.19;2025-10-22T10:00:00+02:00
600;Marginal price Day Ahead market Spain;3;Spain;16.97;2025-10-22T10:15:00+02:00
600;Marginal price Day Ahead market Spain;3;Spain;5.11;2025-10-22T10:30:00+02:00
600;Marginal price Day Ahead market Spain;3;Spain;0.66;2025-10-22T10:45:00+02:00
600;Marginal price Day Ahead market Spain;3;Spain;3.52;2025-10-22T11:00:00+02:00
600;Marginal price Day Ahead market Spain;3;Spain;3.52;2025-10-22T11:15:00+02:00
600;Marginal price Day Ahead market Spain;3;Spain;3.52;2025-10-22T11:30:00+02:00
600;Marginal price Day Ahead market Spain;3;Spain;3;2025-10-22T11:45:00+02:00
600;Marginal price Day Ahead market Spain;3;Spain;1.5;2025-10-22T12:00:00+02:00
600;Marginal price Day Ahead market Spain;3;Spain;0.99;2025-10-22T12:15:00+02:00
600;Marginal price Day Ahead market Spain;3;Spain;0.8;2025-10-22T12:30:00+02:00
600;Marginal price Day Ahead market Spain;3;Spain;0.8;2025-10-22T12:45:00+02:00
600;Marginal price Day Ahead market Spain;3;Spain;0.65;2025-10-22T13:00:00+02:00
600;Marginal price Day Ahead market Spain;3;Spain;0.65;2025-10-22T13:15:00+02:00
600;Marginal price Day Ahead market Spain;3;Spain;0.2;2025-10-22T13:30:00+02:00
600;Marginal price Day Ahead market Spain;3;Spain;0.05;2025-10-22T13:45:00+02:00
600;Marginal price Day Ahead market Spain;3;Spain;0.05;2025-10-22T14:00:00+02:00
600;Marginal price Day Ahead market Spain;3;Spain;0.05;2025-10-22T14:15:00+02:00
600;Marginal price Day Ahead market Spain;3;Spain;0.01;2025-10-22T14:30:00+02:00
600;Marginal price Day Ahead market Spain;3;Spain;0.01;2025-10-22T14:45:00+02:00
600;Marginal price Day Ahead market Spain;3;Spain;0.01;2025-10-22T15:00:00+02:00
600;Marginal price Day Ahead market Spain;3;Spain;0.01;2025-10-22T15:15:00+02:00
600;Marginal price Day Ahead market Spain;3;Spain;0.01;2025-10-22T15:30:00+02:00
600;Marginal price Day Ahead market Spain;3;Spain;0.01;2025-10-22T15:45:00+02:00
600;Marginal price Day Ahead market Spain;3;Spain;0.05;2025-10-22T16:00:00+02:00
600;Marginal price Day Ahead market Spain;3;Spain;0.16;2025-10-22T16:15:00+02:00
600;Marginal price Day Ahead market Spain;3;Spain;0.65;2025-10-22T16:30:00+02:00
600;Marginal price Day Ahead market Spain;3;Spain;0.66;2025-10-22T16:45:00+02:00
600;Marginal price Day Ahead market Spain;3;Spain;1.72;2025-10-22T17:00:00+02:00
600;Marginal price Day Ahead market Spain;3;Spain;3.52;2025-10-22T17:15:00+02:00
600;Marginal price Day Ahead market Spain;3;Spain;3.52;2025-10-22T17:30:00+02:00
600;Marginal price Day Ahead market Spain;3;Spain;4.96;2025-10-22T17:45:00+02:00
600;Marginal price Day Ahead market Spain;3;Spain;15.01;2025-10-22T18:00:00+02:00
600;Marginal price Day Ahead market Spain;3;Spain;26.62;2025-10-22T18:15:00+02:00
600;Marginal price Day Ahead market Spain;3;Spain;32.8;2025-10-22T18:30:00+02:00
600;Marginal price Day Ahead market Spain;3;Spain;50.35;2025-10-22T18:45:00+02:00
600;Marginal price Day Ahead market Spain;3;Spain;47.83;2025-10-22T19:00:00+02:00
600;Marginal price Day Ahead market Spain;3;Spain;53.51;2025-10-22T19:15:00+02:00
600;Marginal price Day Ahead market Spain;3;Spain;61;2025-10-22T19:30:00+02:00
600;Marginal price Day Ahead market Spain;3;Spain;78.2;2025-10-22T19:45:00+02:00
600;Marginal price Day Ahead market Spain;3;Spain;70.51;2025-10-22T20:00:00+02:00
600;Marginal price Day Ahead market Spain;3;Spain;71.43;2025-10-22T20:15:00+02:00
600;Marginal price Day Ahead market Spain;3;Spain;65;2025-10-22T20:30:00+02:00
600;Marginal price Day Ahead market Spain;3;Spain;59.5;2025-10-22T20:45:00+02:00
600;Marginal price Day Ahead market Spain;3;Spain;51.93;2025-10-22T21:00:00+02:00
600;Marginal price Day Ahead market Spain;3;Spain;48.31;2025-10-22T21:15:00+02:00
600;Marginal price Day Ahead market Spain;3;Spain;42.95;2025-10-22T21:30:00+02:00
600;Marginal price Day Ahead market Spain;3;Spain;29.57;2025-10-22T21:45:00+02:00
600;Marginal price Day Ahead market Spain;3;Spain;31.1;2025-10-22T22:00:00+02:00
600;Marginal price Day Ahead market Spain;3;Spain;25.5;2025-10-22T22:15:00+02:00
600;Marginal price Day Ahead market Spain;3;Spain;28.94;2025-10-22T22:30:00+02:00
600;Marginal price Day Ahead market Spain;3;Spain;19.5;2025-10-22T22:45:00+02:00
600;Marginal price Day Ahead market Spain;3;Spain;34.58;2025-10-22T23:00:00+02:00
600;Marginal price Day Ahead market Spain;3;Spain;20;2025-10-22T23:15:00+02:00
600;Marginal price Day Ahead market Spain;3;Spain;18.36;2025-10-22T23:30:00+02:00
600;Marginal price Day Ahead market Spain;3;Spain;7.05;2025-10-22T23:45:00+02:00
600;Marginal price Day Ahead market Spain;3;Spain;14;2025-10-23T00:00:00+02:00
600;Marginal price Day Ahead market Spain;3;Spain;10;2025-10-23T00:15:00+02:00
600;Marginal price Day Ahead market Spain;3;Spain;2.47;2025-10-23T00:30:00+02:00
600;Marginal price Day Ahead market Spain;3;Spain;2.4;2025-10-23T00:45:00+02:00
600;Marginal price Day Ahead market Spain;3;Spain;3.52;2025-10-23T01:00:00+02:00
600;Marginal price Day Ahead market Spain;3;Spain;1.99;2025-10-23T01:15:00+02:00
600;Marginal price Day Ahead market Spain;3;Spain;0.16;2025-10-23T01:30:00+02:00
600;Marginal price Day Ahead market Spain;3;Spain;0.16;2025-10-23T01:45:00+02:00
600;Marginal price Day Ahead market Spain;3;Spain;0.66;2025-10-23T02:00:00+02:00
600;Marginal price Day Ahead market Spain;3;Spain;0.16;2025-10-23T02:15:00+02:00
600;Marginal price Day Ahead market Spain;3;Spain;0.05;2025-10-23T02:30:00+02:00
600;Marginal price Day Ahead market Spain;3;Spain;0.01;2025-10-23T02:45:00+02:00
600;Marginal price Day Ahead market Spain;3;Spain;0;2025-10-23T03:00:00+02:00
600;Marginal price Day Ahead market Spain;3;Spain;0;2025-10-23T03:15:00+02:00
600;Marginal price Day Ahead market Spain;3;Spain;0;2025-10-23T03:30:00+02:00
600;Marginal price Day Ahead market Spain;3;Spain;0;2025-10-23T03:45:00+02:00
600;Marginal price Day Ahead market Spain;3;Spain;0;2025-10-23T04:00:00+02:00
600;Marginal price Day Ahead market Spain;3;Spain;0;2025-10-23T04:15:00+02:00
600;Marginal price Day Ahead market Spain;3;Spain;0;2025-10-23T04:30:00+02:00
600;Marginal price Day Ahead market Spain;3;Spain;0;2025-10-23T04:45:00+02:00
600;Marginal price Day Ahead market Spain;3;Spain;0;2025-10-23T05:00:00+02:00
600;Marginal price Day Ahead market Spain;3;Spain;0;2025-10-23T05:15:00+02:00
600;Marginal price Day Ahead market Spain;3;Spain;0;2025-10-23T05:30:00+02:00
600;Marginal price Day Ahead market Spain;3;Spain;0.01;2025-10-23T05:45:00+02:00
600;Marginal price Day Ahead market Spain;3;Spain;0.16;2025-10-23T06:00:00+02:00
600;Marginal price Day Ahead market Spain;3;Spain;0.79;2025-10-23T06:15:00+02:00
600;Marginal price Day Ahead market Spain;3;Spain;3.52;2025-10-23T06:30:00+02:00
600;Marginal price Day Ahead market Spain;3;Spain;6;2025-10-23T06:45:00+02:00
600;Marginal price Day Ahead market Spain;3;Spain;6;2025-10-23T07:00:00+02:00
600;Marginal price Day Ahead market Spain;3;Spain;14;2025-10-23T07:15:00+02:00
600;Marginal price Day Ahead market Spain;3;Spain;20.46;2025-10-23T07:30:00+02:00
600;Marginal price Day Ahead market Spain;3;Spain;25.5;2025-10-23T07:45:00+02:00
600;Marginal price Day Ahead market Spain;3;Spain;21.25;2025-10-23T08:00:00+02:00
600;Marginal price Day Ahead market Spain;3;Spain;25.1;2025-10-23T08:15:00+02:00
600;Marginal price Day Ahead market Spain;3;Spain;25.1;2025-10-23T08:30:00+02:00
600;Marginal price Day Ahead market Spain;3;Spain;22.5;2025-10-23T08:45:00+02:00
600;Marginal price Day Ahead market Spain;3;Spain;25.33;2025-10-23T09:00:00+02:00
600;Marginal price Day Ahead market Spain;3;Spain;15.01;2025-10-23T09:15:00+02:00
600;Marginal price Day Ahead market Spain;3;Spain;10.01;2025-10-23T09:30:00+02:00
600;Marginal price Day Ahead market Spain;3;Spain;4.97;2025-10-23T09:45:00+02:00
600;Marginal price Day Ahead market Spain;3;Spain;5;2025-10-23T10:00:00+02:00
600;Marginal price Day Ahead market Spain;3;Spain;0.74;2025-10-23T10:15:00+02:00
600;Marginal price Day Ahead market Spain;3;Spain;0.05;2025-10-23T10:30:00+02:00
600;Marginal price Day Ahead market Spain;3;Spain;0;2025-10-23T10:45:00+02:00
600;Marginal price Day Ahead market Spain;3;Spain;0.65;2025-10-23T11:00:00+02:00
600;Marginal price Day Ahead market Spain;3;Spain;0.05;2025-10-23T11:15:00+02:00
600;Marginal price Day Ahead market Spain;3;Spain;0;2025-10-23T11:30:00+02:00
600;Marginal price Day Ahead market Spain;3;Spain;0;2025-10-23T11:45:00+02:00
600;Marginal price Day Ahead market Spain;3;Spain;0;2025-10-23T12:00:00+02:00
600;Marginal price Day Ahead market Spain;3;Spain;0;2025-10-23T12:15:00+02:00
600;Marginal price Day Ahead market Spain;3;Spain;0;2025-10-23T12:30:00+02:00
600;Marginal price Day Ahead market Spain;3;Spain;0;2025-10-23T12:45:00+02:00
600;Marginal price Day Ahead market Spain;3;Spain;0;2025-10-23T13:00:00+02:00
600;Marginal price Day Ahead market Spain;3;Spain;0;2025-10-23T13:15:00+02:00
600;Marginal price Day Ahead market Spain;3;Spain;0;2025-10-23T13:30:00+02:00
600;Marginal price Day Ahead market Spain;3;Spain;0;2025-10-23T13:45:00+02:00
600;Marginal price Day Ahead market Spain;3;Spain;0;2025-10-23T14:00:00+02:00
600;Marginal price Day Ahead market Spain;3;Spain;0;2025-10-23T14:15:00+02:00
600;Marginal price Day Ahead market Spain;3;Spain;-0.01;2025-10-23T14:30:00+02:00
600;Marginal price Day Ahead market Spain;3;Spain;-0.01;2025-10-23T14:45:00+02:00
600;Marginal price Day Ahead market Spain;3;Spain;-0.01;2025-10-23T15:00:00+02:00
600;Marginal price Day Ahead market Spain;3;Spain;-0.01;2025-10-23T15:15:00+02:00
600;Marginal price Day Ahead market Spain;3;Spain;-0.01;2025-10-23T15:30:00+02:00
600;Marginal price Day Ahead market Spain;3;Spain;-0.01;2025-10-23T15:45:00+02:00
600;Marginal price Day Ahead market Spain;3;Spain;0;2025-10-23T16:00:00+02:00
600;Marginal price Day Ahead market Spain;3;Spain;-0.01;2025-10-23T16:15:00+02:00
600;Marginal price Day Ahead market Spain;3;Spain;0;2025-10-23T16:30:00+02:00
600;Marginal price Day Ahead market Spain;3;Spain;0;2025-10-23T16:45:00+02:00
600;Marginal price Day Ahead market Spain;3;Spain;0;2025-10-23T17:00:00+02:00
600;Marginal price Day Ahead market Spain;3;Spain;0.09;2025-10-23T17:15:00+02:00
600;Marginal price Day Ahead market Spain;3;Spain;3.52;2025-10-23T17:30:00+02:00
600;Marginal price Day Ahead market Spain;3;Spain;3.6;2025-10-23T17:45:00+02:00
600;Marginal price Day Ahead market Spain;3;Spain;2.4;2025-10-23T18:00:00+02:00
600;Marginal price Day Ahead market Spain;3;Spain;10.01;2025-10-23T18:15:00+02:00
600;Marginal price Day Ahead market Spain;3;Spain;28.46;2025-10-23T18:30:00+02:00
600;Marginal price Day Ahead market Spain;3;Spain;35.02;2025-10-23T18:45:00+02:00
600;Marginal price Day Ahead market Spain;3;Spain;54.14;2025-10-23T19:00:00+02:00
600;Marginal price Day Ahead market Spain;3;Spain;61.28;2025-10-23T19:15:00+02:00
600;Marginal price Day Ahead market Spain;3;Spain;70;2025-10-23T19:30:00+02:00
600;Marginal price Day Ahead market Spain;3;Spain;91.62;2025-10-23T19:45:00+02:00
600;Marginal price Day Ahead market Spain;3;Spain;102.09;2025-10-23T20:00:00+02:00
600;Marginal price Day Ahead market Spain;3;Spain;111.45;2025-10-23T20:15:00+02:00
600;Marginal price Day Ahead market Spain;3;Spain;118.32;2025-10-23T20:30:00+02:00
600;Marginal price Day Ahead market Spain;3;Spain;120;2025-10-23T20:45:00+02:00
600;Marginal price Day Ahead market Spain;3;Spain;120;2025-10-23T21:00:00+02:00
600;Marginal price Day Ahead market Spain;3;Spain;120;2025-10-23T21:15:00+02:00
600;Marginal price Day Ahead market Spain;3;Spain;115;2025-10-23T21:30:00+02:00
600;Marginal price Day Ahead market Spain;3;Spain;111.15;2025-10-23T21:45:00+02:00
600;Marginal price Day Ahead market Spain;3;Spain;108.29;2025-10-23T22:00:00+02:00
600;Marginal price Day Ahead market Spain;3;Spain;105.53;2025-10-23T22:15:00+02:00
600;Marginal price Day Ahead market Spain;3;Spain;104.91;2025-10-23T22:30:00+02:00
600;Marginal price Day Ahead market Spain;3;Spain;92.51;2025-10-23T22:45:00+02:00
600;Marginal price Day Ahead market Spain;3;Spain;92.51;2025-10-23T23:00:00+02:00
600;Marginal price Day Ahead market Spain;3;Spain;80.56;2025-10-23T23:15:00+02:00
600;Marginal price Day Ahead market Spain;3;Spain;70.87;2025-10-23T23:30:00+02:00
600;Marginal price Day Ahead market Spain;3;Spain;64;2025-10-23T23:45:00+02:00
600;Marginal price Day Ahead market Spain;3;Spain;106.37;2025-10-24T00:00:00+02:00
600;Marginal price Day Ahead market Spain;3;Spain;105.57;2025-10-24T00:15:00+02:00
600;Marginal price Day Ahead market Spain;3;Spain;100;2025-10-24T00:30:00+02:00
600;Marginal price Day Ahead market Spain;3;Spain;95.47;2025-10-24T00:45:00+02:00
600;Marginal price Day Ahead market Spain;3;Spain;95.47;2025-10-24T01:00:00+02:00
600;Marginal price Day Ahead market Spain;3;Spain;93.87;2025-10-24T01:15:00+02:00
600;Marginal price Day Ahead market Spain;3;Spain;90.67;2025-10-24T01:30:00+02:00
600;Marginal price Day Ahead market Spain;3;Spain;90.01;2025-10-24T01:45:00+02:00
600;Marginal price Day Ahead market Spain;3;Spain;89.32;2025-10-24T02:00:00+02:00
600;Marginal price Day Ahead market Spain;3;Spain;88.4;2025-10-24T02:15:00+02:00
600;Marginal price Day Ahead market Spain;3;Spain;88.4;2025-10-24T02:30:00+02:00
600;Marginal price Day Ahead market Spain;3;Spain;88.4;2025-10-24T02:45:00+02:00
600;Marginal price Day Ahead market Spain;3;Spain;88.01;2025-10-24T03:00:00+02:00
600;Marginal price Day Ahead market Spain;3;Spain;87.62;2025-10-24T03:15:00+02:00
600;Marginal price Day Ahead market Spain;3;Spain;87.47;2025-10-24T03:30:00+02:00
600;Marginal price Day Ahead market Spain;3;Spain;87.47;2025-10-24T03:45:00+02:00
600;Marginal price Day Ahead market Spain;3;Spain;87.47;2025-10-24T04:00:00+02:00
600;Marginal price Day Ahead market Spain;3;Spain;87.47;2025-10-24T04:15:00+02:00
600;Marginal price Day Ahead market Spain;3;Spain;88.01;2025-10-24T04:30:00+02:00
600;Marginal price Day Ahead market Spain;3;Spain;88.4;2025-10-24T04:45:00+02:00
600;Marginal price Day Ahead market Spain;3;Spain;88.4;2025-10-24T05:00:00+02:00
600;Marginal price Day Ahead market Spain;3;Spain;90.01;2025-10-24T05:15:00+02:00
600;Marginal price Day Ahead market Spain;3;Spain;90.67;2025-10-24T05:30:00+02:00
600;Marginal price Day Ahead market Spain;3;Spain;93.87;2025-10-24T05:45:00+02:00
600;Marginal price Day Ahead market Spain;3;Spain;99.01;2025-10-24T06:00:00+02:00
600;Marginal price Day Ahead market Spain;3;Spain;105.57;2025-10-24T06:15:00+02:00
600;Marginal price Day Ahead market Spain;3;Spain;107.09;2025-10-24T06:30:00+02:00
600;Marginal price Day Ahead market Spain;3;Spain;111.91;2025-10-24T06:45:00+02:00
600;Marginal price Day Ahead market Spain;3;Spain;118.35;2025-10-24T07:00:00+02:00
600;Marginal price Day Ahead market Spain;3;Spain;122.07;2025-10-24T07:15:00+02:00
600;Marginal price Day Ahead market Spain;3;Spain;140.09;2025-10-24T07:30:00+02:00
600;Marginal price Day Ahead market Spain;3;Spain;158.18;2025-10-24T07:45:00+02:00
600;Marginal price Day Ahead market Spain;3;Spain;158.93;2025-10-24T08:00:00+02:00
600;Marginal price Day Ahead market Spain;3;Spain;161.18;2025-10-24T08:15:00+02:00
600;Marginal price Day Ahead market Spain;3;Spain;161.42;2025-10-24T08:30:00+02:00
600;Marginal price Day Ahead market Spain;3;Spain;161.18;2025-10-24T08:45:00+02:00
600;Marginal price Day Ahead market Spain;3;Spain;160.1;2025-10-24T09:00:00+02:00
600;Marginal price Day Ahead market Spain;3;Spain;140.09;2025-10-24T09:15:00+02:00
600;Marginal price Day Ahead market Spain;3;Spain;120;2025-10-24T09:30:00+02:00
600;Marginal price Day Ahead market Spain;3;Spain;113.01;2025-10-24T09:45:00+02:00
600;Marginal price Day Ahead market Spain;3;Spain;108.95;2025-10-24T10:00:00+02:00
600;Marginal price Day Ahead market Spain;3;Spain;104.54;2025-10-24T10:15:00+02:00
600;Marginal price Day Ahead market Spain;3;Spain;85;2025-10-24T10:30:00+02:00
600;Marginal price Day Ahead market Spain;3;Spain;76.28;2025-10-24T10:45:00+02:00
600;Marginal price Day Ahead market Spain;3;Spain;74.04;2025-10-24T11:00:00+02:00
600;Marginal price Day Ahead market Spain;3;Spain;67.5;2025-10-24T11:15:00+02:00
600;Marginal price Day Ahead market Spain;3;Spain;59.5;2025-10-24T11:30:00+02:00
600;Marginal price Day Ahead market Spain;3;Spain;49;2025-10-24T11:45:00+02:00
600;Marginal price Day Ahead market Spain;3;Spain;47.91;2025-10-24T12:00:00+02:00
600;Marginal price Day Ahead market Spain;3;Spain;46.07;2025-10-24T12:15:00+02:00
600;Marginal price Day Ahead market Spain;3;Spain;45.81;2025-10-24T12:30:00+02:00
600;Marginal price Day Ahead market Spain;3;Spain;45.1;2025-10-24T12:45:00+02:00
600;Marginal price Day Ahead market Spain;3;Spain;38.5;2025-10-24T13:00:00+02:00
600;Marginal price Day Ahead market Spain;3;Spain;30;2025-10-24T13:15:00+02:00
600;Marginal price Day Ahead market Spain;3;Spain;25;2025-10-24T13:30:00+02:00
600;Marginal price Day Ahead market Spain;3;Spain;22.08;2025-10-24T13:45:00+02:00
600;Marginal price Day Ahead market Spain;3;Spain;16.57;2025-10-24T14:00:00+02:00
600;Marginal price Day Ahead market Spain;3;Spain;16.57;2025-10-24T14:15:00+02:00
600;Marginal price Day Ahead market Spain;3;Spain;16.46;2025-10-24T14:30:00+02:00
600;Marginal price Day Ahead market Spain;3;Spain;14.9;2025-10-24T14:45:00+02:00
600;Marginal price Day Ahead market Spain;3;Spain;12.1;2025-10-24T15:00:00+02:00
600;Marginal price Day Ahead market Spain;3;Spain;12.6;2025-10-24T15:15:00+02:00
600;Marginal price Day Ahead market Spain;3;Spain;16.59;2025-10-24T15:30:00+02:00
600;Marginal price Day Ahead market Spain;3;Spain;22.2;2025-10-24T15:45:00+02:00
600;Marginal price Day Ahead market Spain;3;Spain;16.79;2025-10-24T16:00:00+02:00
600;Marginal price Day Ahead market Spain;3;Spain;25;2025-10-24T16:15:00+02:00
600;Marginal price Day Ahead market Spain;3;Spain;40.03;2025-10-24T16:30:00+02:00
600;Marginal price Day Ahead market Spain;3;Spain;45.94;2025-10-24T16:45:00+02:00
600;Marginal price Day Ahead market Spain;3;Spain;47.7;2025-10-24T17:00:00+02:00
600;Marginal price Day Ahead market Spain;3;Spain;56.87;2025-10-24T17:15:00+02:00
600;Marginal price Day Ahead market Spain;3;Spain;74.04;2025-10-24T17:30:00+02:00
600;Marginal price Day Ahead market Spain;3;Spain;82.67;2025-10-24T17:45:00+02:00
600;Marginal price Day Ahead market Spain;3;Spain;85.96;2025-10-24T18:00:00+02:00
600;Marginal price Day Ahead market Spain;3;Spain;95;2025-10-24T18:15:00+02:00
600;Marginal price Day Ahead market Spain;3;Spain;108.95;2025-10-24T18:30:00+02:00
600;Marginal price Day Ahead market Spain;3;Spain;120;2025-10-24T18:45:00+02:00
600;Marginal price Day Ahead market Spain;3;Spain;120;2025-10-24T19:00:00+02:00
600;Marginal price Day Ahead market Spain;3;Spain;120;2025-10-24T19:15:00+02:00
600;Marginal price Day Ahead market Spain;3;Spain;126.23;2025-10-24T19:30:00+02:00
600;Marginal price Day Ahead market Spain;3;Spain;140.09;2025-10-24T19:45:00+02:00
600;Marginal price Day Ahead market Spain;3;Spain;160.43;2025-10-24T20:00:00+02:00
600;Marginal price Day Ahead market Spain;3;Spain;161.18;2025-10-24T20:15:00+02:00
600;Marginal price Day Ahead market Spain;3;Spain;164.88;2025-10-24T20:30:00+02:00
600;Marginal price Day Ahead market Spain;3;Spain;161.18;2025-10-24T20:45:00+02:00
600;Marginal price Day Ahead market Spain;3;Spain;160.43;2025-10-24T21:00:00+02:00
600;Marginal price Day Ahead market Spain;3;Spain;158.93;2025-10-24T21:15:00+02:00
600;Marginal price Day Ahead market Spain;3;Spain;144.55;2025-10-24T21:30:00+02:00
600;Marginal price Day Ahead market Spain;3;Spain;135.79;2025-10-24T21:45:00+02:00
600;Marginal price Day Ahead market Spain;3;Spain;120;2025-10-24T22:00:00+02:00
600;Marginal price Day Ahead market Spain;3;Spain;115.01;2025-10-24T22:15:00+02:00
600;Marginal price Day Ahead market Spain;3;Spain;111.89;2025-10-24T22:30:00+02:00
600;Marginal price Day Ahead market Spain;3;Spain;111.87;2025-10-24T22:45:00+02:00
600;Marginal price Day Ahead market Spain;3;Spain;111.61;2025-10-24T23:00:00+02:00
600;Marginal price Day Ahead market Spain;3;Spain;107.17;2025-10-24T23:15:00+02:00
600;Marginal price Day Ahead market Spain;3;Spain;100;2025-10-24T23:30:00+02:00
600;Marginal price Day Ahead market Spain;3;Spain;97.07;2025-10-24T23:45:00+02:00
600;Marginal price Day Ahead market Spain;3;Spain;98.89;2025-10-25T00:00:00+02:00
600;Marginal price Day Ahead market Spain;3;Spain;97.76;2025-10-25T00:15:00+02:00
600;Marginal price Day Ahead market Spain;3;Spain;97.28;2025-10-25T00:30:00+02:00
600;Marginal price Day Ahead market Spain;3;Spain;96.41;2025-10-25T00:45:00+02:00
600;Marginal price Day Ahead market Spain;3;Spain;96.41;2025-10-25T01:00:00+02:00
600;Marginal price Day Ahead market Spain;3;Spain;95.4;2025-10-25T01:15:00+02:00
600;Marginal price Day Ahead market Spain;3;Spain;91;2025-10-25T01:30:00+02:00
600;Marginal price Day Ahead market Spain;3;Spain;89.5;2025-10-25T01:45:00+02:00
600;Marginal price Day Ahead market Spain;3;Spain;90.65;2025-10-25T02:00:00+02:00
600;Marginal price Day Ahead market Spain;3;Spain;88.9;2025-10-25T02:15:00+02:00
600;Marginal price Day Ahead market Spain;3;Spain;86.44;2025-10-25T02:30:00+02:00
600;Marginal price Day Ahead market Spain;3;Spain;84.86;2025-10-25T02:45:00+02:00
600;Marginal price Day Ahead market Spain;3;Spain;84.86;2025-10-25T03:00:00+02:00
600;Marginal price Day Ahead market Spain;3;Spain;84.86;2025-10-25T03:15:00+02:00
600;Marginal price Day Ahead market Spain;3;Spain;84.86;2025-10-25T03:30:00+02:00
600;Marginal price Day Ahead market Spain;3;Spain;83.28;2025-10-25T03:45:00+02:00
600;Marginal price Day Ahead market Spain;3;Spain;95.4;2025-10-25T04:00:00+02:00
600;Marginal price Day Ahead market Spain;3;Spain;95.4;2025-10-25T04:15:00+02:00
600;Marginal price Day Ahead market Spain;3;Spain;95.4;2025-10-25T04:30:00+02:00
600;Marginal price Day Ahead market Spain;3;Spain;95.4;2025-10-25T04:45:00+02:00
600;Marginal price Day Ahead market Spain;3;Spain;96.05;2025-10-25T05:00:00+02:00
600;Marginal price Day Ahead market Spain;3;Spain;96.05;2025-10-25T05:15:00+02:00
600;Marginal price Day Ahead market Spain;3;Spain;96.41;2025-10-25T05:30:00+02:00
600;Marginal price Day Ahead market Spain;3;Spain;97.04;2025-10-25T05:45:00+02:00
600;Marginal price Day Ahead market Spain;3;Spain;97.28;2025-10-25T06:00:00+02:00
600;Marginal price Day Ahead market Spain;3;Spain;97.52;2025-10-25T06:15:00+02:00
600;Marginal price Day Ahead market Spain;3;Spain;98;2025-10-25T06:30:00+02:00
600;Marginal price Day Ahead market Spain;3;Spain;105.25;2025-10-25T06:45:00+02:00
600;Marginal price Day Ahead market Spain;3;Spain;105.35;2025-10-25T07:00:00+02:00
600;Marginal price Day Ahead market Spain;3;Spain;107.44;2025-10-25T07:15:00+02:00
600;Marginal price Day Ahead market Spain;3;Spain;108.91;2025-10-25T07:30:00+02:00
600;Marginal price Day Ahead market Spain;3;Spain;110.87;2025-10-25T07:45:00+02:00
600;Marginal price Day Ahead market Spain;3;Spain;114.11;2025-10-25T08:00:00+02:00
600;Marginal price Day Ahead market Spain;3;Spain;116.91;2025-10-25T08:15:00+02:00
600;Marginal price Day Ahead market Spain;3;Spain;119.31;2025-10-25T08:30:00+02:00
600;Marginal price Day Ahead market Spain;3;Spain;119.31;2025-10-25T08:45:00+02:00
600;Marginal price Day Ahead market Spain;3;Spain;114.11;2025-10-25T09:00:00+02:00
600;Marginal price Day Ahead market Spain;3;Spain;110;2025-10-25T09:15:00+02:00
600;Marginal price Day Ahead market Spain;3;Spain;98;2025-10-25T09:30:00+02:00
600;Marginal price Day Ahead market Spain;3;Spain;95.4;2025-10-25T09:45:00+02:00
600;Marginal price Day Ahead market Spain;3;Spain;96.8;2025-10-25T10:00:00+02:00
600;Marginal price Day Ahead market Spain;3;Spain;95.4;2025-10-25T10:15:00+02:00
600;Marginal price Day Ahead market Spain;3;Spain;79;2025-10-25T10:30:00+02:00
600;Marginal price Day Ahead market Spain;3;Spain;66.81;2025-10-25T10:45:00+02:00
600;Marginal price Day Ahead market Spain;3;Spain;66.68;2025-10-25T11:00:00+02:00
600;Marginal price Day Ahead market Spain;3;Spain;61.12;2025-10-25T11:15:00+02:00
600;Marginal price Day Ahead market Spain;3;Spain;53.1;2025-10-25T11:30:00+02:00
600;Marginal price Day Ahead market Spain;3;Spain;46.27;2025-10-25T11:45:00+02:00
600;Marginal price Day Ahead market Spain;3;Spain;43.76;2025-10-25T12:00:00+02:00
600;Marginal price Day Ahead market Spain;3;Spain;35;2025-10-25T12:15:00+02:00
600;Marginal price Day Ahead market Spain;3;Spain;34.07;2025-10-25T12:30:00+02:00
600;Marginal price Day Ahead market Spain;3;Spain;30;2025-10-25T12:45:00+02:00
600;Marginal price Day Ahead market Spain;3;Spain;30.35;2025-10-25T13:00:00+02:00
600;Marginal price Day Ahead market Spain;3;Spain;30;2025-10-25T13:15:00+02:00
600;Marginal price Day Ahead market Spain;3;Spain;29.5;2025-10-25T13:30:00+02:00
600;Marginal price Day Ahead market Spain;3;Spain;26;2025-10-25T13:45:00+02:00
600;Marginal price Day Ahead market Spain;3;Spain;24;2025-10-25T14:00:00+02:00
600;Marginal price Day Ahead market Spain;3;Spain;22.2;2025-10-25T14:15:00+02:00
600;Marginal price Day Ahead market Spain;3;Spain;22.08;2025-10-25T14:30:00+02:00
600;Marginal price Day Ahead market Spain;3;Spain;16.79;2025-10-25T14:45:00+02:00
600;Marginal price Day Ahead market Spain;3;Spain;16.68;2025-10-25T15:00:00+02:00
600;Marginal price Day Ahead market Spain;3;Spain;16.46;2025-10-25T15:15:00+02:00
600;Marginal price Day Ahead market Spain;3;Spain;16.46;2025-10-25T15:30:00+02:00
600;Marginal price Day Ahead market Spain;3;Spain;16.46;2025-10-25T15:45:00+02:00
600;Marginal price Day Ahead market Spain;3;Spain;16.57;2025-10-25T16:00:00+02:00
600;Marginal price Day Ahead market Spain;3;Spain;16.68;2025-10-25T16:15:00+02:00
600;Marginal price Day Ahead market Spain;3;Spain;16.79;2025-10-25T16:30:00+02:00
600;Marginal price Day Ahead market Spain;3;Spain;22.2;2025-10-25T16:45:00+02:00
600;Marginal price Day Ahead market Spain;3;Spain;26.35;2025-10-25T17:00:00+02:00
600;Marginal price Day Ahead market Spain;3;Spain;40;2025-10-25T17:15:00+02:00
600;Marginal price Day Ahead market Spain;3;Spain;55.5;2025-10-25T17:30:00+02:00
600;Marginal price Day Ahead market Spain;3;Spain;66.32;2025-10-25T17:45:00+02:00
600;Marginal price Day Ahead market Spain;3;Spain;67.07;2025-10-25T18:00:00+02:00
600;Marginal price Day Ahead market Spain;3;Spain;83.28;2025-10-25T18:15:00+02:00
600;Marginal price Day Ahead market Spain;3;Spain;97.04;2025-10-25T18:30:00+02:00
600;Marginal price Day Ahead market Spain;3;Spain;106.95;2025-10-25T18:45:00+02:00
600;Marginal price Day Ahead market Spain;3;Spain;107.44;2025-10-25T19:00:00+02:00
600;Marginal price Day Ahead market Spain;3;Spain;110.88;2025-10-25T19:15:00+02:00
600;Marginal price Day Ahead market Spain;3;Spain;114.85;2025-10-25T19:30:00+02:00
600;Marginal price Day Ahead market Spain;3;Spain;119.31;2025-10-25T19:45:00+02:00
600;Marginal price Day Ahead market Spain;3;Spain;119.31;2025-10-25T20:00:00+02:00
600;Marginal price Day Ahead market Spain;3;Spain;127.66;2025-10-25T20:15:00+02:00
600;Marginal price Day Ahead market Spain;3;Spain;131.32;2025-10-25T20:30:00+02:00
600;Marginal price Day Ahead market Spain;3;Spain;127.66;2025-10-25T20:45:00+02:00
600;Marginal price Day Ahead market Spain;3;Spain;119.31;2025-10-25T21:00:00+02:00
600;Marginal price Day Ahead market Spain;3;Spain;117.46;2025-10-25T21:15:00+02:00
600;Marginal price Day Ahead market Spain;3;Spain;111.96;2025-10-25T21:30:00+02:00
600;Marginal price Day Ahead market Spain;3;Spain;107.44;2025-10-25T21:45:00+02:00
600;Marginal price Day Ahead market Spain;3;Spain;110;2025-10-25T22:00:00+02:00
600;Marginal price Day Ahead market Spain;3;Spain;106.95;2025-10-25T22:15:00+02:00
600;Marginal price Day Ahead market Spain;3;Spain;105.35;2025-10-25T22:30:00+02:00
600;Marginal price Day Ahead market Spain;3;Spain;104.55;2025-10-25T22:45:00+02:00
600;Marginal price Day Ahead market Spain;3;Spain;105.17;2025-10-25T23:00:00+02:00
600;Marginal price Day Ahead market Spain;3;Spain;100;2025-10-25T23:15:00+02:00
600;Marginal price Day Ahead market Spain;3;Spain;97.52;2025-10-25T23:30:00+02:00
600;Marginal price Day Ahead market Spain;3;Spain;96.41;2025-10-25T23:45:00+02:00
600;Marginal price Day Ahead market Spain;3;Spain;105.19;2025-10-26T00:00:00+02:00
600;Marginal price Day Ahead market Spain;3;Spain;96.69;2025-10-26T00:15:00+02:00
600;Marginal price Day Ahead market Spain;3;Spain;94.4;2025-10-26T00:30:00+02:00
600;Marginal price Day Ahead market Spain;3;Spain;93.68;2025-10-26T00:45:00+02:00
600;Marginal price Day Ahead market Spain;3;Spain;90.29;2025-10-26T01:00:00+02:00
600;Marginal price Day Ahead market Spain;3;Spain;88.4;2025-10-26T01:15:00+02:00
600;Marginal price Day Ahead market Spain;3;Spain;86.44;2025-10-26T01:30:00+02:00
600;Marginal price Day Ahead market Spain;3;Spain;84.86;2025-10-26T01:45:00+02:00
600;Marginal price Day Ahead market Spain;3;Spain;70;2025-10-26T02:00:00+02:00
600;Marginal price Day Ahead market Spain;3;Spain;61.33;2025-10-26T02:15:00+02:00
600;Marginal price Day Ahead market Spain;3;Spain;61.12;2025-10-26T02:30:00+02:00
600;Marginal price Day Ahead market Spain;3;Spain;60;2025-10-26T02:45:00+02:00
600;Marginal price Day Ahead market Spain;3;Spain;58.07;2025-10-26T02:00:00+01:00
600;Marginal price Day Ahead market Spain;3;Spain;57.81;2025-10-26T02:15:00+01:00
600;Marginal price Day Ahead market Spain;3;Spain;57.42;2025-10-26T02:30:00+01:00
600;Marginal price Day Ahead market Spain;3;Spain;56.1;2025-10-26T02:45:00+01:00
600;Marginal price Day Ahead market Spain;3;Spain;60.1;2025-10-26T03:00:00+01:00
600;Marginal price Day Ahead market Spain;3;Spain;58.2;2025-10-26T03:15:00+01:00
600;Marginal price Day Ahead market Spain;3;Spain;57.94;2025-10-26T03:30:00+01:00
600;Marginal price Day Ahead market Spain;3;Spain;57.94;2025-10-26T03:45:00+01:00
600;Marginal price Day Ahead market Spain;3;Spain;57.81;2025-10-26T04:00:00+01:00
600;Marginal price Day Ahead market Spain;3;Spain;57.68;2025-10-26T04:15:00+01:00
600;Marginal price Day Ahead market Spain;3;Spain;57.42;2025-10-26T04:30:00+01:00
600;Marginal price Day Ahead market Spain;3;Spain;57.42;2025-10-26T04:45:00+01:00
600;Marginal price Day Ahead market Spain;3;Spain;57.42;2025-10-26T05:00:00+01:00
600;Marginal price Day Ahead market Spain;3;Spain;57.42;2025-10-26T05:15:00+01:00
600;Marginal price Day Ahead market Spain;3;Spain;52.69;2025-10-26T05:30:00+01:00
600;Marginal price Day Ahead market Spain;3;Spain;57.42;2025-10-26T05:45:00+01:00
600;Marginal price Day Ahead market Spain;3;Spain;57.68;2025-10-26T06:00:00+01:00
600;Marginal price Day Ahead market Spain;3;Spain;57.68;2025-10-26T06:15:00+01:00
600;Marginal price Day Ahead market Spain;3;Spain;46.7;2025-10-26T06:30:00+01:00
600;Marginal price Day Ahead market Spain;3;Spain;46;2025-10-26T06:45:00+01:00
600;Marginal price Day Ahead market Spain;3;Spain;45;2025-10-26T07:00:00+01:00
600;Marginal price Day Ahead market Spain;3;Spain;43.1;2025-10-26T07:15:00+01:00
600;Marginal price Day Ahead market Spain;3;Spain;42;2025-10-26T07:30:00+01:00
600;Marginal price Day Ahead market Spain;3;Spain;42;2025-10-26T07:45:00+01:00
600;Marginal price Day Ahead market Spain;3;Spain;40;2025-10-26T08:00:00+01:00
600;Marginal price Day Ahead market Spain;3;Spain;36;2025-10-26T08:15:00+01:00
600;Marginal price Day Ahead market Spain;3;Spain;35.02;2025-10-26T08:30:00+01:00
600;Marginal price Day Ahead market Spain;3;Spain;35.01;2025-10-26T08:45:00+01:00
600;Marginal price Day Ahead market Spain;3;Spain;22.2;2025-10-26T09:00:00+01:00
600;Marginal price Day Ahead market Spain;3;Spain;16.05;2025-10-26T09:15:00+01:00
600;Marginal price Day Ahead market Spain;3;Spain;11.86;2025-10-26T09:30:00+01:00
600;Marginal price Day Ahead market Spain;3;Spain;8.93;2025-10-26T09:45:00+01:00
600;Marginal price Day Ahead market Spain;3;Spain;9.98;2025-10-26T10:00:00+01:00
600;Marginal price Day Ahead market Spain;3;Spain;6.29;2025-10-26T10:15:00+01:00
600;Marginal price Day Ahead market Spain;3;Spain;3.52;2025-10-26T10:30:00+01:00
600;Marginal price Day Ahead market Spain;3;Spain;1.23;2025-10-26T10:45:00+01:00
600;Marginal price Day Ahead market Spain;3;Spain;3.52;2025-10-26T11:00:00+01:00
600;Marginal price Day Ahead market Spain;3;Spain;2.8;2025-10-26T11:15:00+01:00
600;Marginal price Day Ahead market Spain;3;Spain;1.71;2025-10-26T11:30:00+01:00
600;Marginal price Day Ahead market Spain;3;Spain;0.99;2025-10-26T11:45:00+01:00
600;Marginal price Day Ahead market Spain;3;Spain;1.93;2025-10-26T12:00:00+01:00
600;Marginal price Day Ahead market Spain;3;Spain;1.58;2025-10-26T12:15:00+01:00
600;Marginal price Day Ahead market Spain;3;Spain;1.59;2025-10-26T12:30:00+01:00
600;Marginal price Day Ahead market Spain;3;Spain;1.58;2025-10-26T12:45:00+01:00
600;Marginal price Day Ahead market Spain;3;Spain;1.44;2025-10-26T13:00:00+01:00
600;Marginal price Day Ahead market Spain;3;Spain;1.72;2025-10-26T13:15:00+01:00
600;Marginal price Day Ahead market Spain;3;Spain;3;2025-10-26T13:30:00+01:00
600;Marginal price Day Ahead market Spain;3;Spain;3.52;2025-10-26T13:45:00+01:00
600;Marginal price Day Ahead market Spain;3;Spain;3.52;2025-10-26T14:00:00+01:00
600;Marginal price Day Ahead market Spain;3;Spain;4.81;2025-10-26T14:15:00+01:00
600;Marginal price Day Ahead market Spain;3;Spain;5.38;2025-10-26T14:30:00+01:00
600;Marginal price Day Ahead market Spain;3;Spain;6.2;2025-10-26T14:45:00+01:00
600;Marginal price Day Ahead market Spain;3;Spain;4.09;2025-10-26T15:00:00+01:00
600;Marginal price Day Ahead market Spain;3;Spain;6.53;2025-10-26T15:15:00+01:00
600;Marginal price Day Ahead market Spain;3;Spain;9.86;2025-10-26T15:30:00+01:00
600;Marginal price Day Ahead market Spain;3;Spain;14;2025-10-26T15:45:00+01:00
600;Marginal price Day Ahead market Spain;3;Spain;8.71;2025-10-26T16:00:00+01:00
600;Marginal price Day Ahead market Spain;3;Spain;14.81;2025-10-26T16:15:00+01:00
600;Marginal price Day Ahead market Spain;3;Spain;20;2025-10-26T16:30:00+01:00
600;Marginal price Day Ahead market Spain;3;Spain;35.01;2025-10-26T16:45:00+01:00
600;Marginal price Day Ahead market Spain;3;Spain;30;2025-10-26T17:00:00+01:00
600;Marginal price Day Ahead market Spain;3;Spain;35.02;2025-10-26T17:15:00+01:00
600;Marginal price Day Ahead market Spain;3;Spain;58.07;2025-10-26T17:30:00+01:00
600;Marginal price Day Ahead market Spain;3;Spain;69.68;2025-10-26T17:45:00+01:00
600;Marginal price Day Ahead market Spain;3;Spain;75;2025-10-26T18:00:00+01:00
600;Marginal price Day Ahead market Spain;3;Spain;83.28;2025-10-26T18:15:00+01:00
600;Marginal price Day Ahead market Spain;3;Spain;85.35;2025-10-26T18:30:00+01:00
600;Marginal price Day Ahead market Spain;3;Spain;88.23;2025-10-26T18:45:00+01:00
600;Marginal price Day Ahead market Spain;3;Spain;93.49;2025-10-26T19:00:00+01:00
600;Marginal price Day Ahead market Spain;3;Spain;94.4;2025-10-26T19:15:00+01:00
600;Marginal price Day Ahead market Spain;3;Spain;95.09;2025-10-26T19:30:00+01:00
600;Marginal price Day Ahead market Spain;3;Spain;102.69;2025-10-26T19:45:00+01:00
600;Marginal price Day Ahead market Spain;3;Spain;105.19;2025-10-26T20:00:00+01:00
600;Marginal price Day Ahead market Spain;3;Spain;105.43;2025-10-26T20:15:00+01:00
600;Marginal price Day Ahead market Spain;3;Spain;105.43;2025-10-26T20:30:00+01:00
600;Marginal price Day Ahead market Spain;3;Spain;105.43;2025-10-26T20:45:00+01:00
600;Marginal price Day Ahead market Spain;3;Spain;104.35;2025-10-26T21:00:00+01:00
600;Marginal price Day Ahead market Spain;3;Spain;97.17;2025-10-26T21:15:00+01:00
600;Marginal price Day Ahead market Spain;3;Spain;95.09;2025-10-26T21:30:00+01:00
600;Marginal price Day Ahead market Spain;3;Spain;94.64;2025-10-26T21:45:00+01:00
600;Marginal price Day Ahead market Spain;3;Spain;93.92;2025-10-26T22:00:00+01:00
600;Marginal price Day Ahead market Spain;3;Spain;93.49;2025-10-26T22:15:00+01:00
600;Marginal price Day Ahead market Spain;3;Spain;93.2;2025-10-26T22:30:00+01:00
600;Marginal price Day Ahead market Spain;3;Spain;89.41;2025-10-26T22:45:00+01:00
600;Marginal price Day Ahead market Spain;3;Spain;93.2;2025-10-26T23:00:00+01:00
600;Marginal price Day Ahead market Spain;3;Spain;89.41;2025-10-26T23:15:00+01:00
600;Marginal price Day Ahead market Spain;3;Spain;88.4;2025-10-26T23:30:00+01:00
600;Marginal price Day Ahead market Spain;3;Spain;88.1;2025-10-26T23:45:00+01:00
600;Marginal price Day Ahead market Spain;3;Spain;90.92;2025-10-27T00:00:00+01:00
600;Marginal price Day Ahead market Spain;3;Spain;87.87;2025-10-27T00:15:00+01:00
600;Marginal price Day Ahead market Spain;3;Spain;85;2025-10-27T00:30:00+01:00
600;Marginal price Day Ahead market Spain;3;Spain;84.21;2025-10-27T00:45:00+01:00
600;Marginal price Day Ahead market Spain;3;Spain;77.5;2025-10-27T01:00:00+01:00
600;Marginal price Day Ahead market Spain;3;Spain;77.5;2025-10-27T01:15:00+01:00
600;Marginal price Day Ahead market Spain;3;Spain;77.33;2025-10-27T01:30:00+01:00
600;Marginal price Day Ahead market Spain;3;Spain;77.33;2025-10-27T01:45:00+01:00
600;Marginal price Day Ahead market Spain;3;Spain;76.87;2025-10-27T02:00:00+01:00
600;Marginal price Day Ahead market Spain;3;Spain;76.87;2025-10-27T02:15:00+01:00
600;Marginal price Day Ahead market Spain;3;Spain;76.87;2025-10-27T02:30:00+01:00
600;Marginal price Day Ahead market Spain;3;Spain;77.12;2025-10-27T02:45:00+01:00
600;Marginal price Day Ahead market Spain;3;Spain;77.12;2025-10-27T03:00:00+01:00
600;Marginal price Day Ahead market Spain;3;Spain;77.12;2025-10-27T03:15:00+01:00
600;Marginal price Day Ahead market Spain;3;Spain;77.12;2025-10-27T03:30:00+01:00
600;Marginal price Day Ahead market Spain;3;Spain;77.12;2025-10-27T03:45:00+01:00
600;Marginal price Day Ahead market Spain;3;Spain;77.33;2025-10-27T04:00:00+01:00
600;Marginal price Day Ahead market Spain;3;Spain;77.5;2025-10-27T04:15:00+01:00
600;Marginal price Day Ahead market Spain;3;Spain;80;2025-10-27T04:30:00+01:00
600;Marginal price Day Ahead market Spain;3;Spain;83.57;2025-10-27T04:45:00+01:00
600;Marginal price Day Ahead market Spain;3;Spain;100.88;2025-10-27T05:00:00+01:00
600;Marginal price Day Ahead market Spain;3;Spain;101.33;2025-10-27T05:15:00+01:00
600;Marginal price Day Ahead market Spain;3;Spain;105.44;2025-10-27T05:30:00+01:00
600;Marginal price Day Ahead market Spain;3;Spain;106.35;2025-10-27T05:45:00+01:00
600;Marginal price Day Ahead market Spain;3;Spain;107.15;2025-10-27T06:00:00+01:00
600;Marginal price Day Ahead market Spain;3;Spain;108.56;2025-10-27T06:15:00+01:00
600;Marginal price Day Ahead market Spain;3;Spain;111.87;2025-10-27T06:30:00+01:00
600;Marginal price Day Ahead market Spain;3;Spain;114.39;2025-10-27T06:45:00+01:00
600;Marginal price Day Ahead market Spain;3;Spain;136.57;2025-10-27T07:00:00+01:00
600;Marginal price Day Ahead market Spain;3;Spain;155.34;2025-10-27T07:15:00+01:00
600;Marginal price Day Ahead market Spain;3;Spain;158.93;2025-10-27T07:30:00+01:00
600;Marginal price Day Ahead market Spain;3;Spain;159.86;2025-10-27T07:45:00+01:00
600;Marginal price Day Ahead market Spain;3;Spain;150.01;2025-10-27T08:00:00+01:00
600;Marginal price Day Ahead market Spain;3;Spain;127.73;2025-10-27T08:15:00+01:00
600;Marginal price Day Ahead market Spain;3;Spain;111.96;2025-10-27T08:30:00+01:00
600;Marginal price Day Ahead market Spain;3;Spain;106.64;2025-10-27T08:45:00+01:00
600;Marginal price Day Ahead market Spain;3;Spain;105.92;2025-10-27T09:00:00+01:00
600;Marginal price Day Ahead market Spain;3;Spain;95.02;2025-10-27T09:15:00+01:00
600;Marginal price Day Ahead market Spain;3;Spain;74.81;2025-10-27T09:30:00+01:00
600;Marginal price Day Ahead market Spain;3;Spain;65;2025-10-27T09:45:00+01:00
600;Marginal price Day Ahead market Spain;3;Spain;70;2025-10-27T10:00:00+01:00
600;Marginal price Day Ahead market Spain;3;Spain;55;2025-10-27T10:15:00+01:00
600;Marginal price Day Ahead market Spain;3;Spain;42;2025-10-27T10:30:00+01:00
600;Marginal price Day Ahead market Spain;3;Spain;37.01;2025-10-27T10:45:00+01:00
600;Marginal price Day Ahead market Spain;3;Spain;32.48;2025-10-27T11:00:00+01:00
600;Marginal price Day Ahead market Spain;3;Spain;27.02;2025-10-27T11:15:00+01:00
600;Marginal price Day Ahead market Spain;3;Spain;23.58;2025-10-27T11:30:00+01:00
600;Marginal price Day Ahead market Spain;3;Spain;22.2;2025-10-27T11:45:00+01:00
600;Marginal price Day Ahead market Spain;3;Spain;40;2025-10-27T12:00:00+01:00
600;Marginal price Day Ahead market Spain;3;Spain;28;2025-10-27T12:15:00+01:00
600;Marginal price Day Ahead market Spain;3;Spain;27.06;2025-10-27T12:30:00+01:00
600;Marginal price Day Ahead market Spain;3;Spain;24.02;2025-10-27T12:45:00+01:00
600;Marginal price Day Ahead market Spain;3;Spain;23;2025-10-27T13:00:00+01:00
600;Marginal price Day Ahead market Spain;3;Spain;22.05;2025-10-27T13:15:00+01:00
600;Marginal price Day Ahead market Spain;3;Spain;21.02;2025-10-27T13:30:00+01:00
600;Marginal price Day Ahead market Spain;3;Spain;21.02;2025-10-27T13:45:00+01:00
600;Marginal price Day Ahead market Spain;3;Spain;20;2025-10-27T14:00:00+01:00
600;Marginal price Day Ahead market Spain;3;Spain;18.02;2025-10-27T14:15:00+01:00
600;Marginal price Day Ahead market Spain;3;Spain;20;2025-10-27T14:30:00+01:00
600;Marginal price Day Ahead market Spain;3;Spain;22.08;2025-10-27T14:45:00+01:00
600;Marginal price Day Ahead market Spain;3;Spain;24.07;2025-10-27T15:00:00+01:00
600;Marginal price Day Ahead market Spain;3;Spain;38.35;2025-10-27T15:15:00+01:00
600;Marginal price Day Ahead market Spain;3;Spain;47.91;2025-10-27T15:30:00+01:00
600;Marginal price Day Ahead market Spain;3;Spain;60.88;2025-10-27T15:45:00+01:00
600;Marginal price Day Ahead market Spain;3;Spain;41.7;2025-10-27T16:00:00+01:00
600;Marginal price Day Ahead market Spain;3;Spain;68.23;2025-10-27T16:15:00+01:00
600;Marginal price Day Ahead market Spain;3;Spain;76.87;2025-10-27T16:30:00+01:00
600;Marginal price Day Ahead market Spain;3;Spain;96.25;2025-10-27T16:45:00+01:00
600;Marginal price Day Ahead market Spain;3;Spain;105.92;2025-10-27T17:00:00+01:00
600;Marginal price Day Ahead market Spain;3;Spain;108.75;2025-10-27T17:15:00+01:00
600;Marginal price Day Ahead market Spain;3;Spain;120;2025-10-27T17:30:00+01:00
600;Marginal price Day Ahead market Spain;3;Spain;129.87;2025-10-27T17:45:00+01:00
600;Marginal price Day Ahead market Spain;3;Spain;127;2025-10-27T18:00:00+01:00
600;Marginal price Day Ahead market Spain;3;Spain;136.57;2025-10-27T18:15:00+01:00
600;Marginal price Day Ahead market Spain;3;Spain;139.99;2025-10-27T18:30:00+01:00
600;Marginal price Day Ahead market Spain;3;Spain;150.43;2025-10-27T18:45:00+01:00
600;Marginal price Day Ahead market Spain;3;Spain;138.08;2025-10-27T19:00:00+01:00
600;Marginal price Day Ahead market Spain;3;Spain;138.83;2025-10-27T19:15:00+01:00
600;Marginal price Day Ahead market Spain;3;Spain;150;2025-10-27T19:30:00+01:00
600;Marginal price Day Ahead market Spain;3;Spain;154.13;2025-10-27T19:45:00+01:00
600;Marginal price Day Ahead market Spain;3;Spain;153.24;2025-10-27T20:00:00+01:00
600;Marginal price Day Ahead market Spain;3;Spain;158.93;2025-10-27T20:15:00+01:00
600;Marginal price Day Ahead market Spain;3;Spain;158.93;2025-10-27T20:30:00+01:00
600;Marginal price Day Ahead market Spain;3;Spain;157.43;2025-10-27T20:45:00+01:00
600;Marginal price Day Ahead market Spain;3;Spain;150.01;2025-10-27T21:00:00+01:00
600;Marginal price Day Ahead market Spain;3;Spain;144;2025-10-27T21:15:00+01:00
600;Marginal price Day Ahead market Spain;3;Spain;131.79;2025-10-27T21:30:00+01:00
600;Marginal price Day Ahead market Spain;3;Spain;125;2025-10-27T21:45:00+01:00
600;Marginal price Day Ahead market Spain;3;Spain;120.55;2025-10-27T22:00:00+01:00
600;Marginal price Day Ahead market Spain;3;Spain;115;2025-10-27T22:15:00+01:00
600;Marginal price Day Ahead market Spain;3;Spain;112.42;2025-10-27T22:30:00+01:00
600;Marginal price Day Ahead market Spain;3;Spain;111.14;2025-10-27T22:45:00+01:00
600;Marginal price Day Ahead market Spain;3;Spain;109.56;2025-10-27T23:00:00+01:00
600;Marginal price Day Ahead market Spain;3;Spain;107.15;2025-10-27T23:15:00+01:00
600;Marginal price Day Ahead market Spain;3;Spain;106.64;2025-10-27T23:30:00+01:00
600;Marginal price Day Ahead market Spain;3;Spain;106.35;2025-10-27T23:45:00+01:00
600;Marginal price Day Ahead market Spain;3;Spain;108.64;2025-10-28T00:00:00+01:00
600;Marginal price Day Ahead market Spain;3;Spain;108.4;2025-10-28T00:15:00+01:00
600;Marginal price Day Ahead market Spain;3;Spain;108.16;2025-10-28T00:30:00+01:00
600;Marginal price Day Ahead market Spain;3;Spain;107.92;2025-10-28T00:45:00+01:00
600;Marginal price Day Ahead market Spain;3;Spain;107.37;2025-10-28T01:00:00+01:00
600;Marginal price Day Ahead market Spain;3;Spain;107.2;2025-10-28T01:15:00+01:00
600;Marginal price Day Ahead market Spain;3;Spain;105;2025-10-28T01:30:00+01:00
600;Marginal price Day Ahead market Spain;3;Spain;103.5;2025-10-28T01:45:00+01:00
600;Marginal price Day Ahead market Spain;3;Spain;106.39;2025-10-28T02:00:00+01:00
600;Marginal price Day Ahead market Spain;3;Spain;105.59;2025-10-28T02:15:00+01:00
600;Marginal price Day Ahead market Spain;3;Spain;105;2025-10-28T02:30:00+01:00
600;Marginal price Day Ahead market Spain;3;Spain;105;2025-10-28T02:45:00+01:00
600;Marginal price Day Ahead market Spain;3;Spain;104.79;2025-10-28T03:00:00+01:00
600;Marginal price Day Ahead market Spain;3;Spain;104.33;2025-10-28T03:15:00+01:00
600;Marginal price Day Ahead market Spain;3;Spain;103.99;2025-10-28T03:30:00+01:00
600;Marginal price Day Ahead market Spain;3;Spain;103.99;2025-10-28T03:45:00+01:00
600;Marginal price Day Ahead market Spain;3;Spain;103.99;2025-10-28T04:00:00+01:00
600;Marginal price Day Ahead market Spain;3;Spain;103.99;2025-10-28T04:15:00+01:00
600;Marginal price Day Ahead market Spain;3;Spain;104.4;2025-10-28T04:30:00+01:00
600;Marginal price Day Ahead market Spain;3;Spain;104.79;2025-10-28T04:45:00+01:00
600;Marginal price Day Ahead market Spain;3;Spain;95;2025-10-28T05:00:00+01:00
600;Marginal price Day Ahead market Spain;3;Spain;96.28;2025-10-28T05:15:00+01:00
600;Marginal price Day Ahead market Spain;3;Spain;100;2025-10-28T05:30:00+01:00
600;Marginal price Day Ahead market Spain;3;Spain;107.2;2025-10-28T05:45:00+01:00
600;Marginal price Day Ahead market Spain;3;Spain;107.44;2025-10-28T06:00:00+01:00
600;Marginal price Day Ahead market Spain;3;Spain;108.4;2025-10-28T06:15:00+01:00
600;Marginal price Day Ahead market Spain;3;Spain;110.45;2025-10-28T06:30:00+01:00
600;Marginal price Day Ahead market Spain;3;Spain;114.56;2025-10-28T06:45:00+01:00
600;Marginal price Day Ahead market Spain;3;Spain;117.47;2025-10-28T07:00:00+01:00
600;Marginal price Day Ahead market Spain;3;Spain;122;2025-10-28T07:15:00+01:00
600;Marginal price Day Ahead market Spain;3;Spain;123.24;2025-10-28T07:30:00+01:00
600;Marginal price Day Ahead market Spain;3;Spain;123.23;2025-10-28T07:45:00+01:00
600;Marginal price Day Ahead market Spain;3;Spain;122.19;2025-10-28T08:00:00+01:00
600;Marginal price Day Ahead market Spain;3;Spain;114.56;2025-10-28T08:15:00+01:00
600;Marginal price Day Ahead market Spain;3;Spain;109.33;2025-10-28T08:30:00+01:00
600;Marginal price Day Ahead market Spain;3;Spain;101.23;2025-10-28T08:45:00+01:00
600;Marginal price Day Ahead market Spain;3;Spain;107.37;2025-10-28T09:00:00+01:00
600;Marginal price Day Ahead market Spain;3;Spain;106.06;2025-10-28T09:15:00+01:00
600;Marginal price Day Ahead market Spain;3;Spain;103.99;2025-10-28T09:30:00+01:00
600;Marginal price Day Ahead market Spain;3;Spain;84.33;2025-10-28T09:45:00+01:00
600;Marginal price Day Ahead market Spain;3;Spain;84.5;2025-10-28T10:00:00+01:00
600;Marginal price Day Ahead market Spain;3;Spain;81.09;2025-10-28T10:15:00+01:00
600;Marginal price Day Ahead market Spain;3;Spain;70.2;2025-10-28T10:30:00+01:00
600;Marginal price Day Ahead market Spain;3;Spain;65;2025-10-28T10:45:00+01:00
600;Marginal price Day Ahead market Spain;3;Spain;65;2025-10-28T11:00:00+01:00
600;Marginal price Day Ahead market Spain;3;Spain;60;2025-10-28T11:15:00+01:00
600;Marginal price Day Ahead market Spain;3;Spain;63.1;2025-10-28T11:30:00+01:00
600;Marginal price Day Ahead market Spain;3;Spain;60;2025-10-28T11:45:00+01:00
600;Marginal price Day Ahead market Spain;3;Spain;60;2025-10-28T12:00:00+01:00
600;Marginal price Day Ahead market Spain;3;Spain;60;2025-10-28T12:15:00+01:00
600;Marginal price Day Ahead market Spain;3;Spain;60;2025-10-28T12:30:00+01:00
600;Marginal price Day Ahead market Spain;3;Spain;60;2025-10-28T12:45:00+01:00
600;Marginal price Day Ahead market Spain;3;Spain;60;2025-10-28T13:00:00+01:00
600;Marginal price Day Ahead market Spain;3;Spain;62;2025-10-28T13:15:00+01:00
600;Marginal price Day Ahead market Spain;3;Spain;65;2025-10-28T13:30:00+01:00
600;Marginal price Day Ahead market Spain;3;Spain;67;2025-10-28T13:45:00+01:00
600;Marginal price Day Ahead market Spain;3;Spain;68;2025-10-28T14:00:00+01:00
600;Marginal price Day Ahead market Spain;3;Spain;70;2025-10-28T14:15:00+01:00
600;Marginal price Day Ahead market Spain;3;Spain;72.42;2025-10-28T14:30:00+01:00
600;Marginal price Day Ahead market Spain;3;Spain;72.81;2025-10-28T14:45:00+01:00
600;Marginal price Day Ahead market Spain;3;Spain;70;2025-10-28T15:00:00+01:00
600;Marginal price Day Ahead market Spain;3;Spain;72.68;2025-10-28T15:15:00+01:00
600;Marginal price Day Ahead market Spain;3;Spain;73.07;2025-10-28T15:30:00+01:00
600;Marginal price Day Ahead market Spain;3;Spain;84.12;2025-10-28T15:45:00+01:00
600;Marginal price Day Ahead market Spain;3;Spain;85;2025-10-28T16:00:00+01:00
600;Marginal price Day Ahead market Spain;3;Spain;100;2025-10-28T16:15:00+01:00
600;Marginal price Day Ahead market Spain;3;Spain;103.23;2025-10-28T16:30:00+01:00
600;Marginal price Day Ahead market Spain;3;Spain;107.2;2025-10-28T16:45:00+01:00
600;Marginal price Day Ahead market Spain;3;Spain;107.37;2025-10-28T17:00:00+01:00
600;Marginal price Day Ahead market Spain;3;Spain;108.16;2025-10-28T17:15:00+01:00
600;Marginal price Day Ahead market Spain;3;Spain;112;2025-10-28T17:30:00+01:00
600;Marginal price Day Ahead market Spain;3;Spain;116.14;2025-10-28T17:45:00+01:00
600;Marginal price Day Ahead market Spain;3;Spain;122.19;2025-10-28T18:00:00+01:00
600;Marginal price Day Ahead market Spain;3;Spain;126.02;2025-10-28T18:15:00+01:00
600;Marginal price Day Ahead market Spain;3;Spain;128.96;2025-10-28T18:30:00+01:00
600;Marginal price Day Ahead market Spain;3;Spain;135;2025-10-28T18:45:00+01:00
600;Marginal price Day Ahead market Spain;3;Spain;126.02;2025-10-28T19:00:00+01:00
600;Marginal price Day Ahead market Spain;3;Spain;128.96;2025-10-28T19:15:00+01:00
600;Marginal price Day Ahead market Spain;3;Spain;128.96;2025-10-28T19:30:00+01:00
600;Marginal price Day Ahead market Spain;3;Spain;136.57;2025-10-28T19:45:00+01:00
600;Marginal price Day Ahead market Spain;3;Spain;143.97;2025-10-28T20:00:00+01:00
600;Marginal price Day Ahead market Spain;3;Spain;143.94;2025-10-28T20:15:00+01:00
600;Marginal price Day Ahead market Spain;3;Spain;143.94;2025-10-28T20:30:00+01:00
600;Marginal price Day Ahead market Spain;3;Spain;137.12;2025-10-28T20:45:00+01:00
600;Marginal price Day Ahead market Spain;3;Spain;141.14;2025-10-28T21:00:00+01:00
600;Marginal price Day Ahead market Spain;3;Spain;133;2025-10-28T21:15:00+01:00
600;Marginal price Day Ahead market Spain;3;Spain;126.02;2025-10-28T21:30:00+01:00
600;Marginal price Day Ahead market Spain;3;Spain;120;2025-10-28T21:45:00+01:00
600;Marginal price Day Ahead market Spain;3;Spain;116.14;2025-10-28T22:00:00+01:00
600;Marginal price Day Ahead market Spain;3;Spain;112.26;2025-10-28T22:15:00+01:00
600;Marginal price Day Ahead market Spain;3;Spain;109.25;2025-10-28T22:30:00+01:00
600;Marginal price Day Ahead market Spain;3;Spain;107.68;2025-10-28T22:45:00+01:00
600;Marginal price Day Ahead market Spain;3;Spain;107.92;2025-10-28T23:00:00+01:00
600;Marginal price Day Ahead market Spain;3;Spain;107.68;2025-10-28T23:15:00+01:00
600;Marginal price Day Ahead market Spain;3;Spain;106.39;2025-10-28T23:30:00+01:00
600;Marginal price Day Ahead market Spain;3;Spain;104.79;2025-10-28T23:45:00+01:00
600;Marginal price Day Ahead market Spain;3;Spain;92.05;2025-10-29T00:00:00+01:00
600;Marginal price Day Ahead market Spain;3;Spain;90.01;2025-10-29T00:15:00+01:00
600;Marginal price Day Ahead market Spain;3;Spain;88;2025-10-29T00:30:00+01:00
600;Marginal price Day Ahead market Spain;3;Spain;85.01;2025-10-29T00:45:00+01:00
600;Marginal price Day Ahead market Spain;3;Spain;87.51;2025-10-29T01:00:00+01:00
600;Marginal price Day Ahead market Spain;3;Spain;84.5;2025-10-29T01:15:00+01:00
600;Marginal price Day Ahead market Spain;3;Spain;82.76;2025-10-29T01:30:00+01:00
600;Marginal price Day Ahead market Spain;3;Spain;82.51;2025-10-29T01:45:00+01:00
600;Marginal price Day Ahead market Spain;3;Spain;80.07;2025-10-29T02:00:00+01:00
600;Marginal price Day Ahead market Spain;3;Spain;80.01;2025-10-29T02:15:00+01:00
600;Marginal price Day Ahead market Spain;3;Spain;80.01;2025-10-29T02:30:00+01:00
600;Marginal price Day Ahead market Spain;3;Spain;80.01;2025-10-29T02:45:00+01:00
600;Marginal price Day Ahead market Spain;3;Spain;78.86;2025-10-29T03:00:00+01:00
600;Marginal price Day Ahead market Spain;3;Spain;77.15;2025-10-29T03:15:00+01:00
600;Marginal price Day Ahead market Spain;3;Spain;74.99;2025-10-29T03:30:00+01:00
600;Marginal price Day Ahead market Spain;3;Spain;74.99;2025-10-29T03:45:00+01:00
600;Marginal price Day Ahead market Spain;3;Spain;77.27;2025-10-29T04:00:00+01:00
600;Marginal price Day Ahead market Spain;3;Spain;77;2025-10-29T04:15:00+01:00
600;Marginal price Day Ahead market Spain;3;Spain;80;2025-10-29T04:30:00+01:00
600;Marginal price Day Ahead market Spain;3;Spain;80.01;2025-10-29T04:45:00+01:00
600;Marginal price Day Ahead market Spain;3;Spain;80.07;2025-10-29T05:00:00+01:00
600;Marginal price Day Ahead market Spain;3;Spain;81.01;2025-10-29T05:15:00+01:00
600;Marginal price Day Ahead market Spain;3;Spain;83.27;2025-10-29T05:30:00+01:00
600;Marginal price Day Ahead market Spain;3;Spain;85.01;2025-10-29T05:45:00+01:00
600;Marginal price Day Ahead market Spain;3;Spain;85;2025-10-29T06:00:00+01:00
600;Marginal price Day Ahead market Spain;3;Spain;87.04;2025-10-29T06:15:00+01:00
600;Marginal price Day Ahead market Spain;3;Spain;90;2025-10-29T06:30:00+01:00
600;Marginal price Day Ahead market Spain;3;Spain;99;2025-10-29T06:45:00+01:00
600;Marginal price Day Ahead market Spain;3;Spain;105.93;2025-10-29T07:00:00+01:00
600;Marginal price Day Ahead market Spain;3;Spain;107.68;2025-10-29T07:15:00+01:00
600;Marginal price Day Ahead market Spain;3;Spain;110.41;2025-10-29T07:30:00+01:00
600;Marginal price Day Ahead market Spain;3;Spain;109.29;2025-10-29T07:45:00+01:00
600;Marginal price Day Ahead market Spain;3;Spain;116.49;2025-10-29T08:00:00+01:00
600;Marginal price Day Ahead market Spain;3;Spain;112.36;2025-10-29T08:15:00+01:00
600;Marginal price Day Ahead market Spain;3;Spain;109.56;2025-10-29T08:30:00+01:00
600;Marginal price Day Ahead market Spain;3;Spain;108.4;2025-10-29T08:45:00+01:00
600;Marginal price Day Ahead market Spain;3;Spain;108.78;2025-10-29T09:00:00+01:00
600;Marginal price Day Ahead market Spain;3;Spain;105.4;2025-10-29T09:15:00+01:00
600;Marginal price Day Ahead market Spain;3;Spain;100.88;2025-10-29T09:30:00+01:00
600;Marginal price Day Ahead market Spain;3;Spain;95;2025-10-29T09:45:00+01:00
600;Marginal price Day Ahead market Spain;3;Spain;95;2025-10-29T10:00:00+01:00
600;Marginal price Day Ahead market Spain;3;Spain;90;2025-10-29T10:15:00+01:00
600;Marginal price Day Ahead market Spain;3;Spain;86.22;2025-10-29T10:30:00+01:00
600;Marginal price Day Ahead market Spain;3;Spain;85;2025-10-29T10:45:00+01:00
600;Marginal price Day Ahead market Spain;3;Spain;85.01;2025-10-29T11:00:00+01:00
600;Marginal price Day Ahead market Spain;3;Spain;82.51;2025-10-29T11:15:00+01:00
600;Marginal price Day Ahead market Spain;3;Spain;82.51;2025-10-29T11:30:00+01:00
600;Marginal price Day Ahead market Spain;3;Spain;82.51;2025-10-29T11:45:00+01:00
600;Marginal price Day Ahead market Spain;3;Spain;83.38;2025-10-29T12:00:00+01:00
600;Marginal price Day Ahead market Spain;3;Spain;82.51;2025-10-29T12:15:00+01:00
600;Marginal price Day Ahead market Spain;3;Spain;82.51;2025-10-29T12:30:00+01:00
600;Marginal price Day Ahead market Spain;3;Spain;82.87;2025-10-29T12:45:00+01:00
600;Marginal price Day Ahead market Spain;3;Spain;82.59;2025-10-29T13:00:00+01:00
600;Marginal price Day Ahead market Spain;3;Spain;85.01;2025-10-29T13:15:00+01:00
600;Marginal price Day Ahead market Spain;3;Spain;85.01;2025-10-29T13:30:00+01:00
600;Marginal price Day Ahead market Spain;3;Spain;87.86;2025-10-29T13:45:00+01:00
600;Marginal price Day Ahead market Spain;3;Spain;85.01;2025-10-29T14:00:00+01:00
600;Marginal price Day Ahead market Spain;3;Spain;87.51;2025-10-29T14:15:00+01:00
600;Marginal price Day Ahead market Spain;3;Spain;100.2;2025-10-29T14:30:00+01:00
600;Marginal price Day Ahead market Spain;3;Spain;106.12;2025-10-29T14:45:00+01:00
600;Marginal price Day Ahead market Spain;3;Spain;95;2025-10-29T15:00:00+01:00
600;Marginal price Day Ahead market Spain;3;Spain;103.77;2025-10-29T15:15:00+01:00
600;Marginal price Day Ahead market Spain;3;Spain;106.09;2025-10-29T15:30:00+01:00
600;Marginal price Day Ahead market Spain;3;Spain;107.2;2025-10-29T15:45:00+01:00
600;Marginal price Day Ahead market Spain;3;Spain;106.07;2025-10-29T16:00:00+01:00
600;Marginal price Day Ahead market Spain;3;Spain;107.2;2025-10-29T16:15:00+01:00
600;Marginal price Day Ahead market Spain;3;Spain;108.4;2025-10-29T16:30:00+01:00
600;Marginal price Day Ahead market Spain;3;Spain;112.36;2025-10-29T16:45:00+01:00
600;Marginal price Day Ahead market Spain;3;Spain;113.98;2025-10-29T17:00:00+01:00
600;Marginal price Day Ahead market Spain;3;Spain;116.49;2025-10-29T17:15:00+01:00
600;Marginal price Day Ahead market Spain;3;Spain;132;2025-10-29T17:30:00+01:00
600;Marginal price Day Ahead market Spain;3;Spain;131.73;2025-10-29T17:45:00+01:00
600;Marginal price Day Ahead market Spain;3;Spain;129.14;2025-10-29T18:00:00+01:00
600;Marginal price Day Ahead market Spain;3;Spain;135.2;2025-10-29T18:15:00+01:00
600;Marginal price Day Ahead market Spain;3;Spain;136.66;2025-10-29T18:30:00+01:00
600;Marginal price Day Ahead market Spain;3;Spain;148.29;2025-10-29T18:45:00+01:00
600;Marginal price Day Ahead market Spain;3;Spain;144;2025-10-29T19:00:00+01:00
600;Marginal price Day Ahead market Spain;3;Spain;150.01;2025-10-29T19:15:00+01:00
600;Marginal price Day Ahead market Spain;3;Spain;156.58;2025-10-29T19:30:00+01:00
600;Marginal price Day Ahead market Spain;3;Spain;158.93;2025-10-29T19:45:00+01:00
600;Marginal price Day Ahead market Spain;3;Spain;158.93;2025-10-29T20:00:00+01:00
600;Marginal price Day Ahead market Spain;3;Spain;160.21;2025-10-29T20:15:00+01:00
600;Marginal price Day Ahead market Spain;3;Spain;160.21;2025-10-29T20:30:00+01:00
600;Marginal price Day Ahead market Spain;3;Spain;160.21;2025-10-29T20:45:00+01:00
600;Marginal price Day Ahead market Spain;3;Spain;157.43;2025-10-29T21:00:00+01:00
600;Marginal price Day Ahead market Spain;3;Spain;153.78;2025-10-29T21:15:00+01:00
600;Marginal price Day Ahead market Spain;3;Spain;144;2025-10-29T21:30:00+01:00
600;Marginal price Day Ahead market Spain;3;Spain;135.2;2025-10-29T21:45:00+01:00
600;Marginal price Day Ahead market Spain;3;Spain;135.2;2025-10-29T22:00:00+01:00
600;Marginal price Day Ahead market Spain;3;Spain;128.65;2025-10-29T22:15:00+01:00
600;Marginal price Day Ahead market Spain;3;Spain;123;2025-10-29T22:30:00+01:00
600;Marginal price Day Ahead market Spain;3;Spain;117.14;2025-10-29T22:45:00+01:00
600;Marginal price Day Ahead market Spain;3;Spain;116.19;2025-10-29T23:00:00+01:00
600;Marginal price Day Ahead market Spain;3;Spain;111.67;2025-10-29T23:15:00+01:00
600;Marginal price Day Ahead market Spain;3;Spain;108.96;2025-10-29T23:30:00+01:00
600;Marginal price Day Ahead market Spain;3;Spain;108.16;2025-10-29T23:45:00+01:00
600;Marginal price Day Ahead market Spain;3;Spain;121.19;2025-10-30T00:00:00+01:00
600;Marginal price Day Ahead market Spain;3;Spain;121.16;2025-10-30T00:15:00+01:00
600;Marginal price Day Ahead market Spain;3;Spain;120.68;2025-10-30T00:30:00+01:00
600;Marginal price Day Ahead market Spain;3;Spain;120.2;2025-10-30T00:45:00+01:00
600;Marginal price Day Ahead market Spain;3;Spain;117.59;2025-10-30T01:00:00+01:00
600;Marginal price Day Ahead market Spain;3;Spain;115.26;2025-10-30T01:15:00+01:00
600;Marginal price Day Ahead market Spain;3;Spain;110.57;2025-10-30T01:30:00+01:00
600;Marginal price Day Ahead market Spain;3;Spain;108.73;2025-10-30T01:45:00+01:00
600;Marginal price Day Ahead market Spain;3;Spain;107;2025-10-30T02:00:00+01:00
600;Marginal price Day Ahead market Spain;3;Spain;105.99;2025-10-30T02:15:00+01:00
600;Marginal price Day Ahead market Spain;3;Spain;104.84;2025-10-30T02:30:00+01:00
600;Marginal price Day Ahead market Spain;3;Spain;103.91;2025-10-30T02:45:00+01:00
600;Marginal price Day Ahead market Spain;3;Spain;104.23;2025-10-30T03:00:00+01:00
600;Marginal price Day Ahead market Spain;3;Spain;103.91;2025-10-30T03:15:00+01:00
600;Marginal price Day Ahead market Spain;3;Spain;103.56;2025-10-30T03:30:00+01:00
600;Marginal price Day Ahead market Spain;3;Spain;103.18;2025-10-30T03:45:00+01:00
600;Marginal price Day Ahead market Spain;3;Spain;97.5;2025-10-30T04:00:00+01:00
600;Marginal price Day Ahead market Spain;3;Spain;95.69;2025-10-30T04:15:00+01:00
600;Marginal price Day Ahead market Spain;3;Spain;91.99;2025-10-30T04:30:00+01:00
600;Marginal price Day Ahead market Spain;3;Spain;91.99;2025-10-30T04:45:00+01:00
600;Marginal price Day Ahead market Spain;3;Spain;89.99;2025-10-30T05:00:00+01:00
600;Marginal price Day Ahead market Spain;3;Spain;89.23;2025-10-30T05:15:00+01:00
600;Marginal price Day Ahead market Spain;3;Spain;92.2;2025-10-30T05:30:00+01:00
600;Marginal price Day Ahead market Spain;3;Spain;99.85;2025-10-30T05:45:00+01:00
600;Marginal price Day Ahead market Spain;3;Spain;103.3;2025-10-30T06:00:00+01:00
600;Marginal price Day Ahead market Spain;3;Spain;105.96;2025-10-30T06:15:00+01:00
600;Marginal price Day Ahead market Spain;3;Spain;110.96;2025-10-30T06:30:00+01:00
600;Marginal price Day Ahead market Spain;3;Spain;117.59;2025-10-30T06:45:00+01:00
600;Marginal price Day Ahead market Spain;3;Spain;121.16;2025-10-30T07:00:00+01:00
600;Marginal price Day Ahead market Spain;3;Spain;122.24;2025-10-30T07:15:00+01:00
600;Marginal price Day Ahead market Spain;3;Spain;123.04;2025-10-30T07:30:00+01:00
600;Marginal price Day Ahead market Spain;3;Spain;123.27;2025-10-30T07:45:00+01:00
600;Marginal price Day Ahead market Spain;3;Spain;122.98;2025-10-30T08:00:00+01:00
600;Marginal price Day Ahead market Spain;3;Spain;121.4;2025-10-30T08:15:00+01:00
600;Marginal price Day Ahead market Spain;3;Spain;120.44;2025-10-30T08:30:00+01:00
600;Marginal price Day Ahead market Spain;3;Spain;111.5;2025-10-30T08:45:00+01:00
600;Marginal price Day Ahead market Spain;3;Spain;117.59;2025-10-30T09:00:00+01:00
600;Marginal price Day Ahead market Spain;3;Spain;112;2025-10-30T09:15:00+01:00
600;Marginal price Day Ahead market Spain;3;Spain;110.6;2025-10-30T09:30:00+01:00
600;Marginal price Day Ahead market Spain;3;Spain;103.29;2025-10-30T09:45:00+01:00
600;Marginal price Day Ahead market Spain;3;Spain;82.64;2025-10-30T10:00:00+01:00
600;Marginal price Day Ahead market Spain;3;Spain;72;2025-10-30T10:15:00+01:00
600;Marginal price Day Ahead market Spain;3;Spain;51.89;2025-10-30T10:30:00+01:00
600;Marginal price Day Ahead market Spain;3;Spain;48.94;2025-10-30T10:45:00+01:00
600;Marginal price Day Ahead market Spain;3;Spain;48.68;2025-10-30T11:00:00+01:00
600;Marginal price Day Ahead market Spain;3;Spain;44.8;2025-10-30T11:15:00+01:00
600;Marginal price Day Ahead market Spain;3;Spain;38.81;2025-10-30T11:30:00+01:00
600;Marginal price Day Ahead market Spain;3;Spain;25;2025-10-30T11:45:00+01:00
600;Marginal price Day Ahead market Spain;3;Spain;16.79;2025-10-30T12:00:00+01:00
600;Marginal price Day Ahead market Spain;3;Spain;16.15;2025-10-30T12:15:00+01:00
600;Marginal price Day Ahead market Spain;3;Spain;16.46;2025-10-30T12:30:00+01:00
600;Marginal price Day Ahead market Spain;3;Spain;17.16;2025-10-30T12:45:00+01:00
600;Marginal price Day Ahead market Spain;3;Spain;17.94;2025-10-30T13:00:00+01:00
600;Marginal price Day Ahead market Spain;3;Spain;18.1;2025-10-30T13:15:00+01:00
600;Marginal price Day Ahead market Spain;3;Spain;17.1;2025-10-30T13:30:00+01:00
600;Marginal price Day Ahead market Spain;3;Spain;16.9;2025-10-30T13:45:00+01:00
600;Marginal price Day Ahead market Spain;3;Spain;16.04;2025-10-30T14:00:00+01:00
600;Marginal price Day Ahead market Spain;3;Spain;15;2025-10-30T14:15:00+01:00
600;Marginal price Day Ahead market Spain;3;Spain;15;2025-10-30T14:30:00+01:00
600;Marginal price Day Ahead market Spain;3;Spain;15.79;2025-10-30T14:45:00+01:00
600;Marginal price Day Ahead market Spain;3;Spain;16.9;2025-10-30T15:00:00+01:00
600;Marginal price Day Ahead market Spain;3;Spain;20;2025-10-30T15:15:00+01:00
600;Marginal price Day Ahead market Spain;3;Spain;22.2;2025-10-30T15:30:00+01:00
600;Marginal price Day Ahead market Spain;3;Spain;42.71;2025-10-30T15:45:00+01:00
600;Marginal price Day Ahead market Spain;3;Spain;43.76;2025-10-30T16:00:00+01:00
600;Marginal price Day Ahead market Spain;3;Spain;52.1;2025-10-30T16:15:00+01:00
600;Marginal price Day Ahead market Spain;3;Spain;70;2025-10-30T16:30:00+01:00
600;Marginal price Day Ahead market Spain;3;Spain;87.7;2025-10-30T16:45:00+01:00
600;Marginal price Day Ahead market Spain;3;Spain;90.5;2025-10-30T17:00:00+01:00
600;Marginal price Day Ahead market Spain;3;Spain;104.31;2025-10-30T17:15:00+01:00
600;Marginal price Day Ahead market Spain;3;Spain;119.8;2025-10-30T17:30:00+01:00
600;Marginal price Day Ahead market Spain;3;Spain;121.64;2025-10-30T17:45:00+01:00
600;Marginal price Day Ahead market Spain;3;Spain;113.24;2025-10-30T18:00:00+01:00
600;Marginal price Day Ahead market Spain;3;Spain;118.55;2025-10-30T18:15:00+01:00
600;Marginal price Day Ahead market Spain;3;Spain;120.69;2025-10-30T18:30:00+01:00
600;Marginal price Day Ahead market Spain;3;Spain;121.16;2025-10-30T18:45:00+01:00
600;Marginal price Day Ahead market Spain;3;Spain;121.16;2025-10-30T19:00:00+01:00
600;Marginal price Day Ahead market Spain;3;Spain;120.45;2025-10-30T19:15:00+01:00
600;Marginal price Day Ahead market Spain;3;Spain;121.16;2025-10-30T19:30:00+01:00
600;Marginal price Day Ahead market Spain;3;Spain;122.24;2025-10-30T19:45:00+01:00
600;Marginal price Day Ahead market Spain;3;Spain;135.01;2025-10-30T20:00:00+01:00
600;Marginal price Day Ahead market Spain;3;Spain;138.38;2025-10-30T20:15:00+01:00
600;Marginal price Day Ahead market Spain;3;Spain;137.57;2025-10-30T20:30:00+01:00
600;Marginal price Day Ahead market Spain;3;Spain;131.94;2025-10-30T20:45:00+01:00
600;Marginal price Day Ahead market Spain;3;Spain;123.27;2025-10-30T21:00:00+01:00
600;Marginal price Day Ahead market Spain;3;Spain;122.24;2025-10-30T21:15:00+01:00
600;Marginal price Day Ahead market Spain;3;Spain;120.69;2025-10-30T21:30:00+01:00
600;Marginal price Day Ahead market Spain;3;Spain;117;2025-10-30T21:45:00+01:00
600;Marginal price Day Ahead market Spain;3;Spain;117.47;2025-10-30T22:00:00+01:00
600;Marginal price Day Ahead market Spain;3;Spain;110.56;2025-10-30T22:15:00+01:00
600;Marginal price Day Ahead market Spain;3;Spain;107.04;2025-10-30T22:30:00+01:00
600;Marginal price Day Ahead market Spain;3;Spain;103.91;2025-10-30T22:45:00+01:00
600;Marginal price Day Ahead market Spain;3;Spain;97.98;2025-10-30T23:00:00+01:00
600;Marginal price Day Ahead market Spain;3;Spain;96.4;2025-10-30T23:15:00+01:00
600;Marginal price Day Ahead market Spain;3;Spain;95.2;2025-10-30T23:30:00+01:00
600;Marginal price Day Ahead market Spain;3;Spain;85;2025-10-30T23:45:00+01:00
600;Marginal price Day Ahead market Spain;3;Spain;77.8;2025-10-31T00:00:00+01:00
600;Marginal price Day Ahead market Spain;3;Spain;72.9;2025-10-31T00:15:00+01:00
600;Marginal price Day Ahead market Spain;3;Spain;67.34;2025-10-31T00:30:00+01:00
600;Marginal price Day Ahead market Spain;3;Spain;59;2025-10-31T00:45:00+01:00
600;Marginal price Day Ahead market Spain;3;Spain;55.5;2025-10-31T01:00:00+01:00
600;Marginal price Day Ahead market Spain;3;Spain;55.12;2025-10-31T01:15:00+01:00
600;Marginal price Day Ahead market Spain;3;Spain;54.87;2025-10-31T01:30:00+01:00
600;Marginal price Day Ahead market Spain;3;Spain;51.93;2025-10-31T01:45:00+01:00
600;Marginal price Day Ahead market Spain;3;Spain;54.87;2025-10-31T02:00:00+01:00
600;Marginal price Day Ahead market Spain;3;Spain;51.93;2025-10-31T02:15:00+01:00
600;Marginal price Day Ahead market Spain;3;Spain;51.2;2025-10-31T02:30:00+01:00
600;Marginal price Day Ahead market Spain;3;Spain;51.07;2025-10-31T02:45:00+01:00
600;Marginal price Day Ahead market Spain;3;Spain;50.94;2025-10-31T03:00:00+01:00
600;Marginal price Day Ahead market Spain;3;Spain;50.81;2025-10-31T03:15:00+01:00
600;Marginal price Day Ahead market Spain;3;Spain;50.81;2025-10-31T03:30:00+01:00
600;Marginal price Day Ahead market Spain;3;Spain;50.68;2025-10-31T03:45:00+01:00
600;Marginal price Day Ahead market Spain;3;Spain;50.55;2025-10-31T04:00:00+01:00
600;Marginal price Day Ahead market Spain;3;Spain;50.4;2025-10-31T04:15:00+01:00
600;Marginal price Day Ahead market Spain;3;Spain;50.1;2025-10-31T04:30:00+01:00
600;Marginal price Day Ahead market Spain;3;Spain;50.55;2025-10-31T04:45:00+01:00
600;Marginal price Day Ahead market Spain;3;Spain;50.55;2025-10-31T05:00:00+01:00
600;Marginal price Day Ahead market Spain;3;Spain;50.68;2025-10-31T05:15:00+01:00
600;Marginal price Day Ahead market Spain;3;Spain;50.81;2025-10-31T05:30:00+01:00
600;Marginal price Day Ahead market Spain;3;Spain;51.2;2025-10-31T05:45:00+01:00
600;Marginal price Day Ahead market Spain;3;Spain;55.33;2025-10-31T06:00:00+01:00
600;Marginal price Day Ahead market Spain;3;Spain;65;2025-10-31T06:15:00+01:00
600;Marginal price Day Ahead market Spain;3;Spain;71.2;2025-10-31T06:30:00+01:00
600;Marginal price Day Ahead market Spain;3;Spain;78.44;2025-10-31T06:45:00+01:00
600;Marginal price Day Ahead market Spain;3;Spain;72.8;2025-10-31T07:00:00+01:00
600;Marginal price Day Ahead market Spain;3;Spain;78.4;2025-10-31T07:15:00+01:00
600;Marginal price Day Ahead market Spain;3;Spain;79.16;2025-10-31T07:30:00+01:00
600;Marginal price Day Ahead market Spain;3;Spain;79.4;2025-10-31T07:45:00+01:00
600;Marginal price Day Ahead market Spain;3;Spain;79.4;2025-10-31T08:00:00+01:00
600;Marginal price Day Ahead market Spain;3;Spain;79.16;2025-10-31T08:15:00+01:00
600;Marginal price Day Ahead market Spain;3;Spain;78.4;2025-10-31T08:30:00+01:00
600;Marginal price Day Ahead market Spain;3;Spain;65;2025-10-31T08:45:00+01:00
600;Marginal price Day Ahead market Spain;3;Spain;73.1;2025-10-31T09:00:00+01:00
600;Marginal price Day Ahead market Spain;3;Spain;59.58;2025-10-31T09:15:00+01:00
600;Marginal price Day Ahead market Spain;3;Spain;52.1;2025-10-31T09:30:00+01:00
600;Marginal price Day Ahead market Spain;3;Spain;50.81;2025-10-31T09:45:00+01:00
600;Marginal price Day Ahead market Spain;3;Spain;50.68;2025-10-31T10:00:00+01:00
600;Marginal price Day Ahead market Spain;3;Spain;38.9;2025-10-31T10:15:00+01:00
600;Marginal price Day Ahead market Spain;3;Spain;30;2025-10-31T10:30:00+01:00
600;Marginal price Day Ahead market Spain;3;Spain;16.79;2025-10-31T10:45:00+01:00
600;Marginal price Day Ahead market Spain;3;Spain;20.1;2025-10-31T11:00:00+01:00
600;Marginal price Day Ahead market Spain;3;Spain;19.01;2025-10-31T11:15:00+01:00
600;Marginal price Day Ahead market Spain;3;Spain;16.46;2025-10-31T11:30:00+01:00
600;Marginal price Day Ahead market Spain;3;Spain;16.9;2025-10-31T11:45:00+01:00
600;Marginal price Day Ahead market Spain;3;Spain;14.37;2025-10-31T12:00:00+01:00
600;Marginal price Day Ahead market Spain;3;Spain;12.6;2025-10-31T12:15:00+01:00
600;Marginal price Day Ahead market Spain;3;Spain;21.32;2025-10-31T12:30:00+01:00
600;Marginal price Day Ahead market Spain;3;Spain;20;2025-10-31T12:45:00+01:00
600;Marginal price Day Ahead market Spain;3;Spain;16.62;2025-10-31T13:00:00+01:00
600;Marginal price Day Ahead market Spain;3;Spain;16.79;2025-10-31T13:15:00+01:00
600;Marginal price Day Ahead market Spain;3;Spain;14.54;2025-10-31T13:30:00+01:00
600;Marginal price Day Ahead market Spain;3;Spain;15.71;2025-10-31T13:45:00+01:00
600;Marginal price Day Ahead market Spain;3;Spain;15;2025-10-31T14:00:00+01:00
600;Marginal price Day Ahead market Spain;3;Spain;15;2025-10-31T14:15:00+01:00
600;Marginal price Day Ahead market Spain;3;Spain;16.01;2025-10-31T14:30:00+01:00
600;Marginal price Day Ahead market Spain;3;Spain;16.79;2025-10-31T14:45:00+01:00
600;Marginal price Day Ahead market Spain;3;Spain;16.47;2025-10-31T15:00:00+01:00
600;Marginal price Day Ahead market Spain;3;Spain;21.25;2025-10-31T15:15:00+01:00
600;Marginal price Day Ahead market Spain;3;Spain;20;2025-10-31T15:30:00+01:00
600;Marginal price Day Ahead market Spain;3;Spain;29.27;2025-10-31T15:45:00+01:00
600;Marginal price Day Ahead market Spain;3;Spain;21.01;2025-10-31T16:00:00+01:00
600;Marginal price Day Ahead market Spain;3;Spain;41.8;2025-10-31T16:15:00+01:00
600;Marginal price Day Ahead market Spain;3;Spain;51.07;2025-10-31T16:30:00+01:00
600;Marginal price Day Ahead market Spain;3;Spain;55.33;2025-10-31T16:45:00+01:00
600;Marginal price Day Ahead market Spain;3;Spain;51.07;2025-10-31T17:00:00+01:00
600;Marginal price Day Ahead market Spain;3;Spain;60;2025-10-31T17:15:00+01:00
600;Marginal price Day Ahead market Spain;3;Spain;72.8;2025-10-31T17:30:00+01:00
600;Marginal price Day Ahead market Spain;3;Spain;79.4;2025-10-31T17:45:00+01:00
600;Marginal price Day Ahead market Spain;3;Spain;80;2025-10-31T18:00:00+01:00
600;Marginal price Day Ahead market Spain;3;Spain;82;2025-10-31T18:15:00+01:00
600;Marginal price Day Ahead market Spain;3;Spain;84.14;2025-10-31T18:30:00+01:00
600;Marginal price Day Ahead market Spain;3;Spain;86.79;2025-10-31T18:45:00+01:00
600;Marginal price Day Ahead market Spain;3;Spain;85.15;2025-10-31T19:00:00+01:00
600;Marginal price Day Ahead market Spain;3;Spain;89.47;2025-10-31T19:15:00+01:00
600;Marginal price Day Ahead market Spain;3;Spain;92.5;2025-10-31T19:30:00+01:00
600;Marginal price Day Ahead market Spain;3;Spain;94.32;2025-10-31T19:45:00+01:00
600;Marginal price Day Ahead market Spain;3;Spain;94.32;2025-10-31T20:00:00+01:00
600;Marginal price Day Ahead market Spain;3;Spain;94.32;2025-10-31T20:15:00+01:00
600;Marginal price Day Ahead market Spain;3;Spain;94.32;2025-10-31T20:30:00+01:00
600;Marginal price Day Ahead market Spain;3;Spain;92;2025-10-31T20:45:00+01:00
600;Marginal price Day Ahead market Spain;3;Spain;94.32;2025-10-31T21:00:00+01:00
600;Marginal price Day Ahead market Spain;3;Spain;91.82;2025-10-31T21:15:00+01:00
600;Marginal price Day Ahead market Spain;3;Spain;85;2025-10-31T21:30:00+01:00
600;Marginal price Day Ahead market Spain;3;Spain;80.05;2025-10-31T21:45:00+01:00
600;Marginal price Day Ahead market Spain;3;Spain;80;2025-10-31T22:00:00+01:00
600;Marginal price Day Ahead market Spain;3;Spain;79.16;2025-10-31T22:15:00+01:00
600;Marginal price Day Ahead market Spain;3;Spain;78.4;2025-10-31T22:30:00+01:00
600;Marginal price Day Ahead market Spain;3;Spain;72.1;2025-10-31T22:45:00+01:00
600;Marginal price Day Ahead market Spain;3;Spain;78.44;2025-10-31T23:00:00+01:00
600;Marginal price Day Ahead market Spain;3;Spain;72.8;2025-10-31T23:15:00+01:00
600;Marginal price Day Ahead market Spain;3;Spain;65.5;2025-10-31T23:30:00+01:00
600;Marginal price Day Ahead market Spain;3;Spain;57.2;2025-10-31T23:45:00+01:00
600;Marginal price Day Ahead market Spain;3;Spain;49.3;2025-11-01T00:00:00+01:00
600;Marginal price Day Ahead market Spain;3;Spain;47.8;2025-11-01T00:15:00+01:00
600;Marginal price Day Ahead market Spain;3;Spain;44.3;2025-11-01T00:30:00+01:00
600;Marginal price Day Ahead market Spain;3;Spain;42.3;2025-11-01T00:45:00+01:00
600;Marginal price Day Ahead market Spain;3;Spain;32.69;2025-11-01T01:00:00+01:00
600;Marginal price Day Ahead market Spain;3;Spain;30;2025-11-01T01:15:00+01:00
600;Marginal price Day Ahead market Spain;3;Spain;20;2025-11-01T01:30:00+01:00
600;Marginal price Day Ahead market Spain;3;Spain;15;2025-11-01T01:45:00+01:00
600;Marginal price Day Ahead market Spain;3;Spain;20;2025-11-01T02:00:00+01:00
600;Marginal price Day Ahead market Spain;3;Spain;20.1;2025-11-01T02:15:00+01:00
600;Marginal price Day Ahead market Spain;3;Spain;20.1;2025-11-01T02:30:00+01:00
600;Marginal price Day Ahead market Spain;3;Spain;29.74;2025-11-01T02:45:00+01:00
600;Marginal price Day Ahead market Spain;3;Spain;30;2025-11-01T03:00:00+01:00
600;Marginal price Day Ahead market Spain;3;Spain;30;2025-11-01T03:15:00+01:00
600;Marginal price Day Ahead market Spain;3;Spain;30;2025-11-01T03:30:00+01:00
600;Marginal price Day Ahead market Spain;3;Spain;30;2025-11-01T03:45:00+01:00
600;Marginal price Day Ahead market Spain;3;Spain;30;2025-11-01T04:00:00+01:00
600;Marginal price Day Ahead market Spain;3;Spain;30;2025-11-01T04:15:00+01:00
600;Marginal price Day Ahead market Spain;3;Spain;30.05;2025-11-01T04:30:00+01:00
600;Marginal price Day Ahead market Spain;3;Spain;30.3;2025-11-01T04:45:00+01:00
600;Marginal price Day Ahead market Spain;3;Spain;30.3;2025-11-01T05:00:00+01:00
600;Marginal price Day Ahead market Spain;3;Spain;32.36;2025-11-01T05:15:00+01:00
600;Marginal price Day Ahead market Spain;3;Spain;35.05;2025-11-01T05:30:00+01:00
600;Marginal price Day Ahead market Spain;3;Spain;37.73;2025-11-01T05:45:00+01:00
600;Marginal price Day Ahead market Spain;3;Spain;44.2;2025-11-01T06:00:00+01:00
600;Marginal price Day Ahead market Spain;3;Spain;45;2025-11-01T06:15:00+01:00
600;Marginal price Day Ahead market Spain;3;Spain;50;2025-11-01T06:30:00+01:00
600;Marginal price Day Ahead market Spain;3;Spain;50;2025-11-01T06:45:00+01:00
600;Marginal price Day Ahead market Spain;3;Spain;50.94;2025-11-01T07:00:00+01:00
600;Marginal price Day Ahead market Spain;3;Spain;51.2;2025-11-01T07:15:00+01:00
600;Marginal price Day Ahead market Spain;3;Spain;52.82;2025-11-01T07:30:00+01:00
600;Marginal price Day Ahead market Spain;3;Spain;53.03;2025-11-01T07:45:00+01:00
600;Marginal price Day Ahead market Spain;3;Spain;53.2;2025-11-01T08:00:00+01:00
600;Marginal price Day Ahead market Spain;3;Spain;52.57;2025-11-01T08:15:00+01:00
600;Marginal price Day Ahead market Spain;3;Spain;50.81;2025-11-01T08:30:00+01:00
600;Marginal price Day Ahead market Spain;3;Spain;45;2025-11-01T08:45:00+01:00
600;Marginal price Day Ahead market Spain;3;Spain;36.11;2025-11-01T09:00:00+01:00
600;Marginal price Day Ahead market Spain;3;Spain;25.29;2025-11-01T09:15:00+01:00
600;Marginal price Day Ahead market Spain;3;Spain;20.1;2025-11-01T09:30:00+01:00
600;Marginal price Day Ahead market Spain;3;Spain;13.48;2025-11-01T09:45:00+01:00
600;Marginal price Day Ahead market Spain;3;Spain;23.72;2025-11-01T10:00:00+01:00
600;Marginal price Day Ahead market Spain;3;Spain;18.08;2025-11-01T10:15:00+01:00
600;Marginal price Day Ahead market Spain;3;Spain;16.4;2025-11-01T10:30:00+01:00
600;Marginal price Day Ahead market Spain;3;Spain;15;2025-11-01T10:45:00+01:00
600;Marginal price Day Ahead market Spain;3;Spain;15;2025-11-01T11:00:00+01:00
600;Marginal price Day Ahead market Spain;3;Spain;15.06;2025-11-01T11:15:00+01:00
600;Marginal price Day Ahead market Spain;3;Spain;15;2025-11-01T11:30:00+01:00
600;Marginal price Day Ahead market Spain;3;Spain;14.52;2025-11-01T11:45:00+01:00
600;Marginal price Day Ahead market Spain;3;Spain;9.5;2025-11-01T12:00:00+01:00
600;Marginal price Day Ahead market Spain;3;Spain;9;2025-11-01T12:15:00+01:00
600;Marginal price Day Ahead market Spain;3;Spain;10;2025-11-01T12:30:00+01:00
600;Marginal price Day Ahead market Spain;3;Spain;14.6;2025-11-01T12:45:00+01:00
600;Marginal price Day Ahead market Spain;3;Spain;15;2025-11-01T13:00:00+01:00
600;Marginal price Day Ahead market Spain;3;Spain;15.75;2025-11-01T13:15:00+01:00
600;Marginal price Day Ahead market Spain;3;Spain;15.75;2025-11-01T13:30:00+01:00
600;Marginal price Day Ahead market Spain;3;Spain;16.09;2025-11-01T13:45:00+01:00
600;Marginal price Day Ahead market Spain;3;Spain;15;2025-11-01T14:00:00+01:00
600;Marginal price Day Ahead market Spain;3;Spain;14.74;2025-11-01T14:15:00+01:00
600;Marginal price Day Ahead market Spain;3;Spain;15.36;2025-11-01T14:30:00+01:00
600;Marginal price Day Ahead market Spain;3;Spain;15.75;2025-11-01T14:45:00+01:00
600;Marginal price Day Ahead market Spain;3;Spain;16.39;2025-11-01T15:00:00+01:00
600;Marginal price Day Ahead market Spain;3;Spain;17.62;2025-11-01T15:15:00+01:00
600;Marginal price Day Ahead market Spain;3;Spain;20.1;2025-11-01T15:30:00+01:00
600;Marginal price Day Ahead market Spain;3;Spain;29.92;2025-11-01T15:45:00+01:00
600;Marginal price Day Ahead market Spain;3;Spain;16.9;2025-11-01T16:00:00+01:00
600;Marginal price Day Ahead market Spain;3;Spain;36;2025-11-01T16:15:00+01:00
600;Marginal price Day Ahead market Spain;3;Spain;41.3;2025-11-01T16:30:00+01:00
600;Marginal price Day Ahead market Spain;3;Spain;50.68;2025-11-01T16:45:00+01:00
600;Marginal price Day Ahead market Spain;3;Spain;27.94;2025-11-01T17:00:00+01:00
600;Marginal price Day Ahead market Spain;3;Spain;50.2;2025-11-01T17:15:00+01:00
600;Marginal price Day Ahead market Spain;3;Spain;71.92;2025-11-01T17:30:00+01:00
600;Marginal price Day Ahead market Spain;3;Spain;76.56;2025-11-01T17:45:00+01:00
600;Marginal price Day Ahead market Spain;3;Spain;78.75;2025-11-01T18:00:00+01:00
600;Marginal price Day Ahead market Spain;3;Spain;79.96;2025-11-01T18:15:00+01:00
600;Marginal price Day Ahead market Spain;3;Spain;85;2025-11-01T18:30:00+01:00
600;Marginal price Day Ahead market Spain;3;Spain;85.88;2025-11-01T18:45:00+01:00
600;Marginal price Day Ahead market Spain;3;Spain;100;2025-11-01T19:00:00+01:00
600;Marginal price Day Ahead market Spain;3;Spain;103.57;2025-11-01T19:15:00+01:00
600;Marginal price Day Ahead market Spain;3;Spain;104.97;2025-11-01T19:30:00+01:00
600;Marginal price Day Ahead market Spain;3;Spain;104.97;2025-11-01T19:45:00+01:00
600;Marginal price Day Ahead market Spain;3;Spain;104.94;2025-11-01T20:00:00+01:00
600;Marginal price Day Ahead market Spain;3;Spain;104.94;2025-11-01T20:15:00+01:00
600;Marginal price Day Ahead market Spain;3;Spain;104.94;2025-11-01T20:30:00+01:00
600;Marginal price Day Ahead market Spain;3;Spain;104.94;2025-11-01T20:45:00+01:00
600;Marginal price Day Ahead market Spain;3;Spain;104.92;2025-11-01T21:00:00+01:00
600;Marginal price Day Ahead market Spain;3;Spain;104.92;2025-11-01T21:15:00+01:00
600;Marginal price Day Ahead market Spain;3;Spain;100.5;2025-11-01T21:30:00+01:00
600;Marginal price Day Ahead market Spain;3;Spain;91.37;2025-11-01T21:45:00+01:00
600;Marginal price Day Ahead market Spain;3;Spain;85.76;2025-11-01T22:00:00+01:00
600;Marginal price Day Ahead market Spain;3;Spain;81.75;2025-11-01T22:15:00+01:00
600;Marginal price Day Ahead market Spain;3;Spain;79.95;2025-11-01T22:30:00+01:00
600;Marginal price Day Ahead market Spain;3;Spain;76.48;2025-11-01T22:45:00+01:00
600;Marginal price Day Ahead market Spain;3;Spain;75;2025-11-01T23:00:00+01:00
600;Marginal price Day Ahead market Spain;3;Spain;73.1;2025-11-01T23:15:00+01:00
600;Marginal price Day Ahead market Spain;3;Spain;72.16;2025-11-01T23:30:00+01:00
600;Marginal price Day Ahead market Spain;3;Spain;71.2;2025-11-01T23:45:00+01:00
600;Marginal price Day Ahead market Spain;3;Spain;81.86;2025-11-02T00:00:00+01:00
600;Marginal price Day Ahead market Spain;3;Spain;80.8;2025-11-02T00:15:00+01:00
600;Marginal price Day Ahead market Spain;3;Spain;71;2025-11-02T00:30:00+01:00
600;Marginal price Day Ahead market Spain;3;Spain;64.1;2025-11-02T00:45:00+01:00
600;Marginal price Day Ahead market Spain;3;Spain;60;2025-11-02T01:00:00+01:00
600;Marginal price Day Ahead market Spain;3;Spain;53.62;2025-11-02T01:15:00+01:00
600;Marginal price Day Ahead market Spain;3;Spain;51.93;2025-11-02T01:30:00+01:00
600;Marginal price Day Ahead market Spain;3;Spain;50;2025-11-02T01:45:00+01:00
600;Marginal price Day Ahead market Spain;3;Spain;40;2025-11-02T02:00:00+01:00
600;Marginal price Day Ahead market Spain;3;Spain;34.94;2025-11-02T02:15:00+01:00
600;Marginal price Day Ahead market Spain;3;Spain;30.05;2025-11-02T02:30:00+01:00
600;Marginal price Day Ahead market Spain;3;Spain;20.1;2025-11-02T02:45:00+01:00
600;Marginal price Day Ahead market Spain;3;Spain;23.27;2025-11-02T03:00:00+01:00
600;Marginal price Day Ahead market Spain;3;Spain;15;2025-11-02T03:15:00+01:00
600;Marginal price Day Ahead market Spain;3;Spain;16.62;2025-11-02T03:30:00+01:00
600;Marginal price Day Ahead market Spain;3;Spain;11.93;2025-11-02T03:45:00+01:00
600;Marginal price Day Ahead market Spain;3;Spain;16.79;2025-11-02T04:00:00+01:00
600;Marginal price Day Ahead market Spain;3;Spain;16.9;2025-11-02T04:15:00+01:00
600;Marginal price Day Ahead market Spain;3;Spain;16.79;2025-11-02T04:30:00+01:00
600;Marginal price Day Ahead market Spain;3;Spain;16.68;2025-11-02T04:45:00+01:00
600;Marginal price Day Ahead market Spain;3;Spain;20.58;2025-11-02T05:00:00+01:00
600;Marginal price Day Ahead market Spain;3;Spain;16.9;2025-11-02T05:15:00+01:00
600;Marginal price Day Ahead market Spain;3;Spain;16.79;2025-11-02T05:30:00+01:00
600;Marginal price Day Ahead market Spain;3;Spain;16.9;2025-11-02T05:45:00+01:00
600;Marginal price Day Ahead market Spain;3;Spain;27.64;2025-11-02T06:00:00+01:00
600;Marginal price Day Ahead market Spain;3;Spain;28.26;2025-11-02T06:15:00+01:00
600;Marginal price Day Ahead market Spain;3;Spain;30.05;2025-11-02T06:30:00+01:00
600;Marginal price Day Ahead market Spain;3;Spain;33.99;2025-11-02T06:45:00+01:00
600;Marginal price Day Ahead market Spain;3;Spain;33.99;2025-11-02T07:00:00+01:00
600;Marginal price Day Ahead market Spain;3;Spain;35;2025-11-02T07:15:00+01:00
600;Marginal price Day Ahead market Spain;3;Spain;40;2025-11-02T07:30:00+01:00
600;Marginal price Day Ahead market Spain;3;Spain;40;2025-11-02T07:45:00+01:00
600;Marginal price Day Ahead market Spain;3;Spain;38.1;2025-11-02T08:00:00+01:00
600;Marginal price Day Ahead market Spain;3;Spain;26.45;2025-11-02T08:15:00+01:00
600;Marginal price Day Ahead market Spain;3;Spain;16.79;2025-11-02T08:30:00+01:00
600;Marginal price Day Ahead market Spain;3;Spain;14;2025-11-02T08:45:00+01:00
600;Marginal price Day Ahead market Spain;3;Spain;17.87;2025-11-02T09:00:00+01:00
600;Marginal price Day Ahead market Spain;3;Spain;8.16;2025-11-02T09:15:00+01:00
600;Marginal price Day Ahead market Spain;3;Spain;3.52;2025-11-02T09:30:00+01:00
600;Marginal price Day Ahead market Spain;3;Spain;1.2;2025-11-02T09:45:00+01:00
600;Marginal price Day Ahead market Spain;3;Spain;0.65;2025-11-02T10:00:00+01:00
600;Marginal price Day Ahead market Spain;3;Spain;0.01;2025-11-02T10:15:00+01:00
600;Marginal price Day Ahead market Spain;3;Spain;0;2025-11-02T10:30:00+01:00
600;Marginal price Day Ahead market Spain;3;Spain;0;2025-11-02T10:45:00+01:00
600;Marginal price Day Ahead market Spain;3;Spain;0;2025-11-02T11:00:00+01:00
600;Marginal price Day Ahead market Spain;3;Spain;0;2025-11-02T11:15:00+01:00
600;Marginal price Day Ahead market Spain;3;Spain;0;2025-11-02T11:30:00+01:00
600;Marginal price Day Ahead market Spain;3;Spain;0;2025-11-02T11:45:00+01:00
600;Marginal price Day Ahead market Spain;3;Spain;0;2025-11-02T12:00:00+01:00
600;Marginal price Day Ahead market Spain;3;Spain;0;2025-11-02T12:15:00+01:00
600;Marginal price Day Ahead market Spain;3;Spain;0;2025-11-02T12:30:00+01:00
600;Marginal price Day Ahead market Spain;3;Spain;0;2025-11-02T12:45:00+01:00
600;Marginal price Day Ahead market Spain;3;Spain;0;2025-11-02T13:00:00+01:00
600;Marginal price Day Ahead market Spain;3;Spain;0;2025-11-02T13:15:00+01:00
600;Marginal price Day Ahead market Spain;3;Spain;0;2025-11-02T13:30:00+01:00
600;Marginal price Day Ahead market Spain;3;Spain;0;2025-11-02T13:45:00+01:00
600;Marginal price Day Ahead market Spain;3;Spain;0;2025-11-02T14:00:00+01:00
600;Marginal price Day Ahead market Spain;3;Spain;0;2025-11-02T14:15:00+01:00
600;Marginal price Day Ahead market Spain;3;Spain;0;2025-11-02T14:30:00+01:00
600;Marginal price Day Ahead market Spain;3;Spain;0;2025-11-02T14:45:00+01:00
600;Marginal price Day Ahead market Spain;3;Spain;0;2025-11-02T15:00:00+01:00
600;Marginal price Day Ahead market Spain;3;Spain;0;2025-11-02T15:15:00+01:00
600;Marginal price Day Ahead market Spain;3;Spain;0;2025-11-02T15:30:00+01:00
600;Marginal price Day Ahead market Spain;3;Spain;0;2025-11-02T15:45:00+01:00
600;Marginal price Day Ahead market Spain;3;Spain;0.01;2025-11-02T16:00:00+01:00
600;Marginal price Day Ahead market Spain;3;Spain;1.2;2025-11-02T16:15:00+01:00
600;Marginal price Day Ahead market Spain;3;Spain;4.31;2025-11-02T16:30:00+01:00
600;Marginal price Day Ahead market Spain;3;Spain;15;2025-11-02T16:45:00+01:00
600;Marginal price Day Ahead market Spain;3;Spain;10.38;2025-11-02T17:00:00+01:00
600;Marginal price Day Ahead market Spain;3;Spain;20.24;2025-11-02T17:15:00+01:00
600;Marginal price Day Ahead market Spain;3;Spain;51.93;2025-11-02T17:30:00+01:00
600;Marginal price Day Ahead market Spain;3;Spain;71.92;2025-11-02T17:45:00+01:00
600;Marginal price Day Ahead market Spain;3;Spain;72.4;2025-11-02T18:00:00+01:00
600;Marginal price Day Ahead market Spain;3;Spain;80;2025-11-02T18:15:00+01:00
600;Marginal price Day Ahead market Spain;3;Spain;81.55;2025-11-02T18:30:00+01:00
600;Marginal price Day Ahead market Spain;3;Spain;88.01;2025-11-02T18:45:00+01:00
600;Marginal price Day Ahead market Spain;3;Spain;99;2025-11-02T19:00:00+01:00
600;Marginal price Day Ahead market Spain;3;Spain;102.18;2025-11-02T19:15:00+01:00
600;Marginal price Day Ahead market Spain;3;Spain;103.23;2025-11-02T19:30:00+01:00
600;Marginal price Day Ahead market Spain;3;Spain;108.4;2025-11-02T19:45:00+01:00
600;Marginal price Day Ahead market Spain;3;Spain;110;2025-11-02T20:00:00+01:00
600;Marginal price Day Ahead market Spain;3;Spain;110.57;2025-11-02T20:15:00+01:00
600;Marginal price Day Ahead market Spain;3;Spain;110.96;2025-11-02T20:30:00+01:00
600;Marginal price Day Ahead market Spain;3;Spain;110.96;2025-11-02T20:45:00+01:00
600;Marginal price Day Ahead market Spain;3;Spain;113.5;2025-11-02T21:00:00+01:00
600;Marginal price Day Ahead market Spain;3;Spain;112.44;2025-11-02T21:15:00+01:00
600;Marginal price Day Ahead market Spain;3;Spain;110.57;2025-11-02T21:30:00+01:00
600;Marginal price Day Ahead market Spain;3;Spain;110;2025-11-02T21:45:00+01:00
600;Marginal price Day Ahead market Spain;3;Spain;107.9;2025-11-02T22:00:00+01:00
600;Marginal price Day Ahead market Spain;3;Spain;102.88;2025-11-02T22:15:00+01:00
600;Marginal price Day Ahead market Spain;3;Spain;102.18;2025-11-02T22:30:00+01:00
600;Marginal price Day Ahead market Spain;3;Spain;100;2025-11-02T22:45:00+01:00
600;Marginal price Day Ahead market Spain;3;Spain;103.23;2025-11-02T23:00:00+01:00
600;Marginal price Day Ahead market Spain;3;Spain;102.18;2025-11-02T23:15:00+01:00
600;Marginal price Day Ahead market Spain;3;Spain;96;2025-11-02T23:30:00+01:00
600;Marginal price Day Ahead market Spain;3;Spain;89.11;2025-11-02T23:45:00+01:00
600;Marginal price Day Ahead market Spain;3;Spain;92.1;2025-11-03T00:00:00+01:00
600;Marginal price Day Ahead market Spain;3;Spain;90.1;2025-11-03T00:15:00+01:00
600;Marginal price Day Ahead market Spain;3;Spain;87.5;2025-11-03T00:30:00+01:00
600;Marginal price Day Ahead market Spain;3;Spain;86.14;2025-11-03T00:45:00+01:00
600;Marginal price Day Ahead market Spain;3;Spain;84.56;2025-11-03T01:00:00+01:00
600;Marginal price Day Ahead market Spain;3;Spain;83.69;2025-11-03T01:15:00+01:00
600;Marginal price Day Ahead market Spain;3;Spain;83.64;2025-11-03T01:30:00+01:00
600;Marginal price Day Ahead market Spain;3;Spain;83.4;2025-11-03T01:45:00+01:00
600;Marginal price Day Ahead market Spain;3;Spain;83.16;2025-11-03T02:00:00+01:00
600;Marginal price Day Ahead market Spain;3;Spain;82.98;2025-11-03T02:15:00+01:00
600;Marginal price Day Ahead market Spain;3;Spain;82.92;2025-11-03T02:30:00+01:00
600;Marginal price Day Ahead market Spain;3;Spain;82.92;2025-11-03T02:45:00+01:00
600;Marginal price Day Ahead market Spain;3;Spain;82.68;2025-11-03T03:00:00+01:00
600;Marginal price Day Ahead market Spain;3;Spain;82.44;2025-11-03T03:15:00+01:00
600;Marginal price Day Ahead market Spain;3;Spain;82.44;2025-11-03T03:30:00+01:00
600;Marginal price Day Ahead market Spain;3;Spain;82.68;2025-11-03T03:45:00+01:00
600;Marginal price Day Ahead market Spain;3;Spain;82.44;2025-11-03T04:00:00+01:00
600;Marginal price Day Ahead market Spain;3;Spain;82.68;2025-11-03T04:15:00+01:00
600;Marginal price Day Ahead market Spain;3;Spain;82.98;2025-11-03T04:30:00+01:00
600;Marginal price Day Ahead market Spain;3;Spain;83.16;2025-11-03T04:45:00+01:00
600;Marginal price Day Ahead market Spain;3;Spain;83.64;2025-11-03T05:00:00+01:00
600;Marginal price Day Ahead market Spain;3;Spain;83.69;2025-11-03T05:15:00+01:00
600;Marginal price Day Ahead market Spain;3;Spain;85.37;2025-11-03T05:30:00+01:00
600;Marginal price Day Ahead market Spain;3;Spain;91.33;2025-11-03T05:45:00+01:00
600;Marginal price Day Ahead market Spain;3;Spain;94.97;2025-11-03T06:00:00+01:00
600;Marginal price Day Ahead market Spain;3;Spain;102.79;2025-11-03T06:15:00+01:00
600;Marginal price Day Ahead market Spain;3;Spain;105;2025-11-03T06:30:00+01:00
600;Marginal price Day Ahead market Spain;3;Spain;110.07;2025-11-03T06:45:00+01:00
600;Marginal price Day Ahead market Spain;3;Spain;118.67;2025-11-03T07:00:00+01:00
600;Marginal price Day Ahead market Spain;3;Spain;123.89;2025-11-03T07:15:00+01:00
600;Marginal price Day Ahead market Spain;3;Spain;140.39;2025-11-03T07:30:00+01:00
600;Marginal price Day Ahead market Spain;3;Spain;149.39;2025-11-03T07:45:00+01:00
600;Marginal price Day Ahead market Spain;3;Spain;143.19;2025-11-03T08:00:00+01:00
600;Marginal price Day Ahead market Spain;3;Spain;118.67;2025-11-03T08:15:00+01:00
600;Marginal price Day Ahead market Spain;3;Spain;105.55;2025-11-03T08:30:00+01:00
600;Marginal price Day Ahead market Spain;3;Spain;87.51;2025-11-03T08:45:00+01:00
600;Marginal price Day Ahead market Spain;3;Spain;90.51;2025-11-03T09:00:00+01:00
600;Marginal price Day Ahead market Spain;3;Spain;82.68;2025-11-03T09:15:00+01:00
600;Marginal price Day Ahead market Spain;3;Spain;65;2025-11-03T09:30:00+01:00
600;Marginal price Day Ahead market Spain;3;Spain;45.37;2025-11-03T09:45:00+01:00
600;Marginal price Day Ahead market Spain;3;Spain;50;2025-11-03T10:00:00+01:00
600;Marginal price Day Ahead market Spain;3;Spain;37.77;2025-11-03T10:15:00+01:00
600;Marginal price Day Ahead market Spain;3;Spain;30.05;2025-11-03T10:30:00+01:00
600;Marginal price Day Ahead market Spain;3;Spain;18.74;2025-11-03T10:45:00+01:00
600;Marginal price Day Ahead market Spain;3;Spain;28.54;2025-11-03T11:00:00+01:00
600;Marginal price Day Ahead market Spain;3;Spain;19.14;2025-11-03T11:15:00+01:00
600;Marginal price Day Ahead market Spain;3;Spain;16.68;2025-11-03T11:30:00+01:00
600;Marginal price Day Ahead market Spain;3;Spain;15.52;2025-11-03T11:45:00+01:00
600;Marginal price Day Ahead market Spain;3;Spain;16.79;2025-11-03T12:00:00+01:00
600;Marginal price Day Ahead market Spain;3;Spain;16.65;2025-11-03T12:15:00+01:00
600;Marginal price Day Ahead market Spain;3;Spain;16.79;2025-11-03T12:30:00+01:00
600;Marginal price Day Ahead market Spain;3;Spain;15.73;2025-11-03T12:45:00+01:00
600;Marginal price Day Ahead market Spain;3;Spain;15.16;2025-11-03T13:00:00+01:00
600;Marginal price Day Ahead market Spain;3;Spain;12.86;2025-11-03T13:15:00+01:00
600;Marginal price Day Ahead market Spain;3;Spain;12.87;2025-11-03T13:30:00+01:00
600;Marginal price Day Ahead market Spain;3;Spain;14;2025-11-03T13:45:00+01:00
600;Marginal price Day Ahead market Spain;3;Spain;14.25;2025-11-03T14:00:00+01:00
600;Marginal price Day Ahead market Spain;3;Spain;16.68;2025-11-03T14:15:00+01:00
600;Marginal price Day Ahead market Spain;3;Spain;19.71;2025-11-03T14:30:00+01:00
600;Marginal price Day Ahead market Spain;3;Spain;23.84;2025-11-03T14:45:00+01:00
600;Marginal price Day Ahead market Spain;3;Spain;18.99;2025-11-03T15:00:00+01:00
600;Marginal price Day Ahead market Spain;3;Spain;25.33;2025-11-03T15:15:00+01:00
600;Marginal price Day Ahead market Spain;3;Spain;39.72;2025-11-03T15:30:00+01:00
600;Marginal price Day Ahead market Spain;3;Spain;50.55;2025-11-03T15:45:00+01:00
600;Marginal price Day Ahead market Spain;3;Spain;45;2025-11-03T16:00:00+01:00
600;Marginal price Day Ahead market Spain;3;Spain;51.07;2025-11-03T16:15:00+01:00
600;Marginal price Day Ahead market Spain;3;Spain;72.51;2025-11-03T16:30:00+01:00
600;Marginal price Day Ahead market Spain;3;Spain;83.4;2025-11-03T16:45:00+01:00
600;Marginal price Day Ahead market Spain;3;Spain;85.37;2025-11-03T17:00:00+01:00
600;Marginal price Day Ahead market Spain;3;Spain;103.9;2025-11-03T17:15:00+01:00
600;Marginal price Day Ahead market Spain;3;Spain;111.82;2025-11-03T17:30:00+01:00
600;Marginal price Day Ahead market Spain;3;Spain;140.39;2025-11-03T17:45:00+01:00
600;Marginal price Day Ahead market Spain;3;Spain;118.67;2025-11-03T18:00:00+01:00
600;Marginal price Day Ahead market Spain;3;Spain;123.27;2025-11-03T18:15:00+01:00
600;Marginal price Day Ahead market Spain;3;Spain;129;2025-11-03T18:30:00+01:00
600;Marginal price Day Ahead market Spain;3;Spain;129.19;2025-11-03T18:45:00+01:00
600;Marginal price Day Ahead market Spain;3;Spain;140.39;2025-11-03T19:00:00+01:00
600;Marginal price Day Ahead market Spain;3;Spain;150;2025-11-03T19:15:00+01:00
600;Marginal price Day Ahead market Spain;3;Spain;150.01;2025-11-03T19:30:00+01:00
600;Marginal price Day Ahead market Spain;3;Spain;150.01;2025-11-03T19:45:00+01:00
600;Marginal price Day Ahead market Spain;3;Spain;157.15;2025-11-03T20:00:00+01:00
600;Marginal price Day Ahead market Spain;3;Spain;155.34;2025-11-03T20:15:00+01:00
600;Marginal price Day Ahead market Spain;3;Spain;150.01;2025-11-03T20:30:00+01:00
600;Marginal price Day Ahead market Spain;3;Spain;143.19;2025-11-03T20:45:00+01:00
600;Marginal price Day Ahead market Spain;3;Spain;150;2025-11-03T21:00:00+01:00
600;Marginal price Day Ahead market Spain;3;Spain;135.01;2025-11-03T21:15:00+01:00
600;Marginal price Day Ahead market Spain;3;Spain;121.69;2025-11-03T21:30:00+01:00
600;Marginal price Day Ahead market Spain;3;Spain;115.26;2025-11-03T21:45:00+01:00
600;Marginal price Day Ahead market Spain;3;Spain;110.5;2025-11-03T22:00:00+01:00
600;Marginal price Day Ahead market Spain;3;Spain;105;2025-11-03T22:15:00+01:00
600;Marginal price Day Ahead market Spain;3;Spain;100.24;2025-11-03T22:30:00+01:00
600;Marginal price Day Ahead market Spain;3;Spain;93.37;2025-11-03T22:45:00+01:00
600;Marginal price Day Ahead market Spain;3;Spain;96.74;2025-11-03T23:00:00+01:00
600;Marginal price Day Ahead market Spain;3;Spain;94.5;2025-11-03T23:15:00+01:00
600;Marginal price Day Ahead market Spain;3;Spain;90;2025-11-03T23:30:00+01:00
600;Marginal price Day Ahead market Spain;3;Spain;86.14;2025-11-03T23:45:00+01:00
600;Marginal price Day Ahead market Spain;3;Spain;80.54;2025-11-04T00:00:00+01:00
600;Marginal price Day Ahead market Spain;3;Spain;77.64;2025-11-04T00:15:00+01:00
600;Marginal price Day Ahead market Spain;3;Spain;77.16;2025-11-04T00:30:00+01:00
600;Marginal price Day Ahead market Spain;3;Spain;76.2;2025-11-04T00:45:00+01:00
600;Marginal price Day Ahead market Spain;3;Spain;75.8;2025-11-04T01:00:00+01:00
600;Marginal price Day Ahead market Spain;3;Spain;68.68;2025-11-04T01:15:00+01:00
600;Marginal price Day Ahead market Spain;3;Spain;67.03;2025-11-04T01:30:00+01:00
600;Marginal price Day Ahead market Spain;3;Spain;62;2025-11-04T01:45:00+01:00
600;Marginal price Day Ahead market Spain;3;Spain;68.68;2025-11-04T02:00:00+01:00
600;Marginal price Day Ahead market Spain;3;Spain;68.68;2025-11-04T02:15:00+01:00
600;Marginal price Day Ahead market Spain;3;Spain;67.03;2025-11-04T02:30:00+01:00
600;Marginal price Day Ahead market Spain;3;Spain;65;2025-11-04T02:45:00+01:00
600;Marginal price Day Ahead market Spain;3;Spain;60.85;2025-11-04T03:00:00+01:00
600;Marginal price Day Ahead market Spain;3;Spain;58.92;2025-11-04T03:15:00+01:00
600;Marginal price Day Ahead market Spain;3;Spain;52.92;2025-11-04T03:30:00+01:00
600;Marginal price Day Ahead market Spain;3;Spain;52.79;2025-11-04T03:45:00+01:00
600;Marginal price Day Ahead market Spain;3;Spain;50.05;2025-11-04T04:00:00+01:00
600;Marginal price Day Ahead market Spain;3;Spain;50;2025-11-04T04:15:00+01:00
600;Marginal price Day Ahead market Spain;3;Spain;50;2025-11-04T04:30:00+01:00
600;Marginal price Day Ahead market Spain;3;Spain;50.05;2025-11-04T04:45:00+01:00
600;Marginal price Day Ahead market Spain;3;Spain;50;2025-11-04T05:00:00+01:00
600;Marginal price Day Ahead market Spain;3;Spain;52;2025-11-04T05:15:00+01:00
600;Marginal price Day Ahead market Spain;3;Spain;54.79;2025-11-04T05:30:00+01:00
600;Marginal price Day Ahead market Spain;3;Spain;65;2025-11-04T05:45:00+01:00
600;Marginal price Day Ahead market Spain;3;Spain;56.51;2025-11-04T06:00:00+01:00
600;Marginal price Day Ahead market Spain;3;Spain;65;2025-11-04T06:15:00+01:00
600;Marginal price Day Ahead market Spain;3;Spain;68.68;2025-11-04T06:30:00+01:00
600;Marginal price Day Ahead market Spain;3;Spain;75;2025-11-04T06:45:00+01:00
600;Marginal price Day Ahead market Spain;3;Spain;76.92;2025-11-04T07:00:00+01:00
600;Marginal price Day Ahead market Spain;3;Spain;78;2025-11-04T07:15:00+01:00
600;Marginal price Day Ahead market Spain;3;Spain;80.54;2025-11-04T07:30:00+01:00
600;Marginal price Day Ahead market Spain;3;Spain;80.54;2025-11-04T07:45:00+01:00
600;Marginal price Day Ahead market Spain;3;Spain;87.79;2025-11-04T08:00:00+01:00
600;Marginal price Day Ahead market Spain;3;Spain;78.96;2025-11-04T08:15:00+01:00
600;Marginal price Day Ahead market Spain;3;Spain;73.44;2025-11-04T08:30:00+01:00
600;Marginal price Day Ahead market Spain;3;Spain;50.05;2025-11-04T08:45:00+01:00
600;Marginal price Day Ahead market Spain;3;Spain;68.68;2025-11-04T09:00:00+01:00
600;Marginal price Day Ahead market Spain;3;Spain;42;2025-11-04T09:15:00+01:00
600;Marginal price Day Ahead market Spain;3;Spain;20.3;2025-11-04T09:30:00+01:00
600;Marginal price Day Ahead market Spain;3;Spain;1.55;2025-11-04T09:45:00+01:00
600;Marginal price Day Ahead market Spain;3;Spain;19.81;2025-11-04T10:00:00+01:00
600;Marginal price Day Ahead market Spain;3;Spain;14.71;2025-11-04T10:15:00+01:00
600;Marginal price Day Ahead market Spain;3;Spain;10.05;2025-11-04T10:30:00+01:00
600;Marginal price Day Ahead market Spain;3;Spain;10.05;2025-11-04T10:45:00+01:00
600;Marginal price Day Ahead market Spain;3;Spain;5.79;2025-11-04T11:00:00+01:00
600;Marginal price Day Ahead market Spain;3;Spain;5;2025-11-04T11:15:00+01:00
600;Marginal price Day Ahead market Spain;3;Spain;3.83;2025-11-04T11:30:00+01:00
600;Marginal price Day Ahead market Spain;3;Spain;3.52;2025-11-04T11:45:00+01:00
600;Marginal price Day Ahead market Spain;3;Spain;4.31;2025-11-04T12:00:00+01:00
600;Marginal price Day Ahead market Spain;3;Spain;3.6;2025-11-04T12:15:00+01:00
600;Marginal price Day Ahead market Spain;3;Spain;3.52;2025-11-04T12:30:00+01:00
600;Marginal price Day Ahead market Spain;3;Spain;3.52;2025-11-04T12:45:00+01:00
600;Marginal price Day Ahead market Spain;3;Spain;3.52;2025-11-04T13:00:00+01:00
600;Marginal price Day Ahead market Spain;3;Spain;3.52;2025-11-04T13:15:00+01:00
600;Marginal price Day Ahead market Spain;3;Spain;3.52;2025-11-04T13:30:00+01:00
600;Marginal price Day Ahead market Spain;3;Spain;3.52;2025-11-04T13:45:00+01:00
600;Marginal price Day Ahead market Spain;3;Spain;3.52;2025-11-04T14:00:00+01:00
600;Marginal price Day Ahead market Spain;3;Spain;3.52;2025-11-04T14:15:00+01:00
600;Marginal price Day Ahead market Spain;3;Spain;4.31;2025-11-04T14:30:00+01:00
600;Marginal price Day Ahead market Spain;3;Spain;5;2025-11-04T14:45:00+01:00
600;Marginal price Day Ahead market Spain;3;Spain;5.11;2025-11-04T15:00:00+01:00
600;Marginal price Day Ahead market Spain;3;Spain;10;2025-11-04T15:15:00+01:00
600;Marginal price Day Ahead market Spain;3;Spain;13.15;2025-11-04T15:30:00+01:00
600;Marginal price Day Ahead market Spain;3;Spain;20.95;2025-11-04T15:45:00+01:00
600;Marginal price Day Ahead market Spain;3;Spain;8.84;2025-11-04T16:00:00+01:00
600;Marginal price Day Ahead market Spain;3;Spain;16.71;2025-11-04T16:15:00+01:00
600;Marginal price Day Ahead market Spain;3;Spain;31.81;2025-11-04T16:30:00+01:00
600;Marginal price Day Ahead market Spain;3;Spain;35.54;2025-11-04T16:45:00+01:00
600;Marginal price Day Ahead market Spain;3;Spain;33.72;2025-11-04T17:00:00+01:00
600;Marginal price Day Ahead market Spain;3;Spain;48.75;2025-11-04T17:15:00+01:00
600;Marginal price Day Ahead market Spain;3;Spain;70;2025-11-04T17:30:00+01:00
600;Marginal price Day Ahead market Spain;3;Spain;77;2025-11-04T17:45:00+01:00
600;Marginal price Day Ahead market Spain;3;Spain;76.44;2025-11-04T18:00:00+01:00
600;Marginal price Day Ahead market Spain;3;Spain;77.16;2025-11-04T18:15:00+01:00
600;Marginal price Day Ahead market Spain;3;Spain;77.38;2025-11-04T18:30:00+01:00
600;Marginal price Day Ahead market Spain;3;Spain;78.9;2025-11-04T18:45:00+01:00
600;Marginal price Day Ahead market Spain;3;Spain;81.67;2025-11-04T19:00:00+01:00
600;Marginal price Day Ahead market Spain;3;Spain;83.69;2025-11-04T19:15:00+01:00
600;Marginal price Day Ahead market Spain;3;Spain;83.69;2025-11-04T19:30:00+01:00
600;Marginal price Day Ahead market Spain;3;Spain;85.24;2025-11-04T19:45:00+01:00
600;Marginal price Day Ahead market Spain;3;Spain;83.69;2025-11-04T20:00:00+01:00
600;Marginal price Day Ahead market Spain;3;Spain;83.69;2025-11-04T20:15:00+01:00
600;Marginal price Day Ahead market Spain;3;Spain;83.19;2025-11-04T20:30:00+01:00
600;Marginal price Day Ahead market Spain;3;Spain;80;2025-11-04T20:45:00+01:00
600;Marginal price Day Ahead market Spain;3;Spain;80.54;2025-11-04T21:00:00+01:00
600;Marginal price Day Ahead market Spain;3;Spain;78.96;2025-11-04T21:15:00+01:00
600;Marginal price Day Ahead market Spain;3;Spain;77.16;2025-11-04T21:30:00+01:00
600;Marginal price Day Ahead market Spain;3;Spain;75.8;2025-11-04T21:45:00+01:00
600;Marginal price Day Ahead market Spain;3;Spain;77.38;2025-11-04T22:00:00+01:00
600;Marginal price Day Ahead market Spain;3;Spain;75.8;2025-11-04T22:15:00+01:00
600;Marginal price Day Ahead market Spain;3;Spain;70;2025-11-04T22:30:00+01:00
600;Marginal price Day Ahead market Spain;3;Spain;66.2;2025-11-04T22:45:00+01:00
600;Marginal price Day Ahead market Spain;3;Spain;52;2025-11-04T23:00:00+01:00
600;Marginal price Day Ahead market Spain;3;Spain;48;2025-11-04T23:15:00+01:00
600;Marginal price Day Ahead market Spain;3;Spain;40;2025-11-04T23:30:00+01:00
600;Marginal price Day Ahead market Spain;3;Spain;34.1;2025-11-04T23:45:00+01:00
600;Marginal price Day Ahead market Spain;3;Spain;35.01;2025-11-05T00:00:00+01:00
600;Marginal price Day Ahead market Spain;3;Spain;30;2025-11-05T00:15:00+01:00
600;Marginal price Day Ahead market Spain;3;Spain;29.47;2025-11-05T00:30:00+01:00
600;Marginal price Day Ahead market Spain;3;Spain;29.07;2025-11-05T00:45:00+01:00
600;Marginal price Day Ahead market Spain;3;Spain;28.81;2025-11-05T01:00:00+01:00
600;Marginal price Day Ahead market Spain;3;Spain;28.33;2025-11-05T01:15:00+01:00
600;Marginal price Day Ahead market Spain;3;Spain;21.2;2025-11-05T01:30:00+01:00
600;Marginal price Day Ahead market Spain;3;Spain;20;2025-11-05T01:45:00+01:00
600;Marginal price Day Ahead market Spain;3;Spain;20.1;2025-11-05T02:00:00+01:00
600;Marginal price Day Ahead market Spain;3;Spain;16.79;2025-11-05T02:15:00+01:00
600;Marginal price Day Ahead market Spain;3;Spain;16.35;2025-11-05T02:30:00+01:00
600;Marginal price Day Ahead market Spain;3;Spain;15.6;2025-11-05T02:45:00+01:00
600;Marginal price Day Ahead market Spain;3;Spain;16.46;2025-11-05T03:00:00+01:00
600;Marginal price Day Ahead market Spain;3;Spain;16.46;2025-11-05T03:15:00+01:00
600;Marginal price Day Ahead market Spain;3;Spain;12.57;2025-11-05T03:30:00+01:00
600;Marginal price Day Ahead market Spain;3;Spain;10;2025-11-05T03:45:00+01:00
600;Marginal price Day Ahead market Spain;3;Spain;7;2025-11-05T04:00:00+01:00
600;Marginal price Day Ahead market Spain;3;Spain;7;2025-11-05T04:15:00+01:00
600;Marginal price Day Ahead market Spain;3;Spain;7;2025-11-05T04:30:00+01:00
600;Marginal price Day Ahead market Spain;3;Spain;7;2025-11-05T04:45:00+01:00
600;Marginal price Day Ahead market Spain;3;Spain;8.07;2025-11-05T05:00:00+01:00
600;Marginal price Day Ahead market Spain;3;Spain;14;2025-11-05T05:15:00+01:00
600;Marginal price Day Ahead market Spain;3;Spain;16.68;2025-11-05T05:30:00+01:00
600;Marginal price Day Ahead market Spain;3;Spain;16.79;2025-11-05T05:45:00+01:00
600;Marginal price Day Ahead market Spain;3;Spain;22.12;2025-11-05T06:00:00+01:00
600;Marginal price Day Ahead market Spain;3;Spain;28.55;2025-11-05T06:15:00+01:00
600;Marginal price Day Ahead market Spain;3;Spain;29.72;2025-11-05T06:30:00+01:00
600;Marginal price Day Ahead market Spain;3;Spain;29.93;2025-11-05T06:45:00+01:00
600;Marginal price Day Ahead market Spain;3;Spain;30.9;2025-11-05T07:00:00+01:00
600;Marginal price Day Ahead market Spain;3;Spain;35.01;2025-11-05T07:15:00+01:00
600;Marginal price Day Ahead market Spain;3;Spain;35.02;2025-11-05T07:30:00+01:00
600;Marginal price Day Ahead market Spain;3;Spain;35.02;2025-11-05T07:45:00+01:00
600;Marginal price Day Ahead market Spain;3;Spain;39.86;2025-11-05T08:00:00+01:00
600;Marginal price Day Ahead market Spain;3;Spain;35.01;2025-11-05T08:15:00+01:00
600;Marginal price Day Ahead market Spain;3;Spain;31.94;2025-11-05T08:30:00+01:00
600;Marginal price Day Ahead market Spain;3;Spain;29.47;2025-11-05T08:45:00+01:00
600;Marginal price Day Ahead market Spain;3;Spain;29.21;2025-11-05T09:00:00+01:00
600;Marginal price Day Ahead market Spain;3;Spain;28.81;2025-11-05T09:15:00+01:00
600;Marginal price Day Ahead market Spain;3;Spain;16.9;2025-11-05T09:30:00+01:00
600;Marginal price Day Ahead market Spain;3;Spain;10.21;2025-11-05T09:45:00+01:00
600;Marginal price Day Ahead market Spain;3;Spain;14.87;2025-11-05T10:00:00+01:00
600;Marginal price Day Ahead market Spain;3;Spain;10.65;2025-11-05T10:15:00+01:00
600;Marginal price Day Ahead market Spain;3;Spain;5.11;2025-11-05T10:30:00+01:00
600;Marginal price Day Ahead market Spain;3;Spain;3.6;2025-11-05T10:45:00+01:00
600;Marginal price Day Ahead market Spain;3;Spain;4.31;2025-11-05T11:00:00+01:00
600;Marginal price Day Ahead market Spain;3;Spain;3.52;2025-11-05T11:15:00+01:00
600;Marginal price Day Ahead market Spain;3;Spain;3.52;2025-11-05T11:30:00+01:00
600;Marginal price Day Ahead market Spain;3;Spain;3.52;2025-11-05T11:45:00+01:00
600;Marginal price Day Ahead market Spain;3;Spain;4.39;2025-11-05T12:00:00+01:00
600;Marginal price Day Ahead market Spain;3;Spain;5.11;2025-11-05T12:15:00+01:00
600;Marginal price Day Ahead market Spain;3;Spain;5.79;2025-11-05T12:30:00+01:00
600;Marginal price Day Ahead market Spain;3;Spain;6;2025-11-05T12:45:00+01:00
600;Marginal price Day Ahead market Spain;3;Spain;5;2025-11-05T13:00:00+01:00
600;Marginal price Day Ahead market Spain;3;Spain;5;2025-11-05T13:15:00+01:00
600;Marginal price Day Ahead market Spain;3;Spain;5.05;2025-11-05T13:30:00+01:00
600;Marginal price Day Ahead market Spain;3;Spain;6;2025-11-05T13:45:00+01:00
600;Marginal price Day Ahead market Spain;3;Spain;5.79;2025-11-05T14:00:00+01:00
600;Marginal price Day Ahead market Spain;3;Spain;9.3;2025-11-05T14:15:00+01:00
600;Marginal price Day Ahead market Spain;3;Spain;10.14;2025-11-05T14:30:00+01:00
600;Marginal price Day Ahead market Spain;3;Spain;13.79;2025-11-05T14:45:00+01:00
600;Marginal price Day Ahead market Spain;3;Spain;14.65;2025-11-05T15:00:00+01:00
600;Marginal price Day Ahead market Spain;3;Spain;15.83;2025-11-05T15:15:00+01:00
600;Marginal price Day Ahead market Spain;3;Spain;16.35;2025-11-05T15:30:00+01:00
600;Marginal price Day Ahead market Spain;3;Spain;20.06;2025-11-05T15:45:00+01:00
600;Marginal price Day Ahead market Spain;3;Spain;20;2025-11-05T16:00:00+01:00
600;Marginal price Day Ahead market Spain;3;Spain;28.24;2025-11-05T16:15:00+01:00
600;Marginal price Day Ahead market Spain;3;Spain;28.68;2025-11-05T16:30:00+01:00
600;Marginal price Day Ahead market Spain;3;Spain;29.72;2025-11-05T16:45:00+01:00
600;Marginal price Day Ahead market Spain;3;Spain;29.2;2025-11-05T17:00:00+01:00
600;Marginal price Day Ahead market Spain;3;Spain;33.15;2025-11-05T17:15:00+01:00
600;Marginal price Day Ahead market Spain;3;Spain;35.02;2025-11-05T17:30:00+01:00
600;Marginal price Day Ahead market Spain;3;Spain;36.25;2025-11-05T17:45:00+01:00
600;Marginal price Day Ahead market Spain;3;Spain;35.02;2025-11-05T18:00:00+01:00
600;Marginal price Day Ahead market Spain;3;Spain;39.86;2025-11-05T18:15:00+01:00
600;Marginal price Day Ahead market Spain;3;Spain;50;2025-11-05T18:30:00+01:00
600;Marginal price Day Ahead market Spain;3;Spain;60;2025-11-05T18:45:00+01:00
600;Marginal price Day Ahead market Spain;3;Spain;59.52;2025-11-05T19:00:00+01:00
600;Marginal price Day Ahead market Spain;3;Spain;65;2025-11-05T19:15:00+01:00
600;Marginal price Day Ahead market Spain;3;Spain;69;2025-11-05T19:30:00+01:00
600;Marginal price Day Ahead market Spain;3;Spain;70;2025-11-05T19:45:00+01:00
600;Marginal price Day Ahead market Spain;3;Spain;70.2;2025-11-05T20:00:00+01:00
600;Marginal price Day Ahead market Spain;3;Spain;70.68;2025-11-05T20:15:00+01:00
600;Marginal price Day Ahead market Spain;3;Spain;70.68;2025-11-05T20:30:00+01:00
600;Marginal price Day Ahead market Spain;3;Spain;70.44;2025-11-05T20:45:00+01:00
600;Marginal price Day Ahead market Spain;3;Spain;70.68;2025-11-05T21:00:00+01:00
600;Marginal price Day Ahead market Spain;3;Spain;70;2025-11-05T21:15:00+01:00
600;Marginal price Day Ahead market Spain;3;Spain;67;2025-11-05T21:30:00+01:00
600;Marginal price Day Ahead market Spain;3;Spain;59.52;2025-11-05T21:45:00+01:00
600;Marginal price Day Ahead market Spain;3;Spain;58.98;2025-11-05T22:00:00+01:00
600;Marginal price Day Ahead market Spain;3;Spain;49;2025-11-05T22:15:00+01:00
600;Marginal price Day Ahead market Spain;3;Spain;44.19;2025-11-05T22:30:00+01:00
600;Marginal price Day Ahead market Spain;3;Spain;39.58;2025-11-05T22:45:00+01:00
600;Marginal price Day Ahead market Spain;3;Spain;39.78;2025-11-05T23:00:00+01:00
600;Marginal price Day Ahead market Spain;3;Spain;35.01;2025-11-05T23:15:00+01:00
600;Marginal price Day Ahead market Spain;3;Spain;35.01;2025-11-05T23:30:00+01:00
600;Marginal price Day Ahead market Spain;3;Spain;30.1;2025-11-05T23:45:00+01:00
600;Marginal price Day Ahead market Spain;3;Spain;20.81;2025-11-06T00:00:00+01:00
600;Marginal price Day Ahead market Spain;3;Spain;20.55;2025-11-06T00:15:00+01:00
600;Marginal price Day Ahead market Spain;3;Spain;21.07;2025-11-06T00:30:00+01:00
600;Marginal price Day Ahead market Spain;3;Spain;20.94;2025-11-06T00:45:00+01:00
600;Marginal price Day Ahead market Spain;3;Spain;20;2025-11-06T01:00:00+01:00
600;Marginal price Day Ahead market Spain;3;Spain;16.36;2025-11-06T01:15:00+01:00
600;Marginal price Day Ahead market Spain;3;Spain;13.71;2025-11-06T01:30:00+01:00
600;Marginal price Day Ahead market Spain;3;Spain;10.28;2025-11-06T01:45:00+01:00
600;Marginal price Day Ahead market Spain;3;Spain;20;2025-11-06T02:00:00+01:00
600;Marginal price Day Ahead market Spain;3;Spain;15.24;2025-11-06T02:15:00+01:00
600;Marginal price Day Ahead market Spain;3;Spain;14;2025-11-06T02:30:00+01:00
600;Marginal price Day Ahead market Spain;3;Spain;12.22;2025-11-06T02:45:00+01:00
600;Marginal price Day Ahead market Spain;3;Spain;14;2025-11-06T03:00:00+01:00
600;Marginal price Day Ahead market Spain;3;Spain;13.08;2025-11-06T03:15:00+01:00
600;Marginal price Day Ahead market Spain;3;Spain;10;2025-11-06T03:30:00+01:00
600;Marginal price Day Ahead market Spain;3;Spain;9.33;2025-11-06T03:45:00+01:00
600;Marginal price Day Ahead market Spain;3;Spain;9.49;2025-11-06T04:00:00+01:00
600;Marginal price Day Ahead market Spain;3;Spain;8.71;2025-11-06T04:15:00+01:00
600;Marginal price Day Ahead market Spain;3;Spain;5.73;2025-11-06T04:30:00+01:00
600;Marginal price Day Ahead market Spain;3;Spain;7.5;2025-11-06T04:45:00+01:00
600;Marginal price Day Ahead market Spain;3;Spain;13.73;2025-11-06T05:00:00+01:00
600;Marginal price Day Ahead market Spain;3;Spain;11.42;2025-11-06T05:15:00+01:00
600;Marginal price Day Ahead market Spain;3;Spain;19.33;2025-11-06T05:30:00+01:00
600;Marginal price Day Ahead market Spain;3;Spain;20.81;2025-11-06T05:45:00+01:00
600;Marginal price Day Ahead market Spain;3;Spain;24.29;2025-11-06T06:00:00+01:00
600;Marginal price Day Ahead market Spain;3;Spain;30.87;2025-11-06T06:15:00+01:00
600;Marginal price Day Ahead market Spain;3;Spain;44.65;2025-11-06T06:30:00+01:00
600;Marginal price Day Ahead market Spain;3;Spain;56.92;2025-11-06T06:45:00+01:00
600;Marginal price Day Ahead market Spain;3;Spain;62.76;2025-11-06T07:00:00+01:00
600;Marginal price Day Ahead market Spain;3;Spain;66.03;2025-11-06T07:15:00+01:00
600;Marginal price Day Ahead market Spain;3;Spain;72.26;2025-11-06T07:30:00+01:00
600;Marginal price Day Ahead market Spain;3;Spain;78.59;2025-11-06T07:45:00+01:00
600;Marginal price Day Ahead market Spain;3;Spain;75;2025-11-06T08:00:00+01:00
600;Marginal price Day Ahead market Spain;3;Spain;65;2025-11-06T08:15:00+01:00
600;Marginal price Day Ahead market Spain;3;Spain;61.68;2025-11-06T08:30:00+01:00
600;Marginal price Day Ahead market Spain;3;Spain;43;2025-11-06T08:45:00+01:00
600;Marginal price Day Ahead market Spain;3;Spain;30;2025-11-06T09:00:00+01:00
600;Marginal price Day Ahead market Spain;3;Spain;20.55;2025-11-06T09:15:00+01:00
600;Marginal price Day Ahead market Spain;3;Spain;7.96;2025-11-06T09:30:00+01:00
600;Marginal price Day Ahead market Spain;3;Spain;1.1;2025-11-06T09:45:00+01:00
600;Marginal price Day Ahead market Spain;3;Spain;3.52;2025-11-06T10:00:00+01:00
600;Marginal price Day Ahead market Spain;3;Spain;3.52;2025-11-06T10:15:00+01:00
600;Marginal price Day Ahead market Spain;3;Spain;3.52;2025-11-06T10:30:00+01:00
600;Marginal price Day Ahead market Spain;3;Spain;3.52;2025-11-06T10:45:00+01:00
600;Marginal price Day Ahead market Spain;3;Spain;1.72;2025-11-06T11:00:00+01:00
600;Marginal price Day Ahead market Spain;3;Spain;0.8;2025-11-06T11:15:00+01:00
600;Marginal price Day Ahead market Spain;3;Spain;0.65;2025-11-06T11:30:00+01:00
600;Marginal price Day Ahead market Spain;3;Spain;0.65;2025-11-06T11:45:00+01:00
600;Marginal price Day Ahead market Spain;3;Spain;0.65;2025-11-06T12:00:00+01:00
600;Marginal price Day Ahead market Spain;3;Spain;0.65;2025-11-06T12:15:00+01:00
600;Marginal price Day Ahead market Spain;3;Spain;0.65;2025-11-06T12:30:00+01:00
600;Marginal price Day Ahead market Spain;3;Spain;0.65;2025-11-06T12:45:00+01:00
600;Marginal price Day Ahead market Spain;3;Spain;0.65;2025-11-06T13:00:00+01:00
600;Marginal price Day Ahead market Spain;3;Spain;0.8;2025-11-06T13:15:00+01:00
600;Marginal price Day Ahead market Spain;3;Spain;1;2025-11-06T13:30:00+01:00
600;Marginal price Day Ahead market Spain;3;Spain;1;2025-11-06T13:45:00+01:00
600;Marginal price Day Ahead market Spain;3;Spain;1;2025-11-06T14:00:00+01:00
600;Marginal price Day Ahead market Spain;3;Spain;1.6;2025-11-06T14:15:00+01:00
600;Marginal price Day Ahead market Spain;3;Spain;1.72;2025-11-06T14:30:00+01:00
600;Marginal price Day Ahead market Spain;3;Spain;1.7;2025-11-06T14:45:00+01:00
600;Marginal price Day Ahead market Spain;3;Spain;2.5;2025-11-06T15:00:00+01:00
600;Marginal price Day Ahead market Spain;3;Spain;3.52;2025-11-06T15:15:00+01:00
600;Marginal price Day Ahead market Spain;3;Spain;3.52;2025-11-06T15:30:00+01:00
600;Marginal price Day Ahead market Spain;3;Spain;3.52;2025-11-06T15:45:00+01:00
600;Marginal price Day Ahead market Spain;3;Spain;3.6;2025-11-06T16:00:00+01:00
600;Marginal price Day Ahead market Spain;3;Spain;14.24;2025-11-06T16:15:00+01:00
600;Marginal price Day Ahead market Spain;3;Spain;20.55;2025-11-06T16:30:00+01:00
600;Marginal price Day Ahead market Spain;3;Spain;34.2;2025-11-06T16:45:00+01:00
600;Marginal price Day Ahead market Spain;3;Spain;58.98;2025-11-06T17:00:00+01:00
600;Marginal price Day Ahead market Spain;3;Spain;64.67;2025-11-06T17:15:00+01:00
600;Marginal price Day Ahead market Spain;3;Spain;79.73;2025-11-06T17:30:00+01:00
600;Marginal price Day Ahead market Spain;3;Spain;98.53;2025-11-06T17:45:00+01:00
600;Marginal price Day Ahead market Spain;3;Spain;96.28;2025-11-06T18:00:00+01:00
600;Marginal price Day Ahead market Spain;3;Spain;100.41;2025-11-06T18:15:00+01:00
600;Marginal price Day Ahead market Spain;3;Spain;101.07;2025-11-06T18:30:00+01:00
600;Marginal price Day Ahead market Spain;3;Spain;106.89;2025-11-06T18:45:00+01:00
600;Marginal price Day Ahead market Spain;3;Spain;115.75;2025-11-06T19:00:00+01:00
600;Marginal price Day Ahead market Spain;3;Spain;127.39;2025-11-06T19:15:00+01:00
600;Marginal price Day Ahead market Spain;3;Spain;115.75;2025-11-06T19:30:00+01:00
600;Marginal price Day Ahead market Spain;3;Spain;119.44;2025-11-06T19:45:00+01:00
600;Marginal price Day Ahead market Spain;3;Spain;119.44;2025-11-06T20:00:00+01:00
600;Marginal price Day Ahead market Spain;3;Spain;114.97;2025-11-06T20:15:00+01:00
600;Marginal price Day Ahead market Spain;3;Spain;103.23;2025-11-06T20:30:00+01:00
600;Marginal price Day Ahead market Spain;3;Spain;100.83;2025-11-06T20:45:00+01:00
600;Marginal price Day Ahead market Spain;3;Spain;96.52;2025-11-06T21:00:00+01:00
600;Marginal price Day Ahead market Spain;3;Spain;93;2025-11-06T21:15:00+01:00
600;Marginal price Day Ahead market Spain;3;Spain;93;2025-11-06T21:30:00+01:00
600;Marginal price Day Ahead market Spain;3;Spain;88.83;2025-11-06T21:45:00+01:00
600;Marginal price Day Ahead market Spain;3;Spain;89.12;2025-11-06T22:00:00+01:00
600;Marginal price Day Ahead market Spain;3;Spain;86.57;2025-11-06T22:15:00+01:00
600;Marginal price Day Ahead market Spain;3;Spain;89.12;2025-11-06T22:30:00+01:00
600;Marginal price Day Ahead market Spain;3;Spain;85.42;2025-11-06T22:45:00+01:00
600;Marginal price Day Ahead market Spain;3;Spain;91.64;2025-11-06T23:00:00+01:00
600;Marginal price Day Ahead market Spain;3;Spain;83.49;2025-11-06T23:15:00+01:00
600;Marginal price Day Ahead market Spain;3;Spain;74.54;2025-11-06T23:30:00+01:00
600;Marginal price Day Ahead market Spain;3;Spain;65;2025-11-06T23:45:00+01:00
600;Marginal price Day Ahead market Spain;3;Spain;65.55;2025-11-07T00:00:00+01:00
600;Marginal price Day Ahead market Spain;3;Spain;62.52;2025-11-07T00:15:00+01:00
600;Marginal price Day Ahead market Spain;3;Spain;57.26;2025-11-07T00:30:00+01:00
600;Marginal price Day Ahead market Spain;3;Spain;52.52;2025-11-07T00:45:00+01:00
600;Marginal price Day Ahead market Spain;3;Spain;55.01;2025-11-07T01:00:00+01:00
600;Marginal price Day Ahead market Spain;3;Spain;54.1;2025-11-07T01:15:00+01:00
600;Marginal price Day Ahead market Spain;3;Spain;52.86;2025-11-07T01:30:00+01:00
600;Marginal price Day Ahead market Spain;3;Spain;49.66;2025-11-07T01:45:00+01:00
600;Marginal price Day Ahead market Spain;3;Spain;54.1;2025-11-07T02:00:00+01:00
600;Marginal price Day Ahead market Spain;3;Spain;50;2025-11-07T02:15:00+01:00
600;Marginal price Day Ahead market Spain;3;Spain;49.66;2025-11-07T02:30:00+01:00
600;Marginal price Day Ahead market Spain;3;Spain;45;2025-11-07T02:45:00+01:00
600;Marginal price Day Ahead market Spain;3;Spain;42;2025-11-07T03:00:00+01:00
600;Marginal price Day Ahead market Spain;3;Spain;38.17;2025-11-07T03:15:00+01:00
600;Marginal price Day Ahead market Spain;3;Spain;35.91;2025-11-07T03:30:00+01:00
600;Marginal price Day Ahead market Spain;3;Spain;34.73;2025-11-07T03:45:00+01:00
600;Marginal price Day Ahead market Spain;3;Spain;34.56;2025-11-07T04:00:00+01:00
600;Marginal price Day Ahead market Spain;3;Spain;33;2025-11-07T04:15:00+01:00
600;Marginal price Day Ahead market Spain;3;Spain;33;2025-11-07T04:30:00+01:00
600;Marginal price Day Ahead market Spain;3;Spain;34.46;2025-11-07T04:45:00+01:00
600;Marginal price Day Ahead market Spain;3;Spain;38;2025-11-07T05:00:00+01:00
600;Marginal price Day Ahead market Spain;3;Spain;40.67;2025-11-07T05:15:00+01:00
600;Marginal price Day Ahead market Spain;3;Spain;45.01;2025-11-07T05:30:00+01:00
600;Marginal price Day Ahead market Spain;3;Spain;49.66;2025-11-07T05:45:00+01:00
600;Marginal price Day Ahead market Spain;3;Spain;58.98;2025-11-07T06:00:00+01:00
600;Marginal price Day Ahead market Spain;3;Spain;61.08;2025-11-07T06:15:00+01:00
600;Marginal price Day Ahead market Spain;3;Spain;63.55;2025-11-07T06:30:00+01:00
600;Marginal price Day Ahead market Spain;3;Spain;68.33;2025-11-07T06:45:00+01:00
600;Marginal price Day Ahead market Spain;3;Spain;68.67;2025-11-07T07:00:00+01:00
600;Marginal price Day Ahead market Spain;3;Spain;79.89;2025-11-07T07:15:00+01:00
600;Marginal price Day Ahead market Spain;3;Spain;84.76;2025-11-07T07:30:00+01:00
600;Marginal price Day Ahead market Spain;3;Spain;87.5;2025-11-07T07:45:00+01:00
600;Marginal price Day Ahead market Spain;3;Spain;98.66;2025-11-07T08:00:00+01:00
600;Marginal price Day Ahead market Spain;3;Spain;94.92;2025-11-07T08:15:00+01:00
600;Marginal price Day Ahead market Spain;3;Spain;90;2025-11-07T08:30:00+01:00
600;Marginal price Day Ahead market Spain;3;Spain;81.99;2025-11-07T08:45:00+01:00
600;Marginal price Day Ahead market Spain;3;Spain;85;2025-11-07T09:00:00+01:00
600;Marginal price Day Ahead market Spain;3;Spain;75.59;2025-11-07T09:15:00+01:00
600;Marginal price Day Ahead market Spain;3;Spain;65;2025-11-07T09:30:00+01:00
600;Marginal price Day Ahead market Spain;3;Spain;61.8;2025-11-07T09:45:00+01:00
600;Marginal price Day Ahead market Spain;3;Spain;62.52;2025-11-07T10:00:00+01:00
600;Marginal price Day Ahead market Spain;3;Spain;60.99;2025-11-07T10:15:00+01:00
600;Marginal price Day Ahead market Spain;3;Spain;55.68;2025-11-07T10:30:00+01:00
600;Marginal price Day Ahead market Spain;3;Spain;51.2;2025-11-07T10:45:00+01:00
600;Marginal price Day Ahead market Spain;3;Spain;51.5;2025-11-07T11:00:00+01:00
600;Marginal price Day Ahead market Spain;3;Spain;50;2025-11-07T11:15:00+01:00
600;Marginal price Day Ahead market Spain;3;Spain;50;2025-11-07T11:30:00+01:00
600;Marginal price Day Ahead market Spain;3;Spain;45.32;2025-11-07T11:45:00+01:00
600;Marginal price Day Ahead market Spain;3;Spain;50;2025-11-07T12:00:00+01:00
600;Marginal price Day Ahead market Spain;3;Spain;46.25;2025-11-07T12:15:00+01:00
600;Marginal price Day Ahead market Spain;3;Spain;50;2025-11-07T12:30:00+01:00
600;Marginal price Day Ahead market Spain;3;Spain;48.75;2025-11-07T12:45:00+01:00
600;Marginal price Day Ahead market Spain;3;Spain;43.62;2025-11-07T13:00:00+01:00
600;Marginal price Day Ahead market Spain;3;Spain;43.5;2025-11-07T13:15:00+01:00
600;Marginal price Day Ahead market Spain;3;Spain;41.34;2025-11-07T13:30:00+01:00
600;Marginal price Day Ahead market Spain;3;Spain;43.62;2025-11-07T13:45:00+01:00
600;Marginal price Day Ahead market Spain;3;Spain;45;2025-11-07T14:00:00+01:00
600;Marginal price Day Ahead market Spain;3;Spain;50;2025-11-07T14:15:00+01:00
600;Marginal price Day Ahead market Spain;3;Spain;50.93;2025-11-07T14:30:00+01:00
600;Marginal price Day Ahead market Spain;3;Spain;54.1;2025-11-07T14:45:00+01:00
600;Marginal price Day Ahead market Spain;3;Spain;54.1;2025-11-07T15:00:00+01:00
600;Marginal price Day Ahead market Spain;3;Spain;58.84;2025-11-07T15:15:00+01:00
600;Marginal price Day Ahead market Spain;3;Spain;61.8;2025-11-07T15:30:00+01:00
600;Marginal price Day Ahead market Spain;3;Spain;64.67;2025-11-07T15:45:00+01:00
600;Marginal price Day Ahead market Spain;3;Spain;64.67;2025-11-07T16:00:00+01:00
600;Marginal price Day Ahead market Spain;3;Spain;74.07;2025-11-07T16:15:00+01:00
600;Marginal price Day Ahead market Spain;3;Spain;87.52;2025-11-07T16:30:00+01:00
600;Marginal price Day Ahead market Spain;3;Spain;91.5;2025-11-07T16:45:00+01:00
600;Marginal price Day Ahead market Spain;3;Spain;84.47;2025-11-07T17:00:00+01:00
600;Marginal price Day Ahead market Spain;3;Spain;92;2025-11-07T17:15:00+01:00
600;Marginal price Day Ahead market Spain;3;Spain;96.61;2025-11-07T17:30:00+01:00
600;Marginal price Day Ahead market Spain;3;Spain;104.12;2025-11-07T17:45:00+01:00
600;Marginal price Day Ahead market Spain;3;Spain;101.58;2025-11-07T18:00:00+01:00
600;Marginal price Day Ahead market Spain;3;Spain;104.01;2025-11-07T18:15:00+01:00
600;Marginal price Day Ahead market Spain;3;Spain;110;2025-11-07T18:30:00+01:00
600;Marginal price Day Ahead market Spain;3;Spain;112.52;2025-11-07T18:45:00+01:00
600;Marginal price Day Ahead market Spain;3;Spain;106.94;2025-11-07T19:00:00+01:00
600;Marginal price Day Ahead market Spain;3;Spain;110;2025-11-07T19:15:00+01:00
600;Marginal price Day Ahead market Spain;3;Spain;106.67;2025-11-07T19:30:00+01:00
600;Marginal price Day Ahead market Spain;3;Spain;106.67;2025-11-07T19:45:00+01:00
600;Marginal price Day Ahead market Spain;3;Spain;103.96;2025-11-07T20:00:00+01:00
600;Marginal price Day Ahead market Spain;3;Spain;103.96;2025-11-07T20:15:00+01:00
600;Marginal price Day Ahead market Spain;3;Spain;103.96;2025-11-07T20:30:00+01:00
600;Marginal price Day Ahead market Spain;3;Spain;100.95;2025-11-07T20:45:00+01:00
600;Marginal price Day Ahead market Spain;3;Spain;100.07;2025-11-07T21:00:00+01:00
600;Marginal price Day Ahead market Spain;3;Spain;98.12;2025-11-07T21:15:00+01:00
600;Marginal price Day Ahead market Spain;3;Spain;95;2025-11-07T21:30:00+01:00
600;Marginal price Day Ahead market Spain;3;Spain;91.22;2025-11-07T21:45:00+01:00
600;Marginal price Day Ahead market Spain;3;Spain;87.52;2025-11-07T22:00:00+01:00
600;Marginal price Day Ahead market Spain;3;Spain;85;2025-11-07T22:15:00+01:00
600;Marginal price Day Ahead market Spain;3;Spain;85.01;2025-11-07T22:30:00+01:00
600;Marginal price Day Ahead market Spain;3;Spain;85;2025-11-07T22:45:00+01:00
600;Marginal price Day Ahead market Spain;3;Spain;80;2025-11-07T23:00:00+01:00
600;Marginal price Day Ahead market Spain;3;Spain;75;2025-11-07T23:15:00+01:00
600;Marginal price Day Ahead market Spain;3;Spain;70.55;2025-11-07T23:30:00+01:00
600;Marginal price Day Ahead market Spain;3;Spain;63.28;2025-11-07T23:45:00+01:00
600;Marginal price Day Ahead market Spain;3;Spain;80.68;2025-11-08T00:00:00+01:00
600;Marginal price Day Ahead market Spain;3;Spain;74.59;2025-11-08T00:15:00+01:00
600;Marginal price Day Ahead market Spain;3;Spain;63.64;2025-11-08T00:30:00+01:00
600;Marginal price Day Ahead market Spain;3;Spain;51.43;2025-11-08T00:45:00+01:00
600;Marginal price Day Ahead market Spain;3;Spain;63.67;2025-11-08T01:00:00+01:00
600;Marginal price Day Ahead market Spain;3;Spain;54;2025-11-08T01:15:00+01:00
600;Marginal price Day Ahead market Spain;3;Spain;56.3;2025-11-08T01:30:00+01:00
600;Marginal price Day Ahead market Spain;3;Spain;51.43;2025-11-08T01:45:00+01:00
600;Marginal price Day Ahead market Spain;3;Spain;51.91;2025-11-08T02:00:00+01:00
600;Marginal price Day Ahead market Spain;3;Spain;51.07;2025-11-08T02:15:00+01:00
600;Marginal price Day Ahead market Spain;3;Spain;50.94;2025-11-08T02:30:00+01:00
600;Marginal price Day Ahead market Spain;3;Spain;50;2025-11-08T02:45:00+01:00
600;Marginal price Day Ahead market Spain;3;Spain;50.81;2025-11-08T03:00:00+01:00
600;Marginal price Day Ahead market Spain;3;Spain;50;2025-11-08T03:15:00+01:00
600;Marginal price Day Ahead market Spain;3;Spain;45.67;2025-11-08T03:30:00+01:00
600;Marginal price Day Ahead market Spain;3;Spain;35.63;2025-11-08T03:45:00+01:00
600;Marginal price Day Ahead market Spain;3;Spain;38.25;2025-11-08T04:00:00+01:00
600;Marginal price Day Ahead market Spain;3;Spain;35;2025-11-08T04:15:00+01:00
600;Marginal price Day Ahead market Spain;3;Spain;34.8;2025-11-08T04:30:00+01:00
600;Marginal price Day Ahead market Spain;3;Spain;34.8;2025-11-08T04:45:00+01:00
600;Marginal price Day Ahead market Spain;3;Spain;34.8;2025-11-08T05:00:00+01:00
600;Marginal price Day Ahead market Spain;3;Spain;34.7;2025-11-08T05:15:00+01:00
600;Marginal price Day Ahead market Spain;3;Spain;35.75;2025-11-08T05:30:00+01:00
600;Marginal price Day Ahead market Spain;3;Spain;42.7;2025-11-08T05:45:00+01:00
600;Marginal price Day Ahead market Spain;3;Spain;41.72;2025-11-08T06:00:00+01:00
600;Marginal price Day Ahead market Spain;3;Spain;47;2025-11-08T06:15:00+01:00
600;Marginal price Day Ahead market Spain;3;Spain;50;2025-11-08T06:30:00+01:00
600;Marginal price Day Ahead market Spain;3;Spain;50.68;2025-11-08T06:45:00+01:00
600;Marginal price Day Ahead market Spain;3;Spain;50.68;2025-11-08T07:00:00+01:00
600;Marginal price Day Ahead market Spain;3;Spain;50.97;2025-11-08T07:15:00+01:00
600;Marginal price Day Ahead market Spain;3;Spain;51.01;2025-11-08T07:30:00+01:00
600;Marginal price Day Ahead market Spain;3;Spain;50.94;2025-11-08T07:45:00+01:00
600;Marginal price Day Ahead market Spain;3;Spain;51.22;2025-11-08T08:00:00+01:00
600;Marginal price Day Ahead market Spain;3;Spain;50.68;2025-11-08T08:15:00+01:00
600;Marginal price Day Ahead market Spain;3;Spain;37.14;2025-11-08T08:30:00+01:00
600;Marginal price Day Ahead market Spain;3;Spain;15;2025-11-08T08:45:00+01:00
600;Marginal price Day Ahead market Spain;3;Spain;10;2025-11-08T09:00:00+01:00
600;Marginal price Day Ahead market Spain;3;Spain;3.52;2025-11-08T09:15:00+01:00
600;Marginal price Day Ahead market Spain;3;Spain;3.52;2025-11-08T09:30:00+01:00
600;Marginal price Day Ahead market Spain;3;Spain;0.65;2025-11-08T09:45:00+01:00
600;Marginal price Day Ahead market Spain;3;Spain;0.01;2025-11-08T10:00:00+01:00
600;Marginal price Day Ahead market Spain;3;Spain;0;2025-11-08T10:15:00+01:00
600;Marginal price Day Ahead market Spain;3;Spain;0;2025-11-08T10:30:00+01:00
600;Marginal price Day Ahead market Spain;3;Spain;0;2025-11-08T10:45:00+01:00
600;Marginal price Day Ahead market Spain;3;Spain;0;2025-11-08T11:00:00+01:00
600;Marginal price Day Ahead market Spain;3;Spain;-0.01;2025-11-08T11:15:00+01:00
600;Marginal price Day Ahead market Spain;3;Spain;-0.01;2025-11-08T11:30:00+01:00
600;Marginal price Day Ahead market Spain;3;Spain;-0.01;2025-11-08T11:45:00+01:00
600;Marginal price Day Ahead market Spain;3;Spain;-0.19;2025-11-08T12:00:00+01:00
600;Marginal price Day Ahead market Spain;3;Spain;-0.45;2025-11-08T12:15:00+01:00
600;Marginal price Day Ahead market Spain;3;Spain;-0.3;2025-11-08T12:30:00+01:00
600;Marginal price Day Ahead market Spain;3;Spain;-0.1;2025-11-08T12:45:00+01:00
600;Marginal price Day Ahead market Spain;3;Spain;-0.01;2025-11-08T13:00:00+01:00
600;Marginal price Day Ahead market Spain;3;Spain;-0.01;2025-11-08T13:15:00+01:00
600;Marginal price Day Ahead market Spain;3;Spain;-0.01;2025-11-08T13:30:00+01:00
600;Marginal price Day Ahead market Spain;3;Spain;-0.01;2025-11-08T13:45:00+01:00
600;Marginal price Day Ahead market Spain;3;Spain;-0.01;2025-11-08T14:00:00+01:00
600;Marginal price Day Ahead market Spain;3;Spain;-0.01;2025-11-08T14:15:00+01:00
600;Marginal price Day Ahead market Spain;3;Spain;-0.01;2025-11-08T14:30:00+01:00
600;Marginal price Day Ahead market Spain;3;Spain;-0.01;2025-11-08T14:45:00+01:00
600;Marginal price Day Ahead market Spain;3;Spain;-0.01;2025-11-08T15:00:00+01:00
600;Marginal price Day Ahead market Spain;3;Spain;-0.01;2025-11-08T15:15:00+01:00
600;Marginal price Day Ahead market Spain;3;Spain;0;2025-11-08T15:30:00+01:00
600;Marginal price Day Ahead market Spain;3;Spain;0;2025-11-08T15:45:00+01:00
600;Marginal price Day Ahead market Spain;3;Spain;0;2025-11-08T16:00:00+01:00
600;Marginal price Day Ahead market Spain;3;Spain;0.65;2025-11-08T16:15:00+01:00
600;Marginal price Day Ahead market Spain;3;Spain;3.52;2025-11-08T16:30:00+01:00
600;Marginal price Day Ahead market Spain;3;Spain;14;2025-11-08T16:45:00+01:00
600;Marginal price Day Ahead market Spain;3;Spain;38.8;2025-11-08T17:00:00+01:00
600;Marginal price Day Ahead market Spain;3;Spain;51.43;2025-11-08T17:15:00+01:00
600;Marginal price Day Ahead market Spain;3;Spain;74.59;2025-11-08T17:30:00+01:00
600;Marginal price Day Ahead market Spain;3;Spain;83.84;2025-11-08T17:45:00+01:00
600;Marginal price Day Ahead market Spain;3;Spain;76.31;2025-11-08T18:00:00+01:00
600;Marginal price Day Ahead market Spain;3;Spain;86.16;2025-11-08T18:15:00+01:00
600;Marginal price Day Ahead market Spain;3;Spain;90.91;2025-11-08T18:30:00+01:00
600;Marginal price Day Ahead market Spain;3;Spain;95.92;2025-11-08T18:45:00+01:00
600;Marginal price Day Ahead market Spain;3;Spain;88.43;2025-11-08T19:00:00+01:00
600;Marginal price Day Ahead market Spain;3;Spain;90;2025-11-08T19:15:00+01:00
600;Marginal price Day Ahead market Spain;3;Spain;90;2025-11-08T19:30:00+01:00
600;Marginal price Day Ahead market Spain;3;Spain;86.92;2025-11-08T19:45:00+01:00
600;Marginal price Day Ahead market Spain;3;Spain;87.55;2025-11-08T20:00:00+01:00
600;Marginal price Day Ahead market Spain;3;Spain;84.48;2025-11-08T20:15:00+01:00
600;Marginal price Day Ahead market Spain;3;Spain;82.94;2025-11-08T20:30:00+01:00
600;Marginal price Day Ahead market Spain;3;Spain;81.47;2025-11-08T20:45:00+01:00
600;Marginal price Day Ahead market Spain;3;Spain;80.13;2025-11-08T21:00:00+01:00
600;Marginal price Day Ahead market Spain;3;Spain;79.72;2025-11-08T21:15:00+01:00
600;Marginal price Day Ahead market Spain;3;Spain;78.24;2025-11-08T21:30:00+01:00
600;Marginal price Day Ahead market Spain;3;Spain;75;2025-11-08T21:45:00+01:00
600;Marginal price Day Ahead market Spain;3;Spain;76.28;2025-11-08T22:00:00+01:00
600;Marginal price Day Ahead market Spain;3;Spain;74.59;2025-11-08T22:15:00+01:00
600;Marginal price Day Ahead market Spain;3;Spain;77.8;2025-11-08T22:30:00+01:00
600;Marginal price Day Ahead market Spain;3;Spain;74.59;2025-11-08T22:45:00+01:00
600;Marginal price Day Ahead market Spain;3;Spain;76.42;2025-11-08T23:00:00+01:00
600;Marginal price Day Ahead market Spain;3;Spain;72;2025-11-08T23:15:00+01:00
600;Marginal price Day Ahead market Spain;3;Spain;72.11;2025-11-08T23:30:00+01:00
600;Marginal price Day Ahead market Spain;3;Spain;71.52;2025-11-08T23:45:00+01:00
600;Marginal price Day Ahead market Spain;3;Spain;78.81;2025-11-09T00:00:00+01:00
600;Marginal price Day Ahead market Spain;3;Spain;72.11;2025-11-09T00:15:00+01:00
600;Marginal price Day Ahead market Spain;3;Spain;61.15;2025-11-09T00:30:00+01:00
600;Marginal price Day Ahead market Spain;3;Spain;59.6;2025-11-09T00:45:00+01:00
600;Marginal price Day Ahead market Spain;3;Spain;65;2025-11-09T01:00:00+01:00
600;Marginal price Day Ahead market Spain;3;Spain;62.72;2025-11-09T01:15:00+01:00
600;Marginal price Day Ahead market Spain;3;Spain;59.9;2025-11-09T01:30:00+01:00
600;Marginal price Day Ahead market Spain;3;Spain;59.49;2025-11-09T01:45:00+01:00
600;Marginal price Day Ahead market Spain;3;Spain;60.1;2025-11-09T02:00:00+01:00
600;Marginal price Day Ahead market Spain;3;Spain;54.67;2025-11-09T02:15:00+01:00
600;Marginal price Day Ahead market Spain;3;Spain;53.6;2025-11-09T02:30:00+01:00
600;Marginal price Day Ahead market Spain;3;Spain;53.43;2025-11-09T02:45:00+01:00
600;Marginal price Day Ahead market Spain;3;Spain;53.6;2025-11-09T03:00:00+01:00
600;Marginal price Day Ahead market Spain;3;Spain;53.43;2025-11-09T03:15:00+01:00
600;Marginal price Day Ahead market Spain;3;Spain;53.59;2025-11-09T03:30:00+01:00
600;Marginal price Day Ahead market Spain;3;Spain;52.81;2025-11-09T03:45:00+01:00
600;Marginal price Day Ahead market Spain;3;Spain;52.81;2025-11-09T04:00:00+01:00
600;Marginal price Day Ahead market Spain;3;Spain;52.81;2025-11-09T04:15:00+01:00
600;Marginal price Day Ahead market Spain;3;Spain;53.43;2025-11-09T04:30:00+01:00
600;Marginal price Day Ahead market Spain;3;Spain;53.43;2025-11-09T04:45:00+01:00
600;Marginal price Day Ahead market Spain;3;Spain;55.36;2025-11-09T05:00:00+01:00
600;Marginal price Day Ahead market Spain;3;Spain;55;2025-11-09T05:15:00+01:00
600;Marginal price Day Ahead market Spain;3;Spain;55;2025-11-09T05:30:00+01:00
600;Marginal price Day Ahead market Spain;3;Spain;59.7;2025-11-09T05:45:00+01:00
600;Marginal price Day Ahead market Spain;3;Spain;62.63;2025-11-09T06:00:00+01:00
600;Marginal price Day Ahead market Spain;3;Spain;66.99;2025-11-09T06:15:00+01:00
600;Marginal price Day Ahead market Spain;3;Spain;70.49;2025-11-09T06:30:00+01:00
600;Marginal price Day Ahead market Spain;3;Spain;70.52;2025-11-09T06:45:00+01:00
600;Marginal price Day Ahead market Spain;3;Spain;72.11;2025-11-09T07:00:00+01:00
600;Marginal price Day Ahead market Spain;3;Spain;72.9;2025-11-09T07:15:00+01:00
600;Marginal price Day Ahead market Spain;3;Spain;77.26;2025-11-09T07:30:00+01:00
600;Marginal price Day Ahead market Spain;3;Spain;75.01;2025-11-09T07:45:00+01:00
600;Marginal price Day Ahead market Spain;3;Spain;80.68;2025-11-09T08:00:00+01:00
600;Marginal price Day Ahead market Spain;3;Spain;72;2025-11-09T08:15:00+01:00
600;Marginal price Day Ahead market Spain;3;Spain;65.64;2025-11-09T08:30:00+01:00
600;Marginal price Day Ahead market Spain;3;Spain;53.22;2025-11-09T08:45:00+01:00
600;Marginal price Day Ahead market Spain;3;Spain;70.53;2025-11-09T09:00:00+01:00
600;Marginal price Day Ahead market Spain;3;Spain;47.25;2025-11-09T09:15:00+01:00
600;Marginal price Day Ahead market Spain;3;Spain;30.01;2025-11-09T09:30:00+01:00
600;Marginal price Day Ahead market Spain;3;Spain;13.94;2025-11-09T09:45:00+01:00
600;Marginal price Day Ahead market Spain;3;Spain;4.96;2025-11-09T10:00:00+01:00
600;Marginal price Day Ahead market Spain;3;Spain;3.52;2025-11-09T10:15:00+01:00
600;Marginal price Day Ahead market Spain;3;Spain;1.55;2025-11-09T10:30:00+01:00
600;Marginal price Day Ahead market Spain;3;Spain;0.65;2025-11-09T10:45:00+01:00
600;Marginal price Day Ahead market Spain;3;Spain;0.65;2025-11-09T11:00:00+01:00
600;Marginal price Day Ahead market Spain;3;Spain;0.65;2025-11-09T11:15:00+01:00
600;Marginal price Day Ahead market Spain;3;Spain;0.65;2025-11-09T11:30:00+01:00
600;Marginal price Day Ahead market Spain;3;Spain;0.65;2025-11-09T11:45:00+01:00
600;Marginal price Day Ahead market Spain;3;Spain;0.65;2025-11-09T12:00:00+01:00
600;Marginal price Day Ahead market Spain;3;Spain;0.65;2025-11-09T12:15:00+01:00
600;Marginal price Day Ahead market Spain;3;Spain;0.65;2025-11-09T12:30:00+01:00
600;Marginal price Day Ahead market Spain;3;Spain;0.75;2025-11-09T12:45:00+01:00
600;Marginal price Day Ahead market Spain;3;Spain;1.55;2025-11-09T13:00:00+01:00
600;Marginal price Day Ahead market Spain;3;Spain;1.72;2025-11-09T13:15:00+01:00
600;Marginal price Day Ahead market Spain;3;Spain;3.52;2025-11-09T13:30:00+01:00
600;Marginal price Day Ahead market Spain;3;Spain;3.52;2025-11-09T13:45:00+01:00
600;Marginal price Day Ahead market Spain;3;Spain;3.38;2025-11-09T14:00:00+01:00
600;Marginal price Day Ahead market Spain;3;Spain;3.52;2025-11-09T14:15:00+01:00
600;Marginal price Day Ahead market Spain;3;Spain;4.31;2025-11-09T14:30:00+01:00
600;Marginal price Day Ahead market Spain;3;Spain;5;2025-11-09T14:45:00+01:00
600;Marginal price Day Ahead market Spain;3;Spain;8.16;2025-11-09T15:00:00+01:00
600;Marginal price Day Ahead market Spain;3;Spain;10.9;2025-11-09T15:15:00+01:00
600;Marginal price Day Ahead market Spain;3;Spain;17.3;2025-11-09T15:30:00+01:00
600;Marginal price Day Ahead market Spain;3;Spain;34.2;2025-11-09T15:45:00+01:00
600;Marginal price Day Ahead market Spain;3;Spain;31.11;2025-11-09T16:00:00+01:00
600;Marginal price Day Ahead market Spain;3;Spain;53.2;2025-11-09T16:15:00+01:00
600;Marginal price Day Ahead market Spain;3;Spain;61.47;2025-11-09T16:30:00+01:00
600;Marginal price Day Ahead market Spain;3;Spain;81.52;2025-11-09T16:45:00+01:00
600;Marginal price Day Ahead market Spain;3;Spain;72;2025-11-09T17:00:00+01:00
600;Marginal price Day Ahead market Spain;3;Spain;78.81;2025-11-09T17:15:00+01:00
600;Marginal price Day Ahead market Spain;3;Spain;85.53;2025-11-09T17:30:00+01:00
600;Marginal price Day Ahead market Spain;3;Spain;100.83;2025-11-09T17:45:00+01:00
600;Marginal price Day Ahead market Spain;3;Spain;85;2025-11-09T18:00:00+01:00
600;Marginal price Day Ahead market Spain;3;Spain;91.69;2025-11-09T18:15:00+01:00
600;Marginal price Day Ahead market Spain;3;Spain;98.66;2025-11-09T18:30:00+01:00
600;Marginal price Day Ahead market Spain;3;Spain;104.67;2025-11-09T18:45:00+01:00
600;Marginal price Day Ahead market Spain;3;Spain;104.92;2025-11-09T19:00:00+01:00
600;Marginal price Day Ahead market Spain;3;Spain;106.61;2025-11-09T19:15:00+01:00
600;Marginal price Day Ahead market Spain;3;Spain;104.92;2025-11-09T19:30:00+01:00
600;Marginal price Day Ahead market Spain;3;Spain;105.56;2025-11-09T19:45:00+01:00
600;Marginal price Day Ahead market Spain;3;Spain;112.55;2025-11-09T20:00:00+01:00
600;Marginal price Day Ahead market Spain;3;Spain;113.29;2025-11-09T20:15:00+01:00
600;Marginal price Day Ahead market Spain;3;Spain;113.89;2025-11-09T20:30:00+01:00
600;Marginal price Day Ahead market Spain;3;Spain;111.94;2025-11-09T20:45:00+01:00
600;Marginal price Day Ahead market Spain;3;Spain;122.94;2025-11-09T21:00:00+01:00
600;Marginal price Day Ahead market Spain;3;Spain;120.2;2025-11-09T21:15:00+01:00
600;Marginal price Day Ahead market Spain;3;Spain;110.74;2025-11-09T21:30:00+01:00
600;Marginal price Day Ahead market Spain;3;Spain;106.61;2025-11-09T21:45:00+01:00
600;Marginal price Day Ahead market Spain;3;Spain;110;2025-11-09T22:00:00+01:00
600;Marginal price Day Ahead market Spain;3;Spain;104.67;2025-11-09T22:15:00+01:00
600;Marginal price Day Ahead market Spain;3;Spain;103.91;2025-11-09T22:30:00+01:00
600;Marginal price Day Ahead market Spain;3;Spain;97.44;2025-11-09T22:45:00+01:00
600;Marginal price Day Ahead market Spain;3;Spain;98.66;2025-11-09T23:00:00+01:00
600;Marginal price Day Ahead market Spain;3;Spain;91.5;2025-11-09T23:15:00+01:00
600;Marginal price Day Ahead market Spain;3;Spain;85.53;2025-11-09T23:30:00+01:00
600;Marginal price Day Ahead market Spain;3;Spain;82.21;2025-11-09T23:45:00+01:00
600;Marginal price Day Ahead market Spain;3;Spain;91.52;2025-11-10T00:00:00+01:00
600;Marginal price Day Ahead market Spain;3;Spain;90.8;2025-11-10T00:15:00+01:00
600;Marginal price Day Ahead market Spain;3;Spain;90;2025-11-10T00:30:00+01:00
600;Marginal price Day Ahead market Spain;3;Spain;85;2025-11-10T00:45:00+01:00
600;Marginal price Day Ahead market Spain;3;Spain;85.25;2025-11-10T01:00:00+01:00
600;Marginal price Day Ahead market Spain;3;Spain;80;2025-11-10T01:15:00+01:00
600;Marginal price Day Ahead market Spain;3;Spain;76.29;2025-11-10T01:30:00+01:00
600;Marginal price Day Ahead market Spain;3;Spain;73.27;2025-11-10T01:45:00+01:00
600;Marginal price Day Ahead market Spain;3;Spain;71.31;2025-11-10T02:00:00+01:00
600;Marginal price Day Ahead market Spain;3;Spain;69.99;2025-11-10T02:15:00+01:00
600;Marginal price Day Ahead market Spain;3;Spain;63.78;2025-11-10T02:30:00+01:00
600;Marginal price Day Ahead market Spain;3;Spain;60.33;2025-11-10T02:45:00+01:00
600;Marginal price Day Ahead market Spain;3;Spain;60.1;2025-11-10T03:00:00+01:00
600;Marginal price Day Ahead market Spain;3;Spain;60;2025-11-10T03:15:00+01:00
600;Marginal price Day Ahead market Spain;3;Spain;59.9;2025-11-10T03:30:00+01:00
600;Marginal price Day Ahead market Spain;3;Spain;59.7;2025-11-10T03:45:00+01:00
600;Marginal price Day Ahead market Spain;3;Spain;59.6;2025-11-10T04:00:00+01:00
600;Marginal price Day Ahead market Spain;3;Spain;59.6;2025-11-10T04:15:00+01:00
600;Marginal price Day Ahead market Spain;3;Spain;59.7;2025-11-10T04:30:00+01:00
600;Marginal price Day Ahead market Spain;3;Spain;59.8;2025-11-10T04:45:00+01:00
600;Marginal price Day Ahead market Spain;3;Spain;60;2025-11-10T05:00:00+01:00
600;Marginal price Day Ahead market Spain;3;Spain;60;2025-11-10T05:15:00+01:00
600;Marginal price Day Ahead market Spain;3;Spain;70;2025-11-10T05:30:00+01:00
600;Marginal price Day Ahead market Spain;3;Spain;77.46;2025-11-10T05:45:00+01:00
600;Marginal price Day Ahead market Spain;3;Spain;85.96;2025-11-10T06:00:00+01:00
600;Marginal price Day Ahead market Spain;3;Spain;90.8;2025-11-10T06:15:00+01:00
600;Marginal price Day Ahead market Spain;3;Spain;91.76;2025-11-10T06:30:00+01:00
600;Marginal price Day Ahead market Spain;3;Spain;96.3;2025-11-10T06:45:00+01:00
600;Marginal price Day Ahead market Spain;3;Spain;105.75;2025-11-10T07:00:00+01:00
600;Marginal price Day Ahead market Spain;3;Spain;109.25;2025-11-10T07:15:00+01:00
600;Marginal price Day Ahead market Spain;3;Spain;110.91;2025-11-10T07:30:00+01:00
600;Marginal price Day Ahead market Spain;3;Spain;114.33;2025-11-10T07:45:00+01:00
600;Marginal price Day Ahead market Spain;3;Spain;121.55;2025-11-10T08:00:00+01:00
600;Marginal price Day Ahead market Spain;3;Spain;114.33;2025-11-10T08:15:00+01:00
600;Marginal price Day Ahead market Spain;3;Spain;106.94;2025-11-10T08:30:00+01:00
600;Marginal price Day Ahead market Spain;3;Spain;103.59;2025-11-10T08:45:00+01:00
600;Marginal price Day Ahead market Spain;3;Spain;93.84;2025-11-10T09:00:00+01:00
600;Marginal price Day Ahead market Spain;3;Spain;90.23;2025-11-10T09:15:00+01:00
600;Marginal price Day Ahead market Spain;3;Spain;65;2025-11-10T09:30:00+01:00
600;Marginal price Day Ahead market Spain;3;Spain;41.55;2025-11-10T09:45:00+01:00
600;Marginal price Day Ahead market Spain;3;Spain;51.68;2025-11-10T10:00:00+01:00
600;Marginal price Day Ahead market Spain;3;Spain;45.08;2025-11-10T10:15:00+01:00
600;Marginal price Day Ahead market Spain;3;Spain;44.63;2025-11-10T10:30:00+01:00
600;Marginal price Day Ahead market Spain;3;Spain;35.03;2025-11-10T10:45:00+01:00
600;Marginal price Day Ahead market Spain;3;Spain;36.18;2025-11-10T11:00:00+01:00
600;Marginal price Day Ahead market Spain;3;Spain;37;2025-11-10T11:15:00+01:00
600;Marginal price Day Ahead market Spain;3;Spain;35.03;2025-11-10T11:30:00+01:00
600;Marginal price Day Ahead market Spain;3;Spain;34.5;2025-11-10T11:45:00+01:00
600;Marginal price Day Ahead market Spain;3;Spain;40;2025-11-10T12:00:00+01:00
600;Marginal price Day Ahead market Spain;3;Spain;37;2025-11-10T12:15:00+01:00
600;Marginal price Day Ahead market Spain;3;Spain;38.85;2025-11-10T12:30:00+01:00
600;Marginal price Day Ahead market Spain;3;Spain;35.03;2025-11-10T12:45:00+01:00
600;Marginal price Day Ahead market Spain;3;Spain;35.03;2025-11-10T13:00:00+01:00
600;Marginal price Day Ahead market Spain;3;Spain;34.2;2025-11-10T13:15:00+01:00
600;Marginal price Day Ahead market Spain;3;Spain;29;2025-11-10T13:30:00+01:00
600;Marginal price Day Ahead market Spain;3;Spain;25.77;2025-11-10T13:45:00+01:00
600;Marginal price Day Ahead market Spain;3;Spain;28.04;2025-11-10T14:00:00+01:00
600;Marginal price Day Ahead market Spain;3;Spain;32.4;2025-11-10T14:15:00+01:00
600;Marginal price Day Ahead market Spain;3;Spain;34.2;2025-11-10T14:30:00+01:00
600;Marginal price Day Ahead market Spain;3;Spain;36.48;2025-11-10T14:45:00+01:00
600;Marginal price Day Ahead market Spain;3;Spain;40;2025-11-10T15:00:00+01:00
600;Marginal price Day Ahead market Spain;3;Spain;49;2025-11-10T15:15:00+01:00
600;Marginal price Day Ahead market Spain;3;Spain;50;2025-11-10T15:30:00+01:00
600;Marginal price Day Ahead market Spain;3;Spain;52.07;2025-11-10T15:45:00+01:00
600;Marginal price Day Ahead market Spain;3;Spain;45;2025-11-10T16:00:00+01:00
600;Marginal price Day Ahead market Spain;3;Spain;56;2025-11-10T16:15:00+01:00
600;Marginal price Day Ahead market Spain;3;Spain;82.9;2025-11-10T16:30:00+01:00
600;Marginal price Day Ahead market Spain;3;Spain;96.7;2025-11-10T16:45:00+01:00
600;Marginal price Day Ahead market Spain;3;Spain;95;2025-11-10T17:00:00+01:00
600;Marginal price Day Ahead market Spain;3;Spain;106.36;2025-11-10T17:15:00+01:00
600;Marginal price Day Ahead market Spain;3;Spain;110.61;2025-11-10T17:30:00+01:00
600;Marginal price Day Ahead market Spain;3;Spain;130;2025-11-10T17:45:00+01:00
600;Marginal price Day Ahead market Spain;3;Spain;123.22;2025-11-10T18:00:00+01:00
600;Marginal price Day Ahead market Spain;3;Spain;133.04;2025-11-10T18:15:00+01:00
600;Marginal price Day Ahead market Spain;3;Spain;135.01;2025-11-10T18:30:00+01:00
600;Marginal price Day Ahead market Spain;3;Spain;135.01;2025-11-10T18:45:00+01:00
600;Marginal price Day Ahead market Spain;3;Spain;136.88;2025-11-10T19:00:00+01:00
600;Marginal price Day Ahead market Spain;3;Spain;137.83;2025-11-10T19:15:00+01:00
600;Marginal price Day Ahead market Spain;3;Spain;150;2025-11-10T19:30:00+01:00
600;Marginal price Day Ahead market Spain;3;Spain;150.01;2025-11-10T19:45:00+01:00
600;Marginal price Day Ahead market Spain;3;Spain;136.88;2025-11-10T20:00:00+01:00
600;Marginal price Day Ahead market Spain;3;Spain;137.83;2025-11-10T20:15:00+01:00
600;Marginal price Day Ahead market Spain;3;Spain;136.88;2025-11-10T20:30:00+01:00
600;Marginal price Day Ahead market Spain;3;Spain;135.93;2025-11-10T20:45:00+01:00
600;Marginal price Day Ahead market Spain;3;Spain;137.83;2025-11-10T21:00:00+01:00
600;Marginal price Day Ahead market Spain;3;Spain;135.93;2025-11-10T21:15:00+01:00
600;Marginal price Day Ahead market Spain;3;Spain;131.66;2025-11-10T21:30:00+01:00
600;Marginal price Day Ahead market Spain;3;Spain;119.72;2025-11-10T21:45:00+01:00
600;Marginal price Day Ahead market Spain;3;Spain;113.28;2025-11-10T22:00:00+01:00
600;Marginal price Day Ahead market Spain;3;Spain;109.25;2025-11-10T22:15:00+01:00
600;Marginal price Day Ahead market Spain;3;Spain;106.23;2025-11-10T22:30:00+01:00
600;Marginal price Day Ahead market Spain;3;Spain;99.32;2025-11-10T22:45:00+01:00
600;Marginal price Day Ahead market Spain;3;Spain;97.8;2025-11-10T23:00:00+01:00
600;Marginal price Day Ahead market Spain;3;Spain;92.49;2025-11-10T23:15:00+01:00
600;Marginal price Day Ahead market Spain;3;Spain;93.84;2025-11-10T23:30:00+01:00
600;Marginal price Day Ahead market Spain;3;Spain;91.76;2025-11-10T23:45:00+01:00
600;Marginal price Day Ahead market Spain;3;Spain;93.5;2025-11-11T00:00:00+01:00
600;Marginal price Day Ahead market Spain;3;Spain;91.84;2025-11-11T00:15:00+01:00
600;Marginal price Day Ahead market Spain;3;Spain;90.24;2025-11-11T00:30:00+01:00
600;Marginal price Day Ahead market Spain;3;Spain;89.52;2025-11-11T00:45:00+01:00
600;Marginal price Day Ahead market Spain;3;Spain;89.76;2025-11-11T01:00:00+01:00
600;Marginal price Day Ahead market Spain;3;Spain;89.04;2025-11-11T01:15:00+01:00
600;Marginal price Day Ahead market Spain;3;Spain;88.68;2025-11-11T01:30:00+01:00
600;Marginal price Day Ahead market Spain;3;Spain;87.1;2025-11-11T01:45:00+01:00
600;Marginal price Day Ahead market Spain;3;Spain;89.76;2025-11-11T02:00:00+01:00
600;Marginal price Day Ahead market Spain;3;Spain;89.28;2025-11-11T02:15:00+01:00
600;Marginal price Day Ahead market Spain;3;Spain;89.04;2025-11-11T02:30:00+01:00
600;Marginal price Day Ahead market Spain;3;Spain;88.8;2025-11-11T02:45:00+01:00
600;Marginal price Day Ahead market Spain;3;Spain;89.28;2025-11-11T03:00:00+01:00
600;Marginal price Day Ahead market Spain;3;Spain;89.04;2025-11-11T03:15:00+01:00
600;Marginal price Day Ahead market Spain;3;Spain;88.8;2025-11-11T03:30:00+01:00
600;Marginal price Day Ahead market Spain;3;Spain;88.68;2025-11-11T03:45:00+01:00
600;Marginal price Day Ahead market Spain;3;Spain;88.68;2025-11-11T04:00:00+01:00
600;Marginal price Day Ahead market Spain;3;Spain;88.68;2025-11-11T04:15:00+01:00
600;Marginal price Day Ahead market Spain;3;Spain;88.68;2025-11-11T04:30:00+01:00
600;Marginal price Day Ahead market Spain;3;Spain;88.8;2025-11-11T04:45:00+01:00
600;Marginal price Day Ahead market Spain;3;Spain;88.68;2025-11-11T05:00:00+01:00
600;Marginal price Day Ahead market Spain;3;Spain;87.1;2025-11-11T05:15:00+01:00
600;Marginal price Day Ahead market Spain;3;Spain;88.68;2025-11-11T05:30:00+01:00
600;Marginal price Day Ahead market Spain;3;Spain;89.28;2025-11-11T05:45:00+01:00
600;Marginal price Day Ahead market Spain;3;Spain;88.68;2025-11-11T06:00:00+01:00
600;Marginal price Day Ahead market Spain;3;Spain;89.04;2025-11-11T06:15:00+01:00
600;Marginal price Day Ahead market Spain;3;Spain;89.76;2025-11-11T06:30:00+01:00
600;Marginal price Day Ahead market Spain;3;Spain;91.15;2025-11-11T06:45:00+01:00
600;Marginal price Day Ahead market Spain;3;Spain;90.26;2025-11-11T07:00:00+01:00
600;Marginal price Day Ahead market Spain;3;Spain;92.48;2025-11-11T07:15:00+01:00
600;Marginal price Day Ahead market Spain;3;Spain;98.11;2025-11-11T07:30:00+01:00
600;Marginal price Day Ahead market Spain;3;Spain;98.63;2025-11-11T07:45:00+01:00
600;Marginal price Day Ahead market Spain;3;Spain;103.59;2025-11-11T08:00:00+01:00
600;Marginal price Day Ahead market Spain;3;Spain;98;2025-11-11T08:15:00+01:00
600;Marginal price Day Ahead market Spain;3;Spain;90;2025-11-11T08:30:00+01:00
600;Marginal price Day Ahead market Spain;3;Spain;82.14;2025-11-11T08:45:00+01:00
600;Marginal price Day Ahead market Spain;3;Spain;82.35;2025-11-11T09:00:00+01:00
600;Marginal price Day Ahead market Spain;3;Spain;69;2025-11-11T09:15:00+01:00
600;Marginal price Day Ahead market Spain;3;Spain;38.6;2025-11-11T09:30:00+01:00
600;Marginal price Day Ahead market Spain;3;Spain;14;2025-11-11T09:45:00+01:00
600;Marginal price Day Ahead market Spain;3;Spain;31.68;2025-11-11T10:00:00+01:00
600;Marginal price Day Ahead market Spain;3;Spain;14.39;2025-11-11T10:15:00+01:00
600;Marginal price Day Ahead market Spain;3;Spain;5;2025-11-11T10:30:00+01:00
600;Marginal price Day Ahead market Spain;3;Spain;1.2;2025-11-11T10:45:00+01:00
600;Marginal price Day Ahead market Spain;3;Spain;12.64;2025-11-11T11:00:00+01:00
600;Marginal price Day Ahead market Spain;3;Spain;12.2;2025-11-11T11:15:00+01:00
600;Marginal price Day Ahead market Spain;3;Spain;10;2025-11-11T11:30:00+01:00
600;Marginal price Day Ahead market Spain;3;Spain;7.96;2025-11-11T11:45:00+01:00
600;Marginal price Day Ahead market Spain;3;Spain;11.82;2025-11-11T12:00:00+01:00
600;Marginal price Day Ahead market Spain;3;Spain;12.42;2025-11-11T12:15:00+01:00
600;Marginal price Day Ahead market Spain;3;Spain;16.57;2025-11-11T12:30:00+01:00
600;Marginal price Day Ahead market Spain;3;Spain;11.01;2025-11-11T12:45:00+01:00
600;Marginal price Day Ahead market Spain;3;Spain;10;2025-11-11T13:00:00+01:00
600;Marginal price Day Ahead market Spain;3;Spain;10.8;2025-11-11T13:15:00+01:00
600;Marginal price Day Ahead market Spain;3;Spain;7.96;2025-11-11T13:30:00+01:00
600;Marginal price Day Ahead market Spain;3;Spain;5.9;2025-11-11T13:45:00+01:00
600;Marginal price Day Ahead market Spain;3;Spain;3;2025-11-11T14:00:00+01:00
600;Marginal price Day Ahead market Spain;3;Spain;3.53;2025-11-11T14:15:00+01:00
600;Marginal price Day Ahead market Spain;3;Spain;5.11;2025-11-11T14:30:00+01:00
600;Marginal price Day Ahead market Spain;3;Spain;10.9;2025-11-11T14:45:00+01:00
600;Marginal price Day Ahead market Spain;3;Spain;11;2025-11-11T15:00:00+01:00
600;Marginal price Day Ahead market Spain;3;Spain;10.2;2025-11-11T15:15:00+01:00
600;Marginal price Day Ahead market Spain;3;Spain;13.27;2025-11-11T15:30:00+01:00
600;Marginal price Day Ahead market Spain;3;Spain;16.79;2025-11-11T15:45:00+01:00
600;Marginal price Day Ahead market Spain;3;Spain;16.79;2025-11-11T16:00:00+01:00
600;Marginal price Day Ahead market Spain;3;Spain;32.17;2025-11-11T16:15:00+01:00
600;Marginal price Day Ahead market Spain;3;Spain;44.6;2025-11-11T16:30:00+01:00
600;Marginal price Day Ahead market Spain;3;Spain;74.46;2025-11-11T16:45:00+01:00
600;Marginal price Day Ahead market Spain;3;Spain;59.9;2025-11-11T17:00:00+01:00
600;Marginal price Day Ahead market Spain;3;Spain;76.5;2025-11-11T17:15:00+01:00
600;Marginal price Day Ahead market Spain;3;Spain;89.76;2025-11-11T17:30:00+01:00
600;Marginal price Day Ahead market Spain;3;Spain;92.48;2025-11-11T17:45:00+01:00
600;Marginal price Day Ahead market Spain;3;Spain;91.84;2025-11-11T18:00:00+01:00
600;Marginal price Day Ahead market Spain;3;Spain;92.95;2025-11-11T18:15:00+01:00
600;Marginal price Day Ahead market Spain;3;Spain;98;2025-11-11T18:30:00+01:00
600;Marginal price Day Ahead market Spain;3;Spain;100.33;2025-11-11T18:45:00+01:00
600;Marginal price Day Ahead market Spain;3;Spain;100.95;2025-11-11T19:00:00+01:00
600;Marginal price Day Ahead market Spain;3;Spain;102.8;2025-11-11T19:15:00+01:00
600;Marginal price Day Ahead market Spain;3;Spain;102.56;2025-11-11T19:30:00+01:00
600;Marginal price Day Ahead market Spain;3;Spain;103.59;2025-11-11T19:45:00+01:00
600;Marginal price Day Ahead market Spain;3;Spain;103.9;2025-11-11T20:00:00+01:00
600;Marginal price Day Ahead market Spain;3;Spain;103.9;2025-11-11T20:15:00+01:00
600;Marginal price Day Ahead market Spain;3;Spain;103.18;2025-11-11T20:30:00+01:00
600;Marginal price Day Ahead market Spain;3;Spain;99.44;2025-11-11T20:45:00+01:00
600;Marginal price Day Ahead market Spain;3;Spain;103.59;2025-11-11T21:00:00+01:00
600;Marginal price Day Ahead market Spain;3;Spain;98.6;2025-11-11T21:15:00+01:00
600;Marginal price Day Ahead market Spain;3;Spain;92.48;2025-11-11T21:30:00+01:00
600;Marginal price Day Ahead market Spain;3;Spain;90;2025-11-11T21:45:00+01:00
600;Marginal price Day Ahead market Spain;3;Spain;91.84;2025-11-11T22:00:00+01:00
600;Marginal price Day Ahead market Spain;3;Spain;89.76;2025-11-11T22:15:00+01:00
600;Marginal price Day Ahead market Spain;3;Spain;87.61;2025-11-11T22:30:00+01:00
600;Marginal price Day Ahead market Spain;3;Spain;82.35;2025-11-11T22:45:00+01:00
600;Marginal price Day Ahead market Spain;3;Spain;80.82;2025-11-11T23:00:00+01:00
600;Marginal price Day Ahead market Spain;3;Spain;76.01;2025-11-11T23:15:00+01:00
600;Marginal price Day Ahead market Spain;3;Spain;65;2025-11-11T23:30:00+01:00
600;Marginal price Day Ahead market Spain;3;Spain;60;2025-11-11T23:45:00+01:00
600;Marginal price Day Ahead market Spain;3;Spain;50;2025-11-12T00:00:00+01:00
600;Marginal price Day Ahead market Spain;3;Spain;43.27;2025-11-12T00:15:00+01:00
600;Marginal price Day Ahead market Spain;3;Spain;34;2025-11-12T00:30:00+01:00
600;Marginal price Day Ahead market Spain;3;Spain;20.31;2025-11-12T00:45:00+01:00
600;Marginal price Day Ahead market Spain;3;Spain;24.93;2025-11-12T01:00:00+01:00
600;Marginal price Day Ahead market Spain;3;Spain;17.43;2025-11-12T01:15:00+01:00
600;Marginal price Day Ahead market Spain;3;Spain;16.43;2025-11-12T01:30:00+01:00
600;Marginal price Day Ahead market Spain;3;Spain;16.04;2025-11-12T01:45:00+01:00
600;Marginal price Day Ahead market Spain;3;Spain;17.65;2025-11-12T02:00:00+01:00
600;Marginal price Day Ahead market Spain;3;Spain;16.6;2025-11-12T02:15:00+01:00
600;Marginal price Day Ahead market Spain;3;Spain;14.81;2025-11-12T02:30:00+01:00
600;Marginal price Day Ahead market Spain;3;Spain;14.01;2025-11-12T02:45:00+01:00
600;Marginal price Day Ahead market Spain;3;Spain;14.54;2025-11-12T03:00:00+01:00
600;Marginal price Day Ahead market Spain;3;Spain;14.17;2025-11-12T03:15:00+01:00
600;Marginal price Day Ahead market Spain;3;Spain;11.1;2025-11-12T03:30:00+01:00
600;Marginal price Day Ahead market Spain;3;Spain;9.22;2025-11-12T03:45:00+01:00
600;Marginal price Day Ahead market Spain;3;Spain;9.89;2025-11-12T04:00:00+01:00
600;Marginal price Day Ahead market Spain;3;Spain;8.78;2025-11-12T04:15:00+01:00
600;Marginal price Day Ahead market Spain;3;Spain;7.3;2025-11-12T04:30:00+01:00
600;Marginal price Day Ahead market Spain;3;Spain;10.87;2025-11-12T04:45:00+01:00
600;Marginal price Day Ahead market Spain;3;Spain;14;2025-11-12T05:00:00+01:00
600;Marginal price Day Ahead market Spain;3;Spain;14.43;2025-11-12T05:15:00+01:00
600;Marginal price Day Ahead market Spain;3;Spain;14.81;2025-11-12T05:30:00+01:00
600;Marginal price Day Ahead market Spain;3;Spain;14.68;2025-11-12T05:45:00+01:00
600;Marginal price Day Ahead market Spain;3;Spain;20.79;2025-11-12T06:00:00+01:00
600;Marginal price Day Ahead market Spain;3;Spain;34;2025-11-12T06:15:00+01:00
600;Marginal price Day Ahead market Spain;3;Spain;43.98;2025-11-12T06:30:00+01:00
600;Marginal price Day Ahead market Spain;3;Spain;51.52;2025-11-12T06:45:00+01:00
600;Marginal price Day Ahead market Spain;3;Spain;52;2025-11-12T07:00:00+01:00
600;Marginal price Day Ahead market Spain;3;Spain;53.26;2025-11-12T07:15:00+01:00
600;Marginal price Day Ahead market Spain;3;Spain;51.94;2025-11-12T07:30:00+01:00
600;Marginal price Day Ahead market Spain;3;Spain;52.24;2025-11-12T07:45:00+01:00
600;Marginal price Day Ahead market Spain;3;Spain;60;2025-11-12T08:00:00+01:00
600;Marginal price Day Ahead market Spain;3;Spain;51.76;2025-11-12T08:15:00+01:00
600;Marginal price Day Ahead market Spain;3;Spain;44.7;2025-11-12T08:30:00+01:00
600;Marginal price Day Ahead market Spain;3;Spain;25.37;2025-11-12T08:45:00+01:00
600;Marginal price Day Ahead market Spain;3;Spain;23.83;2025-11-12T09:00:00+01:00
600;Marginal price Day Ahead market Spain;3;Spain;14.02;2025-11-12T09:15:00+01:00
600;Marginal price Day Ahead market Spain;3;Spain;5;2025-11-12T09:30:00+01:00
600;Marginal price Day Ahead market Spain;3;Spain;3.52;2025-11-12T09:45:00+01:00
600;Marginal price Day Ahead market Spain;3;Spain;3.52;2025-11-12T10:00:00+01:00
600;Marginal price Day Ahead market Spain;3;Spain;3.52;2025-11-12T10:15:00+01:00
600;Marginal price Day Ahead market Spain;3;Spain;1.15;2025-11-12T10:30:00+01:00
600;Marginal price Day Ahead market Spain;3;Spain;0.16;2025-11-12T10:45:00+01:00
600;Marginal price Day Ahead market Spain;3;Spain;0.01;2025-11-12T11:00:00+01:00
600;Marginal price Day Ahead market Spain;3;Spain;0;2025-11-12T11:15:00+01:00
600;Marginal price Day Ahead market Spain;3;Spain;0;2025-11-12T11:30:00+01:00
600;Marginal price Day Ahead market Spain;3;Spain;0;2025-11-12T11:45:00+01:00
600;Marginal price Day Ahead market Spain;3;Spain;1.72;2025-11-12T12:00:00+01:00
600;Marginal price Day Ahead market Spain;3;Spain;1.5;2025-11-12T12:15:00+01:00
600;Marginal price Day Ahead market Spain;3;Spain;1.1;2025-11-12T12:30:00+01:00
600;Marginal price Day Ahead market Spain;3;Spain;1.03;2025-11-12T12:45:00+01:00
600;Marginal price Day Ahead market Spain;3;Spain;1;2025-11-12T13:00:00+01:00
600;Marginal price Day Ahead market Spain;3;Spain;0.85;2025-11-12T13:15:00+01:00
600;Marginal price Day Ahead market Spain;3;Spain;0.65;2025-11-12T13:30:00+01:00
600;Marginal price Day Ahead market Spain;3;Spain;0.65;2025-11-12T13:45:00+01:00
600;Marginal price Day Ahead market Spain;3;Spain;0.65;2025-11-12T14:00:00+01:00
600;Marginal price Day Ahead market Spain;3;Spain;0.66;2025-11-12T14:15:00+01:00
600;Marginal price Day Ahead market Spain;3;Spain;1.55;2025-11-12T14:30:00+01:00
600;Marginal price Day Ahead market Spain;3;Spain;1.72;2025-11-12T14:45:00+01:00
600;Marginal price Day Ahead market Spain;3;Spain;2.41;2025-11-12T15:00:00+01:00
600;Marginal price Day Ahead market Spain;3;Spain;3.52;2025-11-12T15:15:00+01:00
600;Marginal price Day Ahead market Spain;3;Spain;3.52;2025-11-12T15:30:00+01:00
600;Marginal price Day Ahead market Spain;3;Spain;3.52;2025-11-12T15:45:00+01:00
600;Marginal price Day Ahead market Spain;3;Spain;6.78;2025-11-12T16:00:00+01:00
600;Marginal price Day Ahead market Spain;3;Spain;14.94;2025-11-12T16:15:00+01:00
600;Marginal price Day Ahead market Spain;3;Spain;16.43;2025-11-12T16:30:00+01:00
600;Marginal price Day Ahead market Spain;3;Spain;26.46;2025-11-12T16:45:00+01:00
600;Marginal price Day Ahead market Spain;3;Spain;31.62;2025-11-12T17:00:00+01:00
600;Marginal price Day Ahead market Spain;3;Spain;50;2025-11-12T17:15:00+01:00
600;Marginal price Day Ahead market Spain;3;Spain;50.8;2025-11-12T17:30:00+01:00
600;Marginal price Day Ahead market Spain;3;Spain;53.26;2025-11-12T17:45:00+01:00
600;Marginal price Day Ahead market Spain;3;Spain;51.68;2025-11-12T18:00:00+01:00
600;Marginal price Day Ahead market Spain;3;Spain;53;2025-11-12T18:15:00+01:00
600;Marginal price Day Ahead market Spain;3;Spain;54.84;2025-11-12T18:30:00+01:00
600;Marginal price Day Ahead market Spain;3;Spain;61.4;2025-11-12T18:45:00+01:00
600;Marginal price Day Ahead market Spain;3;Spain;59;2025-11-12T19:00:00+01:00
600;Marginal price Day Ahead market Spain;3;Spain;62;2025-11-12T19:15:00+01:00
600;Marginal price Day Ahead market Spain;3;Spain;65;2025-11-12T19:30:00+01:00
600;Marginal price Day Ahead market Spain;3;Spain;68;2025-11-12T19:45:00+01:00
600;Marginal price Day Ahead market Spain;3;Spain;71.51;2025-11-12T20:00:00+01:00
600;Marginal price Day Ahead market Spain;3;Spain;72;2025-11-12T20:15:00+01:00
600;Marginal price Day Ahead market Spain;3;Spain;71.74;2025-11-12T20:30:00+01:00
600;Marginal price Day Ahead market Spain;3;Spain;71.03;2025-11-12T20:45:00+01:00
600;Marginal price Day Ahead market Spain;3;Spain;71.03;2025-11-12T21:00:00+01:00
600;Marginal price Day Ahead market Spain;3;Spain;70;2025-11-12T21:15:00+01:00
600;Marginal price Day Ahead market Spain;3;Spain;63.08;2025-11-12T21:30:00+01:00
600;Marginal price Day Ahead market Spain;3;Spain;58.53;2025-11-12T21:45:00+01:00
600;Marginal price Day Ahead market Spain;3;Spain;55;2025-11-12T22:00:00+01:00
600;Marginal price Day Ahead market Spain;3;Spain;52;2025-11-12T22:15:00+01:00
600;Marginal price Day Ahead market Spain;3;Spain;50.8;2025-11-12T22:30:00+01:00
600;Marginal price Day Ahead market Spain;3;Spain;50;2025-11-12T22:45:00+01:00
600;Marginal price Day Ahead market Spain;3;Spain;45;2025-11-12T23:00:00+01:00
600;Marginal price Day Ahead market Spain;3;Spain;39.7;2025-11-12T23:15:00+01:00
600;Marginal price Day Ahead market Spain;3;Spain;30.35;2025-11-12T23:30:00+01:00
600;Marginal price Day Ahead market Spain;3;Spain;18.37;2025-11-12T23:45:00+01:00
600;Marginal price Day Ahead market Spain;3;Spain;31.65;2025-11-13T00:00:00+01:00
600;Marginal price Day Ahead market Spain;3;Spain;24.8;2025-11-13T00:15:00+01:00
600;Marginal price Day Ahead market Spain;3;Spain;21.62;2025-11-13T00:30:00+01:00
600;Marginal price Day Ahead market Spain;3;Spain;20;2025-11-13T00:45:00+01:00
600;Marginal price Day Ahead market Spain;3;Spain;25;2025-11-13T01:00:00+01:00
600;Marginal price Day Ahead market Spain;3;Spain;22.6;2025-11-13T01:15:00+01:00
600;Marginal price Day Ahead market Spain;3;Spain;20.82;2025-11-13T01:30:00+01:00
600;Marginal price Day Ahead market Spain;3;Spain;17.81;2025-11-13T01:45:00+01:00
600;Marginal price Day Ahead market Spain;3;Spain;17.81;2025-11-13T02:00:00+01:00
600;Marginal price Day Ahead market Spain;3;Spain;16.9;2025-11-13T02:15:00+01:00
600;Marginal price Day Ahead market Spain;3;Spain;17.55;2025-11-13T02:30:00+01:00
600;Marginal price Day Ahead market Spain;3;Spain;16.79;2025-11-13T02:45:00+01:00
600;Marginal price Day Ahead market Spain;3;Spain;14.6;2025-11-13T03:00:00+01:00
600;Marginal price Day Ahead market Spain;3;Spain;14;2025-11-13T03:15:00+01:00
600;Marginal price Day Ahead market Spain;3;Spain;14;2025-11-13T03:30:00+01:00
600;Marginal price Day Ahead market Spain;3;Spain;14.33;2025-11-13T03:45:00+01:00
600;Marginal price Day Ahead market Spain;3;Spain;14;2025-11-13T04:00:00+01:00
600;Marginal price Day Ahead market Spain;3;Spain;13;2025-11-13T04:15:00+01:00
600;Marginal price Day Ahead market Spain;3;Spain;14;2025-11-13T04:30:00+01:00
600;Marginal price Day Ahead market Spain;3;Spain;14.6;2025-11-13T04:45:00+01:00
600;Marginal price Day Ahead market Spain;3;Spain;14.6;2025-11-13T05:00:00+01:00
600;Marginal price Day Ahead market Spain;3;Spain;16.9;2025-11-13T05:15:00+01:00
600;Marginal price Day Ahead market Spain;3;Spain;17.55;2025-11-13T05:30:00+01:00
600;Marginal price Day Ahead market Spain;3;Spain;18.98;2025-11-13T05:45:00+01:00
600;Marginal price Day Ahead market Spain;3;Spain;19.1;2025-11-13T06:00:00+01:00
600;Marginal price Day Ahead market Spain;3;Spain;25;2025-11-13T06:15:00+01:00
600;Marginal price Day Ahead market Spain;3;Spain;35;2025-11-13T06:30:00+01:00
600;Marginal price Day Ahead market Spain;3;Spain;41.64;2025-11-13T06:45:00+01:00
600;Marginal price Day Ahead market Spain;3;Spain;42.8;2025-11-13T07:00:00+01:00
600;Marginal price Day Ahead market Spain;3;Spain;45;2025-11-13T07:15:00+01:00
600;Marginal price Day Ahead market Spain;3;Spain;47;2025-11-13T07:30:00+01:00
600;Marginal price Day Ahead market Spain;3;Spain;48.67;2025-11-13T07:45:00+01:00
600;Marginal price Day Ahead market Spain;3;Spain;54.74;2025-11-13T08:00:00+01:00
600;Marginal price Day Ahead market Spain;3;Spain;50;2025-11-13T08:15:00+01:00
600;Marginal price Day Ahead market Spain;3;Spain;50;2025-11-13T08:30:00+01:00
600;Marginal price Day Ahead market Spain;3;Spain;45.26;2025-11-13T08:45:00+01:00
600;Marginal price Day Ahead market Spain;3;Spain;47.45;2025-11-13T09:00:00+01:00
600;Marginal price Day Ahead market Spain;3;Spain;45;2025-11-13T09:15:00+01:00
600;Marginal price Day Ahead market Spain;3;Spain;43.28;2025-11-13T09:30:00+01:00
600;Marginal price Day Ahead market Spain;3;Spain;36.39;2025-11-13T09:45:00+01:00
600;Marginal price Day Ahead market Spain;3;Spain;35.1;2025-11-13T10:00:00+01:00
600;Marginal price Day Ahead market Spain;3;Spain;34.26;2025-11-13T10:15:00+01:00
600;Marginal price Day Ahead market Spain;3;Spain;29.6;2025-11-13T10:30:00+01:00
600;Marginal price Day Ahead market Spain;3;Spain;22.6;2025-11-13T10:45:00+01:00
600;Marginal price Day Ahead market Spain;3;Spain;22.6;2025-11-13T11:00:00+01:00
600;Marginal price Day Ahead market Spain;3;Spain;22.22;2025-11-13T11:15:00+01:00
600;Marginal price Day Ahead market Spain;3;Spain;21.97;2025-11-13T11:30:00+01:00
600;Marginal price Day Ahead market Spain;3;Spain;20;2025-11-13T11:45:00+01:00
600;Marginal price Day Ahead market Spain;3;Spain;22.43;2025-11-13T12:00:00+01:00
600;Marginal price Day Ahead market Spain;3;Spain;22.43;2025-11-13T12:15:00+01:00
600;Marginal price Day Ahead market Spain;3;Spain;21.97;2025-11-13T12:30:00+01:00
600;Marginal price Day Ahead market Spain;3;Spain;22.22;2025-11-13T12:45:00+01:00
600;Marginal price Day Ahead market Spain;3;Spain;21.97;2025-11-13T13:00:00+01:00
600;Marginal price Day Ahead market Spain;3;Spain;21.97;2025-11-13T13:15:00+01:00
600;Marginal price Day Ahead market Spain;3;Spain;20;2025-11-13T13:30:00+01:00
600;Marginal price Day Ahead market Spain;3;Spain;20;2025-11-13T13:45:00+01:00
600;Marginal price Day Ahead market Spain;3;Spain;20;2025-11-13T14:00:00+01:00
600;Marginal price Day Ahead market Spain;3;Spain;22.22;2025-11-13T14:15:00+01:00
600;Marginal price Day Ahead market Spain;3;Spain;22.43;2025-11-13T14:30:00+01:00
600;Marginal price Day Ahead market Spain;3;Spain;22.6;2025-11-13T14:45:00+01:00
600;Marginal price Day Ahead market Spain;3;Spain;23.25;2025-11-13T15:00:00+01:00
600;Marginal price Day Ahead market Spain;3;Spain;25.67;2025-11-13T15:15:00+01:00
600;Marginal price Day Ahead market Spain;3;Spain;32.85;2025-11-13T15:30:00+01:00
600;Marginal price Day Ahead market Spain;3;Spain;38.7;2025-11-13T15:45:00+01:00
600;Marginal price Day Ahead market Spain;3;Spain;35;2025-11-13T16:00:00+01:00
600;Marginal price Day Ahead market Spain;3;Spain;35;2025-11-13T16:15:00+01:00
600;Marginal price Day Ahead market Spain;3;Spain;42.1;2025-11-13T16:30:00+01:00
600;Marginal price Day Ahead market Spain;3;Spain;43.28;2025-11-13T16:45:00+01:00
600;Marginal price Day Ahead market Spain;3;Spain;42.1;2025-11-13T17:00:00+01:00
600;Marginal price Day Ahead market Spain;3;Spain;44;2025-11-13T17:15:00+01:00
600;Marginal price Day Ahead market Spain;3;Spain;45.4;2025-11-13T17:30:00+01:00
600;Marginal price Day Ahead market Spain;3;Spain;48.67;2025-11-13T17:45:00+01:00
600;Marginal price Day Ahead market Spain;3;Spain;48.67;2025-11-13T18:00:00+01:00
600;Marginal price Day Ahead market Spain;3;Spain;50;2025-11-13T18:15:00+01:00
600;Marginal price Day Ahead market Spain;3;Spain;54.87;2025-11-13T18:30:00+01:00
600;Marginal price Day Ahead market Spain;3;Spain;62.3;2025-11-13T18:45:00+01:00
600;Marginal price Day Ahead market Spain;3;Spain;55;2025-11-13T19:00:00+01:00
600;Marginal price Day Ahead market Spain;3;Spain;54.48;2025-11-13T19:15:00+01:00
600;Marginal price Day Ahead market Spain;3;Spain;53.01;2025-11-13T19:30:00+01:00
600;Marginal price Day Ahead market Spain;3;Spain;50;2025-11-13T19:45:00+01:00
600;Marginal price Day Ahead market Spain;3;Spain;50;2025-11-13T20:00:00+01:00
600;Marginal price Day Ahead market Spain;3;Spain;50;2025-11-13T20:15:00+01:00
600;Marginal price Day Ahead market Spain;3;Spain;49.91;2025-11-13T20:30:00+01:00
600;Marginal price Day Ahead market Spain;3;Spain;46.84;2025-11-13T20:45:00+01:00
600;Marginal price Day Ahead market Spain;3;Spain;46.31;2025-11-13T21:00:00+01:00
600;Marginal price Day Ahead market Spain;3;Spain;45.26;2025-11-13T21:15:00+01:00
600;Marginal price Day Ahead market Spain;3;Spain;43.76;2025-11-13T21:30:00+01:00
600;Marginal price Day Ahead market Spain;3;Spain;42.8;2025-11-13T21:45:00+01:00
600;Marginal price Day Ahead market Spain;3;Spain;40;2025-11-13T22:00:00+01:00
600;Marginal price Day Ahead market Spain;3;Spain;33.45;2025-11-13T22:15:00+01:00
600;Marginal price Day Ahead market Spain;3;Spain;30;2025-11-13T22:30:00+01:00
600;Marginal price Day Ahead market Spain;3;Spain;30.05;2025-11-13T22:45:00+01:00
600;Marginal price Day Ahead market Spain;3;Spain;28.57;2025-11-13T23:00:00+01:00
600;Marginal price Day Ahead market Spain;3;Spain;24.7;2025-11-13T23:15:00+01:00
600;Marginal price Day Ahead market Spain;3;Spain;20;2025-11-13T23:30:00+01:00
600;Marginal price Day Ahead market Spain;3;Spain;17.55;2025-11-13T23:45:00+01:00
600;Marginal price Day Ahead market Spain;3;Spain;22.81;2025-11-14T00:00:00+01:00
600;Marginal price Day Ahead market Spain;3;Spain;22.68;2025-11-14T00:15:00+01:00
600;Marginal price Day Ahead market Spain;3;Spain;15.2;2025-11-14T00:30:00+01:00
600;Marginal price Day Ahead market Spain;3;Spain;16.9;2025-11-14T00:45:00+01:00
600;Marginal price Day Ahead market Spain;3;Spain;22.55;2025-11-14T01:00:00+01:00
600;Marginal price Day Ahead market Spain;3;Spain;20.9;2025-11-14T01:15:00+01:00
600;Marginal price Day Ahead market Spain;3;Spain;17.64;2025-11-14T01:30:00+01:00
600;Marginal price Day Ahead market Spain;3;Spain;16.68;2025-11-14T01:45:00+01:00
600;Marginal price Day Ahead market Spain;3;Spain;15.05;2025-11-14T02:00:00+01:00
600;Marginal price Day Ahead market Spain;3;Spain;13.73;2025-11-14T02:15:00+01:00
600;Marginal price Day Ahead market Spain;3;Spain;10.49;2025-11-14T02:30:00+01:00
600;Marginal price Day Ahead market Spain;3;Spain;11.64;2025-11-14T02:45:00+01:00
600;Marginal price Day Ahead market Spain;3;Spain;12.74;2025-11-14T03:00:00+01:00
600;Marginal price Day Ahead market Spain;3;Spain;10;2025-11-14T03:15:00+01:00
600;Marginal price Day Ahead market Spain;3;Spain;7.19;2025-11-14T03:30:00+01:00
600;Marginal price Day Ahead market Spain;3;Spain;5.77;2025-11-14T03:45:00+01:00
600;Marginal price Day Ahead market Spain;3;Spain;5.33;2025-11-14T04:00:00+01:00
600;Marginal price Day Ahead market Spain;3;Spain;5.11;2025-11-14T04:15:00+01:00
600;Marginal price Day Ahead market Spain;3;Spain;5.11;2025-11-14T04:30:00+01:00
600;Marginal price Day Ahead market Spain;3;Spain;5.71;2025-11-14T04:45:00+01:00
600;Marginal price Day Ahead market Spain;3;Spain;7.96;2025-11-14T05:00:00+01:00
600;Marginal price Day Ahead market Spain;3;Spain;9.24;2025-11-14T05:15:00+01:00
600;Marginal price Day Ahead market Spain;3;Spain;13.38;2025-11-14T05:30:00+01:00
600;Marginal price Day Ahead market Spain;3;Spain;14.88;2025-11-14T05:45:00+01:00
600;Marginal price Day Ahead market Spain;3;Spain;12.7;2025-11-14T06:00:00+01:00
600;Marginal price Day Ahead market Spain;3;Spain;13.66;2025-11-14T06:15:00+01:00
600;Marginal price Day Ahead market Spain;3;Spain;15.71;2025-11-14T06:30:00+01:00
600;Marginal price Day Ahead market Spain;3;Spain;22.68;2025-11-14T06:45:00+01:00
600;Marginal price Day Ahead market Spain;3;Spain;30;2025-11-14T07:00:00+01:00
600;Marginal price Day Ahead market Spain;3;Spain;38.35;2025-11-14T07:15:00+01:00
600;Marginal price Day Ahead market Spain;3;Spain;48.1;2025-11-14T07:30:00+01:00
600;Marginal price Day Ahead market Spain;3;Spain;49.8;2025-11-14T07:45:00+01:00
600;Marginal price Day Ahead market Spain;3;Spain;50.52;2025-11-14T08:00:00+01:00
600;Marginal price Day Ahead market Spain;3;Spain;51;2025-11-14T08:15:00+01:00
600;Marginal price Day Ahead market Spain;3;Spain;50.76;2025-11-14T08:30:00+01:00
600;Marginal price Day Ahead market Spain;3;Spain;50.04;2025-11-14T08:45:00+01:00
600;Marginal price Day Ahead market Spain;3;Spain;49.8;2025-11-14T09:00:00+01:00
600;Marginal price Day Ahead market Spain;3;Spain;40.1;2025-11-14T09:15:00+01:00
600;Marginal price Day Ahead market Spain;3;Spain;29.7;2025-11-14T09:30:00+01:00
600;Marginal price Day Ahead market Spain;3;Spain;19.06;2025-11-14T09:45:00+01:00
600;Marginal price Day Ahead market Spain;3;Spain;27.77;2025-11-14T10:00:00+01:00
600;Marginal price Day Ahead market Spain;3;Spain;12.09;2025-11-14T10:15:00+01:00
600;Marginal price Day Ahead market Spain;3;Spain;8.4;2025-11-14T10:30:00+01:00
600;Marginal price Day Ahead market Spain;3;Spain;10.42;2025-11-14T10:45:00+01:00
600;Marginal price Day Ahead market Spain;3;Spain;20.15;2025-11-14T11:00:00+01:00
600;Marginal price Day Ahead market Spain;3;Spain;21.92;2025-11-14T11:15:00+01:00
600;Marginal price Day Ahead market Spain;3;Spain;16.9;2025-11-14T11:30:00+01:00
600;Marginal price Day Ahead market Spain;3;Spain;16.79;2025-11-14T11:45:00+01:00
600;Marginal price Day Ahead market Spain;3;Spain;21;2025-11-14T12:00:00+01:00
600;Marginal price Day Ahead market Spain;3;Spain;21.84;2025-11-14T12:15:00+01:00
600;Marginal price Day Ahead market Spain;3;Spain;22.55;2025-11-14T12:30:00+01:00
600;Marginal price Day Ahead market Spain;3;Spain;18.73;2025-11-14T12:45:00+01:00
600;Marginal price Day Ahead market Spain;3;Spain;17.74;2025-11-14T13:00:00+01:00
600;Marginal price Day Ahead market Spain;3;Spain;16.9;2025-11-14T13:15:00+01:00
600;Marginal price Day Ahead market Spain;3;Spain;16.9;2025-11-14T13:30:00+01:00
600;Marginal price Day Ahead market Spain;3;Spain;16.79;2025-11-14T13:45:00+01:00
600;Marginal price Day Ahead market Spain;3;Spain;16.79;2025-11-14T14:00:00+01:00
600;Marginal price Day Ahead market Spain;3;Spain;20.56;2025-11-14T14:15:00+01:00
600;Marginal price Day Ahead market Spain;3;Spain;22.81;2025-11-14T14:30:00+01:00
600;Marginal price Day Ahead market Spain;3;Spain;23.07;2025-11-14T14:45:00+01:00
600;Marginal price Day Ahead market Spain;3;Spain;22.85;2025-11-14T15:00:00+01:00
600;Marginal price Day Ahead market Spain;3;Spain;23.2;2025-11-14T15:15:00+01:00
600;Marginal price Day Ahead market Spain;3;Spain;24.43;2025-11-14T15:30:00+01:00
600;Marginal price Day Ahead market Spain;3;Spain;25;2025-11-14T15:45:00+01:00
600;Marginal price Day Ahead market Spain;3;Spain;20.05;2025-11-14T16:00:00+01:00
600;Marginal price Day Ahead market Spain;3;Spain;21.23;2025-11-14T16:15:00+01:00
600;Marginal price Day Ahead market Spain;3;Spain;30.01;2025-11-14T16:30:00+01:00
600;Marginal price Day Ahead market Spain;3;Spain;46.31;2025-11-14T16:45:00+01:00
600;Marginal price Day Ahead market Spain;3;Spain;38.77;2025-11-14T17:00:00+01:00
600;Marginal price Day Ahead market Spain;3;Spain;48.1;2025-11-14T17:15:00+01:00
600;Marginal price Day Ahead market Spain;3;Spain;50.52;2025-11-14T17:30:00+01:00
600;Marginal price Day Ahead market Spain;3;Spain;52.82;2025-11-14T17:45:00+01:00
600;Marginal price Day Ahead market Spain;3;Spain;51.24;2025-11-14T18:00:00+01:00
600;Marginal price Day Ahead market Spain;3;Spain;52.82;2025-11-14T18:15:00+01:00
600;Marginal price Day Ahead market Spain;3;Spain;55.68;2025-11-14T18:30:00+01:00
600;Marginal price Day Ahead market Spain;3;Spain;60;2025-11-14T18:45:00+01:00
600;Marginal price Day Ahead market Spain;3;Spain;60.95;2025-11-14T19:00:00+01:00
600;Marginal price Day Ahead market Spain;3;Spain;62.02;2025-11-14T19:15:00+01:00
600;Marginal price Day Ahead market Spain;3;Spain;55.54;2025-11-14T19:30:00+01:00
600;Marginal price Day Ahead market Spain;3;Spain;53.36;2025-11-14T19:45:00+01:00
600;Marginal price Day Ahead market Spain;3;Spain;60.21;2025-11-14T20:00:00+01:00
600;Marginal price Day Ahead market Spain;3;Spain;55.68;2025-11-14T20:15:00+01:00
600;Marginal price Day Ahead market Spain;3;Spain;52.82;2025-11-14T20:30:00+01:00
600;Marginal price Day Ahead market Spain;3;Spain;51.26;2025-11-14T20:45:00+01:00
600;Marginal price Day Ahead market Spain;3;Spain;51.26;2025-11-14T21:00:00+01:00
600;Marginal price Day Ahead market Spain;3;Spain;50.76;2025-11-14T21:15:00+01:00
600;Marginal price Day Ahead market Spain;3;Spain;50.04;2025-11-14T21:30:00+01:00
600;Marginal price Day Ahead market Spain;3;Spain;45.4;2025-11-14T21:45:00+01:00
600;Marginal price Day Ahead market Spain;3;Spain;45.4;2025-11-14T22:00:00+01:00
600;Marginal price Day Ahead market Spain;3;Spain;39.22;2025-11-14T22:15:00+01:00
600;Marginal price Day Ahead market Spain;3;Spain;41.22;2025-11-14T22:30:00+01:00
600;Marginal price Day Ahead market Spain;3;Spain;39.67;2025-11-14T22:45:00+01:00
600;Marginal price Day Ahead market Spain;3;Spain;40.1;2025-11-14T23:00:00+01:00
600;Marginal price Day Ahead market Spain;3;Spain;33.43;2025-11-14T23:15:00+01:00
600;Marginal price Day Ahead market Spain;3;Spain;30;2025-11-14T23:30:00+01:00
600;Marginal price Day Ahead market Spain;3;Spain;29.6;2025-11-14T23:45:00+01:00
600;Marginal price Day Ahead market Spain;3;Spain;31.5;2025-11-15T00:00:00+01:00
600;Marginal price Day Ahead market Spain;3;Spain;22.2;2025-11-15T00:15:00+01:00
600;Marginal price Day Ahead market Spain;3;Spain;21.14;2025-11-15T00:30:00+01:00
600;Marginal price Day Ahead market Spain;3;Spain;17.11;2025-11-15T00:45:00+01:00
600;Marginal price Day Ahead market Spain;3;Spain;23.04;2025-11-15T01:00:00+01:00
600;Marginal price Day Ahead market Spain;3;Spain;19.1;2025-11-15T01:15:00+01:00
600;Marginal price Day Ahead market Spain;3;Spain;19.51;2025-11-15T01:30:00+01:00
600;Marginal price Day Ahead market Spain;3;Spain;17.37;2025-11-15T01:45:00+01:00
600;Marginal price Day Ahead market Spain;3;Spain;18.92;2025-11-15T02:00:00+01:00
600;Marginal price Day Ahead market Spain;3;Spain;17.37;2025-11-15T02:15:00+01:00
600;Marginal price Day Ahead market Spain;3;Spain;17.11;2025-11-15T02:30:00+01:00
600;Marginal price Day Ahead market Spain;3;Spain;17;2025-11-15T02:45:00+01:00
600;Marginal price Day Ahead market Spain;3;Spain;17.03;2025-11-15T03:00:00+01:00
600;Marginal price Day Ahead market Spain;3;Spain;17.03;2025-11-15T03:15:00+01:00
600;Marginal price Day Ahead market Spain;3;Spain;16.9;2025-11-15T03:30:00+01:00
600;Marginal price Day Ahead market Spain;3;Spain;16.57;2025-11-15T03:45:00+01:00
600;Marginal price Day Ahead market Spain;3;Spain;16.49;2025-11-15T04:00:00+01:00
600;Marginal price Day Ahead market Spain;3;Spain;16.46;2025-11-15T04:15:00+01:00
600;Marginal price Day Ahead market Spain;3;Spain;16.46;2025-11-15T04:30:00+01:00
600;Marginal price Day Ahead market Spain;3;Spain;16.57;2025-11-15T04:45:00+01:00
600;Marginal price Day Ahead market Spain;3;Spain;17.08;2025-11-15T05:00:00+01:00
600;Marginal price Day Ahead market Spain;3;Spain;17.03;2025-11-15T05:15:00+01:00
600;Marginal price Day Ahead market Spain;3;Spain;17.1;2025-11-15T05:30:00+01:00
600;Marginal price Day Ahead market Spain;3;Spain;17.2;2025-11-15T05:45:00+01:00
600;Marginal price Day Ahead market Spain;3;Spain;17.2;2025-11-15T06:00:00+01:00
600;Marginal price Day Ahead market Spain;3;Spain;18.58;2025-11-15T06:15:00+01:00
600;Marginal price Day Ahead market Spain;3;Spain;20;2025-11-15T06:30:00+01:00
600;Marginal price Day Ahead market Spain;3;Spain;22.79;2025-11-15T06:45:00+01:00
600;Marginal price Day Ahead market Spain;3;Spain;20;2025-11-15T07:00:00+01:00
600;Marginal price Day Ahead market Spain;3;Spain;19.59;2025-11-15T07:15:00+01:00
600;Marginal price Day Ahead market Spain;3;Spain;20.61;2025-11-15T07:30:00+01:00
600;Marginal price Day Ahead market Spain;3;Spain;25;2025-11-15T07:45:00+01:00
600;Marginal price Day Ahead market Spain;3;Spain;34;2025-11-15T08:00:00+01:00
600;Marginal price Day Ahead market Spain;3;Spain;34;2025-11-15T08:15:00+01:00
600;Marginal price Day Ahead market Spain;3;Spain;29.9;2025-11-15T08:30:00+01:00
600;Marginal price Day Ahead market Spain;3;Spain;25;2025-11-15T08:45:00+01:00
600;Marginal price Day Ahead market Spain;3;Spain;35.01;2025-11-15T09:00:00+01:00
600;Marginal price Day Ahead market Spain;3;Spain;30;2025-11-15T09:15:00+01:00
600;Marginal price Day Ahead market Spain;3;Spain;31.5;2025-11-15T09:30:00+01:00
600;Marginal price Day Ahead market Spain;3;Spain;18.91;2025-11-15T09:45:00+01:00
600;Marginal price Day Ahead market Spain;3;Spain;33;2025-11-15T10:00:00+01:00
600;Marginal price Day Ahead market Spain;3;Spain;21.8;2025-11-15T10:15:00+01:00
600;Marginal price Day Ahead market Spain;3;Spain;23.98;2025-11-15T10:30:00+01:00
600;Marginal price Day Ahead market Spain;3;Spain;18.49;2025-11-15T10:45:00+01:00
600;Marginal price Day Ahead market Spain;3;Spain;19.57;2025-11-15T11:00:00+01:00
600;Marginal price Day Ahead market Spain;3;Spain;18.07;2025-11-15T11:15:00+01:00
600;Marginal price Day Ahead market Spain;3;Spain;17.5;2025-11-15T11:30:00+01:00
600;Marginal price Day Ahead market Spain;3;Spain;17.5;2025-11-15T11:45:00+01:00
600;Marginal price Day Ahead market Spain;3;Spain;21.1;2025-11-15T12:00:00+01:00
600;Marginal price Day Ahead market Spain;3;Spain;20.31;2025-11-15T12:15:00+01:00
600;Marginal price Day Ahead market Spain;3;Spain;24.43;2025-11-15T12:30:00+01:00
600;Marginal price Day Ahead market Spain;3;Spain;26.33;2025-11-15T12:45:00+01:00
600;Marginal price Day Ahead market Spain;3;Spain;21.63;2025-11-15T13:00:00+01:00
600;Marginal price Day Ahead market Spain;3;Spain;24.38;2025-11-15T13:15:00+01:00
600;Marginal price Day Ahead market Spain;3;Spain;23.77;2025-11-15T13:30:00+01:00
600;Marginal price Day Ahead market Spain;3;Spain;28.6;2025-11-15T13:45:00+01:00
600;Marginal price Day Ahead market Spain;3;Spain;25;2025-11-15T14:00:00+01:00
600;Marginal price Day Ahead market Spain;3;Spain;32;2025-11-15T14:15:00+01:00
600;Marginal price Day Ahead market Spain;3;Spain;35.01;2025-11-15T14:30:00+01:00
600;Marginal price Day Ahead market Spain;3;Spain;35.01;2025-11-15T14:45:00+01:00
600;Marginal price Day Ahead market Spain;3;Spain;35;2025-11-15T15:00:00+01:00
600;Marginal price Day Ahead market Spain;3;Spain;35.01;2025-11-15T15:15:00+01:00
600;Marginal price Day Ahead market Spain;3;Spain;35.01;2025-11-15T15:30:00+01:00
600;Marginal price Day Ahead market Spain;3;Spain;39.37;2025-11-15T15:45:00+01:00
600;Marginal price Day Ahead market Spain;3;Spain;35.02;2025-11-15T16:00:00+01:00
600;Marginal price Day Ahead market Spain;3;Spain;39.37;2025-11-15T16:15:00+01:00
600;Marginal price Day Ahead market Spain;3;Spain;42.65;2025-11-15T16:30:00+01:00
600;Marginal price Day Ahead market Spain;3;Spain;45.92;2025-11-15T16:45:00+01:00
600;Marginal price Day Ahead market Spain;3;Spain;40;2025-11-15T17:00:00+01:00
600;Marginal price Day Ahead market Spain;3;Spain;46.31;2025-11-15T17:15:00+01:00
600;Marginal price Day Ahead market Spain;3;Spain;50;2025-11-15T17:30:00+01:00
600;Marginal price Day Ahead market Spain;3;Spain;56.35;2025-11-15T17:45:00+01:00
600;Marginal price Day Ahead market Spain;3;Spain;55.57;2025-11-15T18:00:00+01:00
600;Marginal price Day Ahead market Spain;3;Spain;61.5;2025-11-15T18:15:00+01:00
600;Marginal price Day Ahead market Spain;3;Spain;69.68;2025-11-15T18:30:00+01:00
600;Marginal price Day Ahead market Spain;3;Spain;73.46;2025-11-15T18:45:00+01:00
600;Marginal price Day Ahead market Spain;3;Spain;63.37;2025-11-15T19:00:00+01:00
600;Marginal price Day Ahead market Spain;3;Spain;60.72;2025-11-15T19:15:00+01:00
600;Marginal price Day Ahead market Spain;3;Spain;56;2025-11-15T19:30:00+01:00
600;Marginal price Day Ahead market Spain;3;Spain;54.38;2025-11-15T19:45:00+01:00
600;Marginal price Day Ahead market Spain;3;Spain;51.26;2025-11-15T20:00:00+01:00
600;Marginal price Day Ahead market Spain;3;Spain;50;2025-11-15T20:15:00+01:00
600;Marginal price Day Ahead market Spain;3;Spain;46.16;2025-11-15T20:30:00+01:00
600;Marginal price Day Ahead market Spain;3;Spain;45.68;2025-11-15T20:45:00+01:00
600;Marginal price Day Ahead market Spain;3;Spain;49.64;2025-11-15T21:00:00+01:00
600;Marginal price Day Ahead market Spain;3;Spain;46.16;2025-11-15T21:15:00+01:00
600;Marginal price Day Ahead market Spain;3;Spain;45.44;2025-11-15T21:30:00+01:00
600;Marginal price Day Ahead market Spain;3;Spain;39.77;2025-11-15T21:45:00+01:00
600;Marginal price Day Ahead market Spain;3;Spain;44.74;2025-11-15T22:00:00+01:00
600;Marginal price Day Ahead market Spain;3;Spain;39.77;2025-11-15T22:15:00+01:00
600;Marginal price Day Ahead market Spain;3;Spain;40.83;2025-11-15T22:30:00+01:00
600;Marginal price Day Ahead market Spain;3;Spain;39.37;2025-11-15T22:45:00+01:00
600;Marginal price Day Ahead market Spain;3;Spain;42.99;2025-11-15T23:00:00+01:00
600;Marginal price Day Ahead market Spain;3;Spain;39.37;2025-11-15T23:15:00+01:00
600;Marginal price Day Ahead market Spain;3;Spain;36.68;2025-11-15T23:30:00+01:00
600;Marginal price Day Ahead market Spain;3;Spain;35.02;2025-11-15T23:45:00+01:00
600;Marginal price Day Ahead market Spain;3;Spain;45;2025-11-16T00:00:00+01:00
600;Marginal price Day Ahead market Spain;3;Spain;41.36;2025-11-16T00:15:00+01:00
600;Marginal price Day Ahead market Spain;3;Spain;29.9;2025-11-16T00:30:00+01:00
600;Marginal price Day Ahead market Spain;3;Spain;25;2025-11-16T00:45:00+01:00
600;Marginal price Day Ahead market Spain;3;Spain;33.12;2025-11-16T01:00:00+01:00
600;Marginal price Day Ahead market Spain;3;Spain;29.8;2025-11-16T01:15:00+01:00
600;Marginal price Day Ahead market Spain;3;Spain;29.9;2025-11-16T01:30:00+01:00
600;Marginal price Day Ahead market Spain;3;Spain;25;2025-11-16T01:45:00+01:00
600;Marginal price Day Ahead market Spain;3;Spain;29.7;2025-11-16T02:00:00+01:00
600;Marginal price Day Ahead market Spain;3;Spain;24.19;2025-11-16T02:15:00+01:00
600;Marginal price Day Ahead market Spain;3;Spain;25;2025-11-16T02:30:00+01:00
600;Marginal price Day Ahead market Spain;3;Spain;24.2;2025-11-16T02:45:00+01:00
600;Marginal price Day Ahead market Spain;3;Spain;24.2;2025-11-16T03:00:00+01:00
600;Marginal price Day Ahead market Spain;3;Spain;23.5;2025-11-16T03:15:00+01:00
600;Marginal price Day Ahead market Spain;3;Spain;23.37;2025-11-16T03:30:00+01:00
600;Marginal price Day Ahead market Spain;3;Spain;23.24;2025-11-16T03:45:00+01:00
600;Marginal price Day Ahead market Spain;3;Spain;23.11;2025-11-16T04:00:00+01:00
600;Marginal price Day Ahead market Spain;3;Spain;22.98;2025-11-16T04:15:00+01:00
600;Marginal price Day Ahead market Spain;3;Spain;22.85;2025-11-16T04:30:00+01:00
600;Marginal price Day Ahead market Spain;3;Spain;22.85;2025-11-16T04:45:00+01:00
600;Marginal price Day Ahead market Spain;3;Spain;22.98;2025-11-16T05:00:00+01:00
600;Marginal price Day Ahead market Spain;3;Spain;22.98;2025-11-16T05:15:00+01:00
600;Marginal price Day Ahead market Spain;3;Spain;23.11;2025-11-16T05:30:00+01:00
600;Marginal price Day Ahead market Spain;3;Spain;23.24;2025-11-16T05:45:00+01:00
600;Marginal price Day Ahead market Spain;3;Spain;23.82;2025-11-16T06:00:00+01:00
600;Marginal price Day Ahead market Spain;3;Spain;24;2025-11-16T06:15:00+01:00
600;Marginal price Day Ahead market Spain;3;Spain;24.72;2025-11-16T06:30:00+01:00
600;Marginal price Day Ahead market Spain;3;Spain;23.82;2025-11-16T06:45:00+01:00
600;Marginal price Day Ahead market Spain;3;Spain;28.49;2025-11-16T07:00:00+01:00
600;Marginal price Day Ahead market Spain;3;Spain;32.1;2025-11-16T07:15:00+01:00
600;Marginal price Day Ahead market Spain;3;Spain;31;2025-11-16T07:30:00+01:00
600;Marginal price Day Ahead market Spain;3;Spain;32.72;2025-11-16T07:45:00+01:00
600;Marginal price Day Ahead market Spain;3;Spain;23.82;2025-11-16T08:00:00+01:00
600;Marginal price Day Ahead market Spain;3;Spain;23.11;2025-11-16T08:15:00+01:00
600;Marginal price Day Ahead market Spain;3;Spain;23.5;2025-11-16T08:30:00+01:00
600;Marginal price Day Ahead market Spain;3;Spain;21.46;2025-11-16T08:45:00+01:00
600;Marginal price Day Ahead market Spain;3;Spain;23.11;2025-11-16T09:00:00+01:00
600;Marginal price Day Ahead market Spain;3;Spain;19.25;2025-11-16T09:15:00+01:00
600;Marginal price Day Ahead market Spain;3;Spain;15;2025-11-16T09:30:00+01:00
600;Marginal price Day Ahead market Spain;3;Spain;5.96;2025-11-16T09:45:00+01:00
600;Marginal price Day Ahead market Spain;3;Spain;3.52;2025-11-16T10:00:00+01:00
600;Marginal price Day Ahead market Spain;3;Spain;3.52;2025-11-16T10:15:00+01:00
600;Marginal price Day Ahead market Spain;3;Spain;3.52;2025-11-16T10:30:00+01:00
600;Marginal price Day Ahead market Spain;3;Spain;1.55;2025-11-16T10:45:00+01:00
600;Marginal price Day Ahead market Spain;3;Spain;0.65;2025-11-16T11:00:00+01:00
600;Marginal price Day Ahead market Spain;3;Spain;0.16;2025-11-16T11:15:00+01:00
600;Marginal price Day Ahead market Spain;3;Spain;0.16;2025-11-16T11:30:00+01:00
600;Marginal price Day Ahead market Spain;3;Spain;0.01;2025-11-16T11:45:00+01:00
600;Marginal price Day Ahead market Spain;3;Spain;0;2025-11-16T12:00:00+01:00
600;Marginal price Day Ahead market Spain;3;Spain;0;2025-11-16T12:15:00+01:00
600;Marginal price Day Ahead market Spain;3;Spain;0;2025-11-16T12:30:00+01:00
600;Marginal price Day Ahead market Spain;3;Spain;0;2025-11-16T12:45:00+01:00
600;Marginal price Day Ahead market Spain;3;Spain;0;2025-11-16T13:00:00+01:00
600;Marginal price Day Ahead market Spain;3;Spain;0.01;2025-11-16T13:15:00+01:00
600;Marginal price Day Ahead market Spain;3;Spain;0.01;2025-11-16T13:30:00+01:00
600;Marginal price Day Ahead market Spain;3;Spain;0.01;2025-11-16T13:45:00+01:00
600;Marginal price Day Ahead market Spain;3;Spain;0.1;2025-11-16T14:00:00+01:00
600;Marginal price Day Ahead market Spain;3;Spain;0.1;2025-11-16T14:15:00+01:00
600;Marginal price Day Ahead market Spain;3;Spain;0.16;2025-11-16T14:30:00+01:00
600;Marginal price Day Ahead market Spain;3;Spain;0.65;2025-11-16T14:45:00+01:00
600;Marginal price Day Ahead market Spain;3;Spain;1.72;2025-11-16T15:00:00+01:00
600;Marginal price Day Ahead market Spain;3;Spain;3.52;2025-11-16T15:15:00+01:00
600;Marginal price Day Ahead market Spain;3;Spain;3.52;2025-11-16T15:30:00+01:00
600;Marginal price Day Ahead market Spain;3;Spain;5.79;2025-11-16T15:45:00+01:00
600;Marginal price Day Ahead market Spain;3;Spain;12.14;2025-11-16T16:00:00+01:00
600;Marginal price Day Ahead market Spain;3;Spain;17.62;2025-11-16T16:15:00+01:00
600;Marginal price Day Ahead market Spain;3;Spain;20.7;2025-11-16T16:30:00+01:00
600;Marginal price Day Ahead market Spain;3;Spain;29.8;2025-11-16T16:45:00+01:00
600;Marginal price Day Ahead market Spain;3;Spain;35.4;2025-11-16T17:00:00+01:00
600;Marginal price Day Ahead market Spain;3;Spain;49.44;2025-11-16T17:15:00+01:00
600;Marginal price Day Ahead market Spain;3;Spain;54.12;2025-11-16T17:30:00+01:00
600;Marginal price Day Ahead market Spain;3;Spain;70;2025-11-16T17:45:00+01:00
600;Marginal price Day Ahead market Spain;3;Spain;59.46;2025-11-16T18:00:00+01:00
600;Marginal price Day Ahead market Spain;3;Spain;70.99;2025-11-16T18:15:00+01:00
600;Marginal price Day Ahead market Spain;3;Spain;75;2025-11-16T18:30:00+01:00
600;Marginal price Day Ahead market Spain;3;Spain;85;2025-11-16T18:45:00+01:00
600;Marginal price Day Ahead market Spain;3;Spain;80.8;2025-11-16T19:00:00+01:00
600;Marginal price Day Ahead market Spain;3;Spain;80.96;2025-11-16T19:15:00+01:00
600;Marginal price Day Ahead market Spain;3;Spain;83;2025-11-16T19:30:00+01:00
600;Marginal price Day Ahead market Spain;3;Spain;85;2025-11-16T19:45:00+01:00
600;Marginal price Day Ahead market Spain;3;Spain;86.68;2025-11-16T20:00:00+01:00
600;Marginal price Day Ahead market Spain;3;Spain;88.53;2025-11-16T20:15:00+01:00
600;Marginal price Day Ahead market Spain;3;Spain;95;2025-11-16T20:30:00+01:00
600;Marginal price Day Ahead market Spain;3;Spain;96.14;2025-11-16T20:45:00+01:00
600;Marginal price Day Ahead market Spain;3;Spain;100;2025-11-16T21:00:00+01:00
600;Marginal price Day Ahead market Spain;3;Spain;100;2025-11-16T21:15:00+01:00
600;Marginal price Day Ahead market Spain;3;Spain;97.69;2025-11-16T21:30:00+01:00
600;Marginal price Day Ahead market Spain;3;Spain;86.84;2025-11-16T21:45:00+01:00
600;Marginal price Day Ahead market Spain;3;Spain;85.35;2025-11-16T22:00:00+01:00
600;Marginal price Day Ahead market Spain;3;Spain;80;2025-11-16T22:15:00+01:00
600;Marginal price Day Ahead market Spain;3;Spain;74.97;2025-11-16T22:30:00+01:00
600;Marginal price Day Ahead market Spain;3;Spain;73;2025-11-16T22:45:00+01:00
600;Marginal price Day Ahead market Spain;3;Spain;73.91;2025-11-16T23:00:00+01:00
600;Marginal price Day Ahead market Spain;3;Spain;69;2025-11-16T23:15:00+01:00
600;Marginal price Day Ahead market Spain;3;Spain;60.31;2025-11-16T23:30:00+01:00
600;Marginal price Day Ahead market Spain;3;Spain;55.35;2025-11-16T23:45:00+01:00
600;Marginal price Day Ahead market Spain;3;Spain;85.04;2025-11-17T00:00:00+01:00
600;Marginal price Day Ahead market Spain;3;Spain;79.7;2025-11-17T00:15:00+01:00
600;Marginal price Day Ahead market Spain;3;Spain;73.36;2025-11-17T00:30:00+01:00
600;Marginal price Day Ahead market Spain;3;Spain;72.02;2025-11-17T00:45:00+01:00
600;Marginal price Day Ahead market Spain;3;Spain;72.17;2025-11-17T01:00:00+01:00
600;Marginal price Day Ahead market Spain;3;Spain;72.02;2025-11-17T01:15:00+01:00
600;Marginal price Day Ahead market Spain;3;Spain;69.05;2025-11-17T01:30:00+01:00
600;Marginal price Day Ahead market Spain;3;Spain;66.94;2025-11-17T01:45:00+01:00
600;Marginal price Day Ahead market Spain;3;Spain;66.94;2025-11-17T02:00:00+01:00
600;Marginal price Day Ahead market Spain;3;Spain;66;2025-11-17T02:15:00+01:00
600;Marginal price Day Ahead market Spain;3;Spain;66;2025-11-17T02:30:00+01:00
600;Marginal price Day Ahead market Spain;3;Spain;66;2025-11-17T02:45:00+01:00
600;Marginal price Day Ahead market Spain;3;Spain;65.36;2025-11-17T03:00:00+01:00
600;Marginal price Day Ahead market Spain;3;Spain;65.36;2025-11-17T03:15:00+01:00
600;Marginal price Day Ahead market Spain;3;Spain;65.36;2025-11-17T03:30:00+01:00
600;Marginal price Day Ahead market Spain;3;Spain;65.36;2025-11-17T03:45:00+01:00
600;Marginal price Day Ahead market Spain;3;Spain;65.36;2025-11-17T04:00:00+01:00
600;Marginal price Day Ahead market Spain;3;Spain;65.36;2025-11-17T04:15:00+01:00
600;Marginal price Day Ahead market Spain;3;Spain;66;2025-11-17T04:30:00+01:00
600;Marginal price Day Ahead market Spain;3;Spain;66.94;2025-11-17T04:45:00+01:00
600;Marginal price Day Ahead market Spain;3;Spain;70.18;2025-11-17T05:00:00+01:00
600;Marginal price Day Ahead market Spain;3;Spain;72.02;2025-11-17T05:15:00+01:00
600;Marginal price Day Ahead market Spain;3;Spain;72.17;2025-11-17T05:30:00+01:00
600;Marginal price Day Ahead market Spain;3;Spain;83;2025-11-17T05:45:00+01:00
600;Marginal price Day Ahead market Spain;3;Spain;80.85;2025-11-17T06:00:00+01:00
600;Marginal price Day Ahead market Spain;3;Spain;87.03;2025-11-17T06:15:00+01:00
600;Marginal price Day Ahead market Spain;3;Spain;95;2025-11-17T06:30:00+01:00
600;Marginal price Day Ahead market Spain;3;Spain;104.58;2025-11-17T06:45:00+01:00
600;Marginal price Day Ahead market Spain;3;Spain;107.98;2025-11-17T07:00:00+01:00
600;Marginal price Day Ahead market Spain;3;Spain;122.62;2025-11-17T07:15:00+01:00
600;Marginal price Day Ahead market Spain;3;Spain;135.1;2025-11-17T07:30:00+01:00
600;Marginal price Day Ahead market Spain;3;Spain;137;2025-11-17T07:45:00+01:00
600;Marginal price Day Ahead market Spain;3;Spain;154.48;2025-11-17T08:00:00+01:00
600;Marginal price Day Ahead market Spain;3;Spain;137.95;2025-11-17T08:15:00+01:00
600;Marginal price Day Ahead market Spain;3;Spain;135.1;2025-11-17T08:30:00+01:00
600;Marginal price Day Ahead market Spain;3;Spain;118.16;2025-11-17T08:45:00+01:00
600;Marginal price Day Ahead market Spain;3;Spain;104.58;2025-11-17T09:00:00+01:00
600;Marginal price Day Ahead market Spain;3;Spain;87.03;2025-11-17T09:15:00+01:00
600;Marginal price Day Ahead market Spain;3;Spain;73.25;2025-11-17T09:30:00+01:00
600;Marginal price Day Ahead market Spain;3;Spain;64.81;2025-11-17T09:45:00+01:00
600;Marginal price Day Ahead market Spain;3;Spain;76.03;2025-11-17T10:00:00+01:00
600;Marginal price Day Ahead market Spain;3;Spain;66;2025-11-17T10:15:00+01:00
600;Marginal price Day Ahead market Spain;3;Spain;63.16;2025-11-17T10:30:00+01:00
600;Marginal price Day Ahead market Spain;3;Spain;62.2;2025-11-17T10:45:00+01:00
600;Marginal price Day Ahead market Spain;3;Spain;63.4;2025-11-17T11:00:00+01:00
600;Marginal price Day Ahead market Spain;3;Spain;62.1;2025-11-17T11:15:00+01:00
600;Marginal price Day Ahead market Spain;3;Spain;54;2025-11-17T11:30:00+01:00
600;Marginal price Day Ahead market Spain;3;Spain;49.24;2025-11-17T11:45:00+01:00
600;Marginal price Day Ahead market Spain;3;Spain;58.49;2025-11-17T12:00:00+01:00
600;Marginal price Day Ahead market Spain;3;Spain;53.26;2025-11-17T12:15:00+01:00
600;Marginal price Day Ahead market Spain;3;Spain;50.83;2025-11-17T12:30:00+01:00
600;Marginal price Day Ahead market Spain;3;Spain;41.21;2025-11-17T12:45:00+01:00
600;Marginal price Day Ahead market Spain;3;Spain;40.37;2025-11-17T13:00:00+01:00
600;Marginal price Day Ahead market Spain;3;Spain;39.85;2025-11-17T13:15:00+01:00
600;Marginal price Day Ahead market Spain;3;Spain;38.3;2025-11-17T13:30:00+01:00
600;Marginal price Day Ahead market Spain;3;Spain;37.88;2025-11-17T13:45:00+01:00
600;Marginal price Day Ahead market Spain;3;Spain;35;2025-11-17T14:00:00+01:00
600;Marginal price Day Ahead market Spain;3;Spain;38.27;2025-11-17T14:15:00+01:00
600;Marginal price Day Ahead market Spain;3;Spain;38.09;2025-11-17T14:30:00+01:00
600;Marginal price Day Ahead market Spain;3;Spain;39.12;2025-11-17T14:45:00+01:00
600;Marginal price Day Ahead market Spain;3;Spain;39.98;2025-11-17T15:00:00+01:00
600;Marginal price Day Ahead market Spain;3;Spain;40.24;2025-11-17T15:15:00+01:00
600;Marginal price Day Ahead market Spain;3;Spain;45.81;2025-11-17T15:30:00+01:00
600;Marginal price Day Ahead market Spain;3;Spain;60;2025-11-17T15:45:00+01:00
600;Marginal price Day Ahead market Spain;3;Spain;55.04;2025-11-17T16:00:00+01:00
600;Marginal price Day Ahead market Spain;3;Spain;63.3;2025-11-17T16:15:00+01:00
600;Marginal price Day Ahead market Spain;3;Spain;72.17;2025-11-17T16:30:00+01:00
600;Marginal price Day Ahead market Spain;3;Spain;86.92;2025-11-17T16:45:00+01:00
600;Marginal price Day Ahead market Spain;3;Spain;79.7;2025-11-17T17:00:00+01:00
600;Marginal price Day Ahead market Spain;3;Spain;87;2025-11-17T17:15:00+01:00
600;Marginal price Day Ahead market Spain;3;Spain;98.27;2025-11-17T17:30:00+01:00
600;Marginal price Day Ahead market Spain;3;Spain;105;2025-11-17T17:45:00+01:00
600;Marginal price Day Ahead market Spain;3;Spain;105;2025-11-17T18:00:00+01:00
600;Marginal price Day Ahead market Spain;3;Spain;114.32;2025-11-17T18:15:00+01:00
600;Marginal price Day Ahead market Spain;3;Spain;115.85;2025-11-17T18:30:00+01:00
600;Marginal price Day Ahead market Spain;3;Spain;116.1;2025-11-17T18:45:00+01:00
600;Marginal price Day Ahead market Spain;3;Spain;114.59;2025-11-17T19:00:00+01:00
600;Marginal price Day Ahead market Spain;3;Spain;112.22;2025-11-17T19:15:00+01:00
600;Marginal price Day Ahead market Spain;3;Spain;108.72;2025-11-17T19:30:00+01:00
600;Marginal price Day Ahead market Spain;3;Spain;107.41;2025-11-17T19:45:00+01:00
600;Marginal price Day Ahead market Spain;3;Spain;107.98;2025-11-17T20:00:00+01:00
600;Marginal price Day Ahead market Spain;3;Spain;107.4;2025-11-17T20:15:00+01:00
600;Marginal price Day Ahead market Spain;3;Spain;104.54;2025-11-17T20:30:00+01:00
600;Marginal price Day Ahead market Spain;3;Spain;95;2025-11-17T20:45:00+01:00
600;Marginal price Day Ahead market Spain;3;Spain;95;2025-11-17T21:00:00+01:00
600;Marginal price Day Ahead market Spain;3;Spain;93.37;2025-11-17T21:15:00+01:00
600;Marginal price Day Ahead market Spain;3;Spain;87.03;2025-11-17T21:30:00+01:00
600;Marginal price Day Ahead market Spain;3;Spain;85.35;2025-11-17T21:45:00+01:00
600;Marginal price Day Ahead market Spain;3;Spain;90.62;2025-11-17T22:00:00+01:00
600;Marginal price Day Ahead market Spain;3;Spain;87.5;2025-11-17T22:15:00+01:00
600;Marginal price Day Ahead market Spain;3;Spain;87.03;2025-11-17T22:30:00+01:00
600;Marginal price Day Ahead market Spain;3;Spain;84.72;2025-11-17T22:45:00+01:00
600;Marginal price Day Ahead market Spain;3;Spain;87.03;2025-11-17T23:00:00+01:00
600;Marginal price Day Ahead market Spain;3;Spain;83.22;2025-11-17T23:15:00+01:00
600;Marginal price Day Ahead market Spain;3;Spain;78.39;2025-11-17T23:30:00+01:00
600;Marginal price Day Ahead market Spain;3;Spain;72;2025-11-17T23:45:00+01:00
600;Marginal price Day Ahead market Spain;3;Spain;89.07;2025-11-18T00:00:00+01:00
600;Marginal price Day Ahead market Spain;3;Spain;83.52;2025-11-18T00:15:00+01:00
600;Marginal price Day Ahead market Spain;3;Spain;73.38;2025-11-18T00:30:00+01:00
600;Marginal price Day Ahead market Spain;3;Spain;70;2025-11-18T00:45:00+01:00
600;Marginal price Day Ahead market Spain;3;Spain;79.7;2025-11-18T01:00:00+01:00
600;Marginal price Day Ahead market Spain;3;Spain;75.99;2025-11-18T01:15:00+01:00
600;Marginal price Day Ahead market Spain;3;Spain;74.06;2025-11-18T01:30:00+01:00
600;Marginal price Day Ahead market Spain;3;Spain;72.02;2025-11-18T01:45:00+01:00
600;Marginal price Day Ahead market Spain;3;Spain;72.02;2025-11-18T02:00:00+01:00
600;Marginal price Day Ahead market Spain;3;Spain;72.02;2025-11-18T02:15:00+01:00
600;Marginal price Day Ahead market Spain;3;Spain;72.02;2025-11-18T02:30:00+01:00
600;Marginal price Day Ahead market Spain;3;Spain;70.05;2025-11-18T02:45:00+01:00
600;Marginal price Day Ahead market Spain;3;Spain;72.02;2025-11-18T03:00:00+01:00
600;Marginal price Day Ahead market Spain;3;Spain;70;2025-11-18T03:15:00+01:00
600;Marginal price Day Ahead market Spain;3;Spain;68.06;2025-11-18T03:30:00+01:00
600;Marginal price Day Ahead market Spain;3;Spain;67.62;2025-11-18T03:45:00+01:00
600;Marginal price Day Ahead market Spain;3;Spain;66.87;2025-11-18T04:00:00+01:00
600;Marginal price Day Ahead market Spain;3;Spain;66.99;2025-11-18T04:15:00+01:00
600;Marginal price Day Ahead market Spain;3;Spain;70;2025-11-18T04:30:00+01:00
600;Marginal price Day Ahead market Spain;3;Spain;70.99;2025-11-18T04:45:00+01:00
600;Marginal price Day Ahead market Spain;3;Spain;67;2025-11-18T05:00:00+01:00
600;Marginal price Day Ahead market Spain;3;Spain;66.59;2025-11-18T05:15:00+01:00
600;Marginal price Day Ahead market Spain;3;Spain;68.65;2025-11-18T05:30:00+01:00
600;Marginal price Day Ahead market Spain;3;Spain;73.25;2025-11-18T05:45:00+01:00
600;Marginal price Day Ahead market Spain;3;Spain;81.47;2025-11-18T06:00:00+01:00
600;Marginal price Day Ahead market Spain;3;Spain;90.9;2025-11-18T06:15:00+01:00
600;Marginal price Day Ahead market Spain;3;Spain;93.26;2025-11-18T06:30:00+01:00
600;Marginal price Day Ahead market Spain;3;Spain;96;2025-11-18T06:45:00+01:00
600;Marginal price Day Ahead market Spain;3;Spain;90.78;2025-11-18T07:00:00+01:00
600;Marginal price Day Ahead market Spain;3;Spain;102.5;2025-11-18T07:15:00+01:00
600;Marginal price Day Ahead market Spain;3;Spain;107.98;2025-11-18T07:30:00+01:00
600;Marginal price Day Ahead market Spain;3;Spain;110.91;2025-11-18T07:45:00+01:00
600;Marginal price Day Ahead market Spain;3;Spain;113.98;2025-11-18T08:00:00+01:00
600;Marginal price Day Ahead market Spain;3;Spain;110.91;2025-11-18T08:15:00+01:00
600;Marginal price Day Ahead market Spain;3;Spain;100.61;2025-11-18T08:30:00+01:00
600;Marginal price Day Ahead market Spain;3;Spain;88.5;2025-11-18T08:45:00+01:00
600;Marginal price Day Ahead market Spain;3;Spain;97.54;2025-11-18T09:00:00+01:00
600;Marginal price Day Ahead market Spain;3;Spain;83;2025-11-18T09:15:00+01:00
600;Marginal price Day Ahead market Spain;3;Spain;68;2025-11-18T09:30:00+01:00
600;Marginal price Day Ahead market Spain;3;Spain;55.82;2025-11-18T09:45:00+01:00
600;Marginal price Day Ahead market Spain;3;Spain;55.3;2025-11-18T10:00:00+01:00
600;Marginal price Day Ahead market Spain;3;Spain;54.65;2025-11-18T10:15:00+01:00
600;Marginal price Day Ahead market Spain;3;Spain;37.7;2025-11-18T10:30:00+01:00
600;Marginal price Day Ahead market Spain;3;Spain;20.44;2025-11-18T10:45:00+01:00
600;Marginal price Day Ahead market Spain;3;Spain;20;2025-11-18T11:00:00+01:00
600;Marginal price Day Ahead market Spain;3;Spain;6;2025-11-18T11:15:00+01:00
600;Marginal price Day Ahead market Spain;3;Spain;14;2025-11-18T11:30:00+01:00
600;Marginal price Day Ahead market Spain;3;Spain;15.79;2025-11-18T11:45:00+01:00
600;Marginal price Day Ahead market Spain;3;Spain;5.11;2025-11-18T12:00:00+01:00
600;Marginal price Day Ahead market Spain;3;Spain;5.11;2025-11-18T12:15:00+01:00
600;Marginal price Day Ahead market Spain;3;Spain;6;2025-11-18T12:30:00+01:00
600;Marginal price Day Ahead market Spain;3;Spain;20;2025-11-18T12:45:00+01:00
600;Marginal price Day Ahead market Spain;3;Spain;19.25;2025-11-18T13:00:00+01:00
600;Marginal price Day Ahead market Spain;3;Spain;19.25;2025-11-18T13:15:00+01:00
600;Marginal price Day Ahead market Spain;3;Spain;20;2025-11-18T13:30:00+01:00
600;Marginal price Day Ahead market Spain;3;Spain;20;2025-11-18T13:45:00+01:00
600;Marginal price Day Ahead market Spain;3;Spain;20.44;2025-11-18T14:00:00+01:00
600;Marginal price Day Ahead market Spain;3;Spain;20.44;2025-11-18T14:15:00+01:00
600;Marginal price Day Ahead market Spain;3;Spain;31.5;2025-11-18T14:30:00+01:00
600;Marginal price Day Ahead market Spain;3;Spain;30.2;2025-11-18T14:45:00+01:00
600;Marginal price Day Ahead market Spain;3;Spain;35.5;2025-11-18T15:00:00+01:00
600;Marginal price Day Ahead market Spain;3;Spain;50;2025-11-18T15:15:00+01:00
600;Marginal price Day Ahead market Spain;3;Spain;54.65;2025-11-18T15:30:00+01:00
600;Marginal price Day Ahead market Spain;3;Spain;55.17;2025-11-18T15:45:00+01:00
600;Marginal price Day Ahead market Spain;3;Spain;56.03;2025-11-18T16:00:00+01:00
600;Marginal price Day Ahead market Spain;3;Spain;80.75;2025-11-18T16:15:00+01:00
600;Marginal price Day Ahead market Spain;3;Spain;93.11;2025-11-18T16:30:00+01:00
600;Marginal price Day Ahead market Spain;3;Spain;101.02;2025-11-18T16:45:00+01:00
600;Marginal price Day Ahead market Spain;3;Spain;88.5;2025-11-18T17:00:00+01:00
600;Marginal price Day Ahead market Spain;3;Spain;105.83;2025-11-18T17:15:00+01:00
600;Marginal price Day Ahead market Spain;3;Spain;108.72;2025-11-18T17:30:00+01:00
600;Marginal price Day Ahead market Spain;3;Spain;121.2;2025-11-18T17:45:00+01:00
600;Marginal price Day Ahead market Spain;3;Spain;120.63;2025-11-18T18:00:00+01:00
600;Marginal price Day Ahead market Spain;3;Spain;129.23;2025-11-18T18:15:00+01:00
600;Marginal price Day Ahead market Spain;3;Spain;136.83;2025-11-18T18:30:00+01:00
600;Marginal price Day Ahead market Spain;3;Spain;140.01;2025-11-18T18:45:00+01:00
600;Marginal price Day Ahead market Spain;3;Spain;135.01;2025-11-18T19:00:00+01:00
600;Marginal price Day Ahead market Spain;3;Spain;133.05;2025-11-18T19:15:00+01:00
600;Marginal price Day Ahead market Spain;3;Spain;131.13;2025-11-18T19:30:00+01:00
600;Marginal price Day Ahead market Spain;3;Spain;133;2025-11-18T19:45:00+01:00
600;Marginal price Day Ahead market Spain;3;Spain;131.13;2025-11-18T20:00:00+01:00
600;Marginal price Day Ahead market Spain;3;Spain;135.01;2025-11-18T20:15:00+01:00
600;Marginal price Day Ahead market Spain;3;Spain;136.38;2025-11-18T20:30:00+01:00
600;Marginal price Day Ahead market Spain;3;Spain;135.01;2025-11-18T20:45:00+01:00
600;Marginal price Day Ahead market Spain;3;Spain;147;2025-11-18T21:00:00+01:00
600;Marginal price Day Ahead market Spain;3;Spain;135.01;2025-11-18T21:15:00+01:00
600;Marginal price Day Ahead market Spain;3;Spain;130.18;2025-11-18T21:30:00+01:00
600;Marginal price Day Ahead market Spain;3;Spain;125.5;2025-11-18T21:45:00+01:00
600;Marginal price Day Ahead market Spain;3;Spain;120;2025-11-18T22:00:00+01:00
600;Marginal price Day Ahead market Spain;3;Spain;113.99;2025-11-18T22:15:00+01:00
600;Marginal price Day Ahead market Spain;3;Spain;110.91;2025-11-18T22:30:00+01:00
600;Marginal price Day Ahead market Spain;3;Spain;105.71;2025-11-18T22:45:00+01:00
600;Marginal price Day Ahead market Spain;3;Spain;105.71;2025-11-18T23:00:00+01:00
600;Marginal price Day Ahead market Spain;3;Spain;100.39;2025-11-18T23:15:00+01:00
600;Marginal price Day Ahead market Spain;3;Spain;93.94;2025-11-18T23:30:00+01:00
600;Marginal price Day Ahead market Spain;3;Spain;90.99;2025-11-18T23:45:00+01:00
600;Marginal price Day Ahead market Spain;3;Spain;122.58;2025-11-19T00:00:00+01:00
600;Marginal price Day Ahead market Spain;3;Spain;122.34;2025-11-19T00:15:00+01:00
600;Marginal price Day Ahead market Spain;3;Spain;118.95;2025-11-19T00:30:00+01:00
600;Marginal price Day Ahead market Spain;3;Spain;113.57;2025-11-19T00:45:00+01:00
600;Marginal price Day Ahead market Spain;3;Spain;110.04;2025-11-19T01:00:00+01:00
600;Marginal price Day Ahead market Spain;3;Spain;106.1;2025-11-19T01:15:00+01:00
600;Marginal price Day Ahead market Spain;3;Spain;103.56;2025-11-19T01:30:00+01:00
600;Marginal price Day Ahead market Spain;3;Spain;100;2025-11-19T01:45:00+01:00
600;Marginal price Day Ahead market Spain;3;Spain;97.5;2025-11-19T02:00:00+01:00
600;Marginal price Day Ahead market Spain;3;Spain;96.99;2025-11-19T02:15:00+01:00
600;Marginal price Day Ahead market Spain;3;Spain;96.99;2025-11-19T02:30:00+01:00
600;Marginal price Day Ahead market Spain;3;Spain;96.54;2025-11-19T02:45:00+01:00
600;Marginal price Day Ahead market Spain;3;Spain;97.22;2025-11-19T03:00:00+01:00
600;Marginal price Day Ahead market Spain;3;Spain;96.99;2025-11-19T03:15:00+01:00
600;Marginal price Day Ahead market Spain;3;Spain;96.99;2025-11-19T03:30:00+01:00
600;Marginal price Day Ahead market Spain;3;Spain;96.44;2025-11-19T03:45:00+01:00
600;Marginal price Day Ahead market Spain;3;Spain;95.9;2025-11-19T04:00:00+01:00
600;Marginal price Day Ahead market Spain;3;Spain;95;2025-11-19T04:15:00+01:00
600;Marginal price Day Ahead market Spain;3;Spain;95;2025-11-19T04:30:00+01:00
600;Marginal price Day Ahead market Spain;3;Spain;96.44;2025-11-19T04:45:00+01:00
600;Marginal price Day Ahead market Spain;3;Spain;96.99;2025-11-19T05:00:00+01:00
600;Marginal price Day Ahead market Spain;3;Spain;96.99;2025-11-19T05:15:00+01:00
600;Marginal price Day Ahead market Spain;3;Spain;97.22;2025-11-19T05:30:00+01:00
600;Marginal price Day Ahead market Spain;3;Spain;100.64;2025-11-19T05:45:00+01:00
600;Marginal price Day Ahead market Spain;3;Spain;109.62;2025-11-19T06:00:00+01:00
600;Marginal price Day Ahead market Spain;3;Spain;110.37;2025-11-19T06:15:00+01:00
600;Marginal price Day Ahead market Spain;3;Spain;113.37;2025-11-19T06:30:00+01:00
600;Marginal price Day Ahead market Spain;3;Spain;119.55;2025-11-19T06:45:00+01:00
600;Marginal price Day Ahead market Spain;3;Spain;106.1;2025-11-19T07:00:00+01:00
600;Marginal price Day Ahead market Spain;3;Spain;112.56;2025-11-19T07:15:00+01:00
600;Marginal price Day Ahead market Spain;3;Spain;118.95;2025-11-19T07:30:00+01:00
600;Marginal price Day Ahead market Spain;3;Spain;118.95;2025-11-19T07:45:00+01:00
600;Marginal price Day Ahead market Spain;3;Spain;127.73;2025-11-19T08:00:00+01:00
600;Marginal price Day Ahead market Spain;3;Spain;120.1;2025-11-19T08:15:00+01:00
600;Marginal price Day Ahead market Spain;3;Spain;112.56;2025-11-19T08:30:00+01:00
600;Marginal price Day Ahead market Spain;3;Spain;106.1;2025-11-19T08:45:00+01:00
600;Marginal price Day Ahead market Spain;3;Spain;111.12;2025-11-19T09:00:00+01:00
600;Marginal price Day Ahead market Spain;3;Spain;97.22;2025-11-19T09:15:00+01:00
600;Marginal price Day Ahead market Spain;3;Spain;97.12;2025-11-19T09:30:00+01:00
600;Marginal price Day Ahead market Spain;3;Spain;92.34;2025-11-19T09:45:00+01:00
600;Marginal price Day Ahead market Spain;3;Spain;99.26;2025-11-19T10:00:00+01:00
600;Marginal price Day Ahead market Spain;3;Spain;93.06;2025-11-19T10:15:00+01:00
600;Marginal price Day Ahead market Spain;3;Spain;92.1;2025-11-19T10:30:00+01:00
600;Marginal price Day Ahead market Spain;3;Spain;84;2025-11-19T10:45:00+01:00
600;Marginal price Day Ahead market Spain;3;Spain;85.98;2025-11-19T11:00:00+01:00
600;Marginal price Day Ahead market Spain;3;Spain;78.14;2025-11-19T11:15:00+01:00
600;Marginal price Day Ahead market Spain;3;Spain;70.5;2025-11-19T11:30:00+01:00
600;Marginal price Day Ahead market Spain;3;Spain;65;2025-11-19T11:45:00+01:00
600;Marginal price Day Ahead market Spain;3;Spain;80.56;2025-11-19T12:00:00+01:00
600;Marginal price Day Ahead market Spain;3;Spain;66.82;2025-11-19T12:15:00+01:00
600;Marginal price Day Ahead market Spain;3;Spain;70.5;2025-11-19T12:30:00+01:00
600;Marginal price Day Ahead market Spain;3;Spain;65.97;2025-11-19T12:45:00+01:00
600;Marginal price Day Ahead market Spain;3;Spain;70.5;2025-11-19T13:00:00+01:00
600;Marginal price Day Ahead market Spain;3;Spain;66.85;2025-11-19T13:15:00+01:00
600;Marginal price Day Ahead market Spain;3;Spain;67.3;2025-11-19T13:30:00+01:00
600;Marginal price Day Ahead market Spain;3;Spain;63.32;2025-11-19T13:45:00+01:00
600;Marginal price Day Ahead market Spain;3;Spain;63.32;2025-11-19T14:00:00+01:00
600;Marginal price Day Ahead market Spain;3;Spain;70;2025-11-19T14:15:00+01:00
600;Marginal price Day Ahead market Spain;3;Spain;66.96;2025-11-19T14:30:00+01:00
600;Marginal price Day Ahead market Spain;3;Spain;75.96;2025-11-19T14:45:00+01:00
600;Marginal price Day Ahead market Spain;3;Spain;73.25;2025-11-19T15:00:00+01:00
600;Marginal price Day Ahead market Spain;3;Spain;79.73;2025-11-19T15:15:00+01:00
600;Marginal price Day Ahead market Spain;3;Spain;84.57;2025-11-19T15:30:00+01:00
600;Marginal price Day Ahead market Spain;3;Spain;91.33;2025-11-19T15:45:00+01:00
600;Marginal price Day Ahead market Spain;3;Spain;82.34;2025-11-19T16:00:00+01:00
600;Marginal price Day Ahead market Spain;3;Spain;85.3;2025-11-19T16:15:00+01:00
600;Marginal price Day Ahead market Spain;3;Spain;92.34;2025-11-19T16:30:00+01:00
600;Marginal price Day Ahead market Spain;3;Spain;98.4;2025-11-19T16:45:00+01:00
600;Marginal price Day Ahead market Spain;3;Spain;98.71;2025-11-19T17:00:00+01:00
600;Marginal price Day Ahead market Spain;3;Spain;110.37;2025-11-19T17:15:00+01:00
600;Marginal price Day Ahead market Spain;3;Spain;122.42;2025-11-19T17:30:00+01:00
600;Marginal price Day Ahead market Spain;3;Spain;125.47;2025-11-19T17:45:00+01:00
600;Marginal price Day Ahead market Spain;3;Spain;115.74;2025-11-19T18:00:00+01:00
600;Marginal price Day Ahead market Spain;3;Spain;118.95;2025-11-19T18:15:00+01:00
600;Marginal price Day Ahead market Spain;3;Spain;122.69;2025-11-19T18:30:00+01:00
600;Marginal price Day Ahead market Spain;3;Spain;122.69;2025-11-19T18:45:00+01:00
600;Marginal price Day Ahead market Spain;3;Spain;120.92;2025-11-19T19:00:00+01:00
600;Marginal price Day Ahead market Spain;3;Spain;122.69;2025-11-19T19:15:00+01:00
600;Marginal price Day Ahead market Spain;3;Spain;124.89;2025-11-19T19:30:00+01:00
600;Marginal price Day Ahead market Spain;3;Spain;127.73;2025-11-19T19:45:00+01:00
600;Marginal price Day Ahead market Spain;3;Spain;130.01;2025-11-19T20:00:00+01:00
600;Marginal price Day Ahead market Spain;3;Spain;130.01;2025-11-19T20:15:00+01:00
600;Marginal price Day Ahead market Spain;3;Spain;129.24;2025-11-19T20:30:00+01:00
600;Marginal price Day Ahead market Spain;3;Spain;127.73;2025-11-19T20:45:00+01:00
600;Marginal price Day Ahead market Spain;3;Spain;122.94;2025-11-19T21:00:00+01:00
600;Marginal price Day Ahead market Spain;3;Spain;118.95;2025-11-19T21:15:00+01:00
600;Marginal price Day Ahead market Spain;3;Spain;112.4;2025-11-19T21:30:00+01:00
600;Marginal price Day Ahead market Spain;3;Spain;103.74;2025-11-19T21:45:00+01:00
600;Marginal price Day Ahead market Spain;3;Spain;112.56;2025-11-19T22:00:00+01:00
600;Marginal price Day Ahead market Spain;3;Spain;106.12;2025-11-19T22:15:00+01:00
600;Marginal price Day Ahead market Spain;3;Spain;101.68;2025-11-19T22:30:00+01:00
600;Marginal price Day Ahead market Spain;3;Spain;96.26;2025-11-19T22:45:00+01:00
600;Marginal price Day Ahead market Spain;3;Spain;106.1;2025-11-19T23:00:00+01:00
600;Marginal price Day Ahead market Spain;3;Spain;97.5;2025-11-19T23:15:00+01:00
600;Marginal price Day Ahead market Spain;3;Spain;95;2025-11-19T23:30:00+01:00
600;Marginal price Day Ahead market Spain;3;Spain;88.12;2025-11-19T23:45:00+01:00
600;Marginal price Day Ahead market Spain;3;Spain;89;2025-11-20T00:00:00+01:00
600;Marginal price Day Ahead market Spain;3;Spain;88.71;2025-11-20T00:15:00+01:00
600;Marginal price Day Ahead market Spain;3;Spain;81.41;2025-11-20T00:30:00+01:00
600;Marginal price Day Ahead market Spain;3;Spain;75;2025-11-20T00:45:00+01:00
600;Marginal price Day Ahead market Spain;3;Spain;78.36;2025-11-20T01:00:00+01:00
600;Marginal price Day Ahead market Spain;3;Spain;76.59;2025-11-20T01:15:00+01:00
600;Marginal price Day Ahead market Spain;3;Spain;75.01;2025-11-20T01:30:00+01:00
600;Marginal price Day Ahead market Spain;3;Spain;73.02;2025-11-20T01:45:00+01:00
600;Marginal price Day Ahead market Spain;3;Spain;76.02;2025-11-20T02:00:00+01:00
600;Marginal price Day Ahead market Spain;3;Spain;75;2025-11-20T02:15:00+01:00
600;Marginal price Day Ahead market Spain;3;Spain;73.36;2025-11-20T02:30:00+01:00
600;Marginal price Day Ahead market Spain;3;Spain;72.35;2025-11-20T02:45:00+01:00
600;Marginal price Day Ahead market Spain;3;Spain;73.36;2025-11-20T03:00:00+01:00
600;Marginal price Day Ahead market Spain;3;Spain;73.25;2025-11-20T03:15:00+01:00
600;Marginal price Day Ahead market Spain;3;Spain;71.76;2025-11-20T03:30:00+01:00
600;Marginal price Day Ahead market Spain;3;Spain;71.29;2025-11-20T03:45:00+01:00
600;Marginal price Day Ahead market Spain;3;Spain;70;2025-11-20T04:00:00+01:00
600;Marginal price Day Ahead market Spain;3;Spain;70;2025-11-20T04:15:00+01:00
600;Marginal price Day Ahead market Spain;3;Spain;73.37;2025-11-20T04:30:00+01:00
600;Marginal price Day Ahead market Spain;3;Spain;78.12;2025-11-20T04:45:00+01:00
600;Marginal price Day Ahead market Spain;3;Spain;80.28;2025-11-20T05:00:00+01:00
600;Marginal price Day Ahead market Spain;3;Spain;82.23;2025-11-20T05:15:00+01:00
600;Marginal price Day Ahead market Spain;3;Spain;83.63;2025-11-20T05:30:00+01:00
600;Marginal price Day Ahead market Spain;3;Spain;88.02;2025-11-20T05:45:00+01:00
600;Marginal price Day Ahead market Spain;3;Spain;88.92;2025-11-20T06:00:00+01:00
600;Marginal price Day Ahead market Spain;3;Spain;89.9;2025-11-20T06:15:00+01:00
600;Marginal price Day Ahead market Spain;3;Spain;96.24;2025-11-20T06:30:00+01:00
600;Marginal price Day Ahead market Spain;3;Spain;103.74;2025-11-20T06:45:00+01:00
600;Marginal price Day Ahead market Spain;3;Spain;103.32;2025-11-20T07:00:00+01:00
600;Marginal price Day Ahead market Spain;3;Spain;105.44;2025-11-20T07:15:00+01:00
600;Marginal price Day Ahead market Spain;3;Spain;106.72;2025-11-20T07:30:00+01:00
600;Marginal price Day Ahead market Spain;3;Spain;110.22;2025-11-20T07:45:00+01:00
600;Marginal price Day Ahead market Spain;3;Spain;127.73;2025-11-20T08:00:00+01:00
600;Marginal price Day Ahead market Spain;3;Spain;124;2025-11-20T08:15:00+01:00
600;Marginal price Day Ahead market Spain;3;Spain;112.33;2025-11-20T08:30:00+01:00
600;Marginal price Day Ahead market Spain;3;Spain;105.01;2025-11-20T08:45:00+01:00
600;Marginal price Day Ahead market Spain;3;Spain;110;2025-11-20T09:00:00+01:00
600;Marginal price Day Ahead market Spain;3;Spain;100;2025-11-20T09:15:00+01:00
600;Marginal price Day Ahead market Spain;3;Spain;85;2025-11-20T09:30:00+01:00
600;Marginal price Day Ahead market Spain;3;Spain;69.2;2025-11-20T09:45:00+01:00
600;Marginal price Day Ahead market Spain;3;Spain;82;2025-11-20T10:00:00+01:00
600;Marginal price Day Ahead market Spain;3;Spain;68.82;2025-11-20T10:15:00+01:00
600;Marginal price Day Ahead market Spain;3;Spain;67.22;2025-11-20T10:30:00+01:00
600;Marginal price Day Ahead market Spain;3;Spain;62.3;2025-11-20T10:45:00+01:00
600;Marginal price Day Ahead market Spain;3;Spain;65;2025-11-20T11:00:00+01:00
600;Marginal price Day Ahead market Spain;3;Spain;64.17;2025-11-20T11:15:00+01:00
600;Marginal price Day Ahead market Spain;3;Spain;61.68;2025-11-20T11:30:00+01:00
600;Marginal price Day Ahead market Spain;3;Spain;60;2025-11-20T11:45:00+01:00
600;Marginal price Day Ahead market Spain;3;Spain;57.3;2025-11-20T12:00:00+01:00
600;Marginal price Day Ahead market Spain;3;Spain;56.96;2025-11-20T12:15:00+01:00
600;Marginal price Day Ahead market Spain;3;Spain;55.35;2025-11-20T12:30:00+01:00
600;Marginal price Day Ahead market Spain;3;Spain;55;2025-11-20T12:45:00+01:00
600;Marginal price Day Ahead market Spain;3;Spain;50.38;2025-11-20T13:00:00+01:00
600;Marginal price Day Ahead market Spain;3;Spain;50;2025-11-20T13:15:00+01:00
600;Marginal price Day Ahead market Spain;3;Spain;45;2025-11-20T13:30:00+01:00
600;Marginal price Day Ahead market Spain;3;Spain;40;2025-11-20T13:45:00+01:00
600;Marginal price Day Ahead market Spain;3;Spain;39;2025-11-20T14:00:00+01:00
600;Marginal price Day Ahead market Spain;3;Spain;35.35;2025-11-20T14:15:00+01:00
600;Marginal price Day Ahead market Spain;3;Spain;33.66;2025-11-20T14:30:00+01:00
600;Marginal price Day Ahead market Spain;3;Spain;31.5;2025-11-20T14:45:00+01:00
600;Marginal price Day Ahead market Spain;3;Spain;35.1;2025-11-20T15:00:00+01:00
600;Marginal price Day Ahead market Spain;3;Spain;40;2025-11-20T15:15:00+01:00
600;Marginal price Day Ahead market Spain;3;Spain;50;2025-11-20T15:30:00+01:00
600;Marginal price Day Ahead market Spain;3;Spain;55.35;2025-11-20T15:45:00+01:00
600;Marginal price Day Ahead market Spain;3;Spain;64.5;2025-11-20T16:00:00+01:00
600;Marginal price Day Ahead market Spain;3;Spain;68.5;2025-11-20T16:15:00+01:00
600;Marginal price Day Ahead market Spain;3;Spain;80.75;2025-11-20T16:30:00+01:00
600;Marginal price Day Ahead market Spain;3;Spain;95;2025-11-20T16:45:00+01:00
600;Marginal price Day Ahead market Spain;3;Spain;90;2025-11-20T17:00:00+01:00
600;Marginal price Day Ahead market Spain;3;Spain;104.4;2025-11-20T17:15:00+01:00
600;Marginal price Day Ahead market Spain;3;Spain;105.92;2025-11-20T17:30:00+01:00
600;Marginal price Day Ahead market Spain;3;Spain;111.19;2025-11-20T17:45:00+01:00
600;Marginal price Day Ahead market Spain;3;Spain;107.56;2025-11-20T18:00:00+01:00
600;Marginal price Day Ahead market Spain;3;Spain;115.35;2025-11-20T18:15:00+01:00
600;Marginal price Day Ahead market Spain;3;Spain;120;2025-11-20T18:30:00+01:00
600;Marginal price Day Ahead market Spain;3;Spain;123.41;2025-11-20T18:45:00+01:00
600;Marginal price Day Ahead market Spain;3;Spain;122.18;2025-11-20T19:00:00+01:00
600;Marginal price Day Ahead market Spain;3;Spain;124;2025-11-20T19:15:00+01:00
600;Marginal price Day Ahead market Spain;3;Spain;125.48;2025-11-20T19:30:00+01:00
600;Marginal price Day Ahead market Spain;3;Spain;125.88;2025-11-20T19:45:00+01:00
600;Marginal price Day Ahead market Spain;3;Spain;130.01;2025-11-20T20:00:00+01:00
600;Marginal price Day Ahead market Spain;3;Spain;130.01;2025-11-20T20:15:00+01:00
600;Marginal price Day Ahead market Spain;3;Spain;125.48;2025-11-20T20:30:00+01:00
600;Marginal price Day Ahead market Spain;3;Spain;114.91;2025-11-20T20:45:00+01:00
600;Marginal price Day Ahead market Spain;3;Spain;107.34;2025-11-20T21:00:00+01:00
600;Marginal price Day Ahead market Spain;3;Spain;105.98;2025-11-20T21:15:00+01:00
600;Marginal price Day Ahead market Spain;3;Spain;105.2;2025-11-20T21:30:00+01:00
600;Marginal price Day Ahead market Spain;3;Spain;104.36;2025-11-20T21:45:00+01:00
600;Marginal price Day Ahead market Spain;3;Spain;104.36;2025-11-20T22:00:00+01:00
600;Marginal price Day Ahead market Spain;3;Spain;101.87;2025-11-20T22:15:00+01:00
600;Marginal price Day Ahead market Spain;3;Spain;102.62;2025-11-20T22:30:00+01:00
600;Marginal price Day Ahead market Spain;3;Spain;95;2025-11-20T22:45:00+01:00
600;Marginal price Day Ahead market Spain;3;Spain;100;2025-11-20T23:00:00+01:00
600;Marginal price Day Ahead market Spain;3;Spain;90;2025-11-20T23:15:00+01:00
600;Marginal price Day Ahead market Spain;3;Spain;85;2025-11-20T23:30:00+01:00
600;Marginal price Day Ahead market Spain;3;Spain;82;2025-11-20T23:45:00+01:00
600;Marginal price Day Ahead market Spain;3;Spain;83.88;2025-11-21T00:00:00+01:00
600;Marginal price Day Ahead market Spain;3;Spain;75;2025-11-21T00:15:00+01:00
600;Marginal price Day Ahead market Spain;3;Spain;69.32;2025-11-21T00:30:00+01:00
600;Marginal price Day Ahead market Spain;3;Spain;64.5;2025-11-21T00:45:00+01:00
600;Marginal price Day Ahead market Spain;3;Spain;68.05;2025-11-21T01:00:00+01:00
600;Marginal price Day Ahead market Spain;3;Spain;67.22;2025-11-21T01:15:00+01:00
600;Marginal price Day Ahead market Spain;3;Spain;62.9;2025-11-21T01:30:00+01:00
600;Marginal price Day Ahead market Spain;3;Spain;59.27;2025-11-21T01:45:00+01:00
600;Marginal price Day Ahead market Spain;3;Spain;67.22;2025-11-21T02:00:00+01:00
600;Marginal price Day Ahead market Spain;3;Spain;62.9;2025-11-21T02:15:00+01:00
600;Marginal price Day Ahead market Spain;3;Spain;60;2025-11-21T02:30:00+01:00
600;Marginal price Day Ahead market Spain;3;Spain;59.27;2025-11-21T02:45:00+01:00
600;Marginal price Day Ahead market Spain;3;Spain;58.89;2025-11-21T03:00:00+01:00
600;Marginal price Day Ahead market Spain;3;Spain;58.57;2025-11-21T03:15:00+01:00
600;Marginal price Day Ahead market Spain;3;Spain;58.44;2025-11-21T03:30:00+01:00
600;Marginal price Day Ahead market Spain;3;Spain;58.44;2025-11-21T03:45:00+01:00
600;Marginal price Day Ahead market Spain;3;Spain;58.31;2025-11-21T04:00:00+01:00
600;Marginal price Day Ahead market Spain;3;Spain;58.05;2025-11-21T04:15:00+01:00
600;Marginal price Day Ahead market Spain;3;Spain;58.31;2025-11-21T04:30:00+01:00
600;Marginal price Day Ahead market Spain;3;Spain;58.44;2025-11-21T04:45:00+01:00
600;Marginal price Day Ahead market Spain;3;Spain;48;2025-11-21T05:00:00+01:00
600;Marginal price Day Ahead market Spain;3;Spain;50.99;2025-11-21T05:15:00+01:00
600;Marginal price Day Ahead market Spain;3;Spain;55;2025-11-21T05:30:00+01:00
600;Marginal price Day Ahead market Spain;3;Spain;57.92;2025-11-21T05:45:00+01:00
600;Marginal price Day Ahead market Spain;3;Spain;57.79;2025-11-21T06:00:00+01:00
600;Marginal price Day Ahead market Spain;3;Spain;58.31;2025-11-21T06:15:00+01:00
600;Marginal price Day Ahead market Spain;3;Spain;59.1;2025-11-21T06:30:00+01:00
600;Marginal price Day Ahead market Spain;3;Spain;62.8;2025-11-21T06:45:00+01:00
600;Marginal price Day Ahead market Spain;3;Spain;62.73;2025-11-21T07:00:00+01:00
600;Marginal price Day Ahead market Spain;3;Spain;68.05;2025-11-21T07:15:00+01:00
600;Marginal price Day Ahead market Spain;3;Spain;74.9;2025-11-21T07:30:00+01:00
600;Marginal price Day Ahead market Spain;3;Spain;82.06;2025-11-21T07:45:00+01:00
600;Marginal price Day Ahead market Spain;3;Spain;84;2025-11-21T08:00:00+01:00
600;Marginal price Day Ahead market Spain;3;Spain;80;2025-11-21T08:15:00+01:00
600;Marginal price Day Ahead market Spain;3;Spain;70;2025-11-21T08:30:00+01:00
600;Marginal price Day Ahead market Spain;3;Spain;61.43;2025-11-21T08:45:00+01:00
600;Marginal price Day Ahead market Spain;3;Spain;64.64;2025-11-21T09:00:00+01:00
600;Marginal price Day Ahead market Spain;3;Spain;40.02;2025-11-21T09:15:00+01:00
600;Marginal price Day Ahead market Spain;3;Spain;6;2025-11-21T09:30:00+01:00
600;Marginal price Day Ahead market Spain;3;Spain;0.65;2025-11-21T09:45:00+01:00
600;Marginal price Day Ahead market Spain;3;Spain;0.99;2025-11-21T10:00:00+01:00
600;Marginal price Day Ahead market Spain;3;Spain;0.01;2025-11-21T10:15:00+01:00
600;Marginal price Day Ahead market Spain;3;Spain;0;2025-11-21T10:30:00+01:00
600;Marginal price Day Ahead market Spain;3;Spain;0;2025-11-21T10:45:00+01:00
600;Marginal price Day Ahead market Spain;3;Spain;0.69;2025-11-21T11:00:00+01:00
600;Marginal price Day Ahead market Spain;3;Spain;0.16;2025-11-21T11:15:00+01:00
600;Marginal price Day Ahead market Spain;3;Spain;0.16;2025-11-21T11:30:00+01:00
600;Marginal price Day Ahead market Spain;3;Spain;0.16;2025-11-21T11:45:00+01:00
600;Marginal price Day Ahead market Spain;3;Spain;0.82;2025-11-21T12:00:00+01:00
600;Marginal price Day Ahead market Spain;3;Spain;0.82;2025-11-21T12:15:00+01:00
600;Marginal price Day Ahead market Spain;3;Spain;0.66;2025-11-21T12:30:00+01:00
600;Marginal price Day Ahead market Spain;3;Spain;0.7;2025-11-21T12:45:00+01:00
600;Marginal price Day Ahead market Spain;3;Spain;0.7;2025-11-21T13:00:00+01:00
600;Marginal price Day Ahead market Spain;3;Spain;0.83;2025-11-21T13:15:00+01:00
600;Marginal price Day Ahead market Spain;3;Spain;1;2025-11-21T13:30:00+01:00
600;Marginal price Day Ahead market Spain;3;Spain;0.75;2025-11-21T13:45:00+01:00
600;Marginal price Day Ahead market Spain;3;Spain;1;2025-11-21T14:00:00+01:00
600;Marginal price Day Ahead market Spain;3;Spain;1.5;2025-11-21T14:15:00+01:00
600;Marginal price Day Ahead market Spain;3;Spain;2.4;2025-11-21T14:30:00+01:00
600;Marginal price Day Ahead market Spain;3;Spain;2.84;2025-11-21T14:45:00+01:00
600;Marginal price Day Ahead market Spain;3;Spain;4.84;2025-11-21T15:00:00+01:00
600;Marginal price Day Ahead market Spain;3;Spain;7.96;2025-11-21T15:15:00+01:00
600;Marginal price Day Ahead market Spain;3;Spain;16.53;2025-11-21T15:30:00+01:00
600;Marginal price Day Ahead market Spain;3;Spain;30;2025-11-21T15:45:00+01:00
600;Marginal price Day Ahead market Spain;3;Spain;3.6;2025-11-21T16:00:00+01:00
600;Marginal price Day Ahead market Spain;3;Spain;30.2;2025-11-21T16:15:00+01:00
600;Marginal price Day Ahead market Spain;3;Spain;58.31;2025-11-21T16:30:00+01:00
600;Marginal price Day Ahead market Spain;3;Spain;73.74;2025-11-21T16:45:00+01:00
600;Marginal price Day Ahead market Spain;3;Spain;60;2025-11-21T17:00:00+01:00
600;Marginal price Day Ahead market Spain;3;Spain;85;2025-11-21T17:15:00+01:00
600;Marginal price Day Ahead market Spain;3;Spain;97.63;2025-11-21T17:30:00+01:00
600;Marginal price Day Ahead market Spain;3;Spain;110.57;2025-11-21T17:45:00+01:00
600;Marginal price Day Ahead market Spain;3;Spain;103.82;2025-11-21T18:00:00+01:00
600;Marginal price Day Ahead market Spain;3;Spain;108.66;2025-11-21T18:15:00+01:00
600;Marginal price Day Ahead market Spain;3;Spain;116.01;2025-11-21T18:30:00+01:00
600;Marginal price Day Ahead market Spain;3;Spain;125.01;2025-11-21T18:45:00+01:00
600;Marginal price Day Ahead market Spain;3;Spain;130.01;2025-11-21T19:00:00+01:00
600;Marginal price Day Ahead market Spain;3;Spain;140.34;2025-11-21T19:15:00+01:00
600;Marginal price Day Ahead market Spain;3;Spain;159.68;2025-11-21T19:30:00+01:00
600;Marginal price Day Ahead market Spain;3;Spain;159.68;2025-11-21T19:45:00+01:00
600;Marginal price Day Ahead market Spain;3;Spain;157.18;2025-11-21T20:00:00+01:00
600;Marginal price Day Ahead market Spain;3;Spain;143.99;2025-11-21T20:15:00+01:00
600;Marginal price Day Ahead market Spain;3;Spain;123.98;2025-11-21T20:30:00+01:00
600;Marginal price Day Ahead market Spain;3;Spain;116.21;2025-11-21T20:45:00+01:00
600;Marginal price Day Ahead market Spain;3;Spain;106.52;2025-11-21T21:00:00+01:00
600;Marginal price Day Ahead market Spain;3;Spain;104.56;2025-11-21T21:15:00+01:00
600;Marginal price Day Ahead market Spain;3;Spain;104.15;2025-11-21T21:30:00+01:00
600;Marginal price Day Ahead market Spain;3;Spain;102;2025-11-21T21:45:00+01:00
600;Marginal price Day Ahead market Spain;3;Spain;100.81;2025-11-21T22:00:00+01:00
600;Marginal price Day Ahead market Spain;3;Spain;100.32;2025-11-21T22:15:00+01:00
600;Marginal price Day Ahead market Spain;3;Spain;100.32;2025-11-21T22:30:00+01:00
600;Marginal price Day Ahead market Spain;3;Spain;95.29;2025-11-21T22:45:00+01:00
600;Marginal price Day Ahead market Spain;3;Spain;97.63;2025-11-21T23:00:00+01:00
600;Marginal price Day Ahead market Spain;3;Spain;95;2025-11-21T23:15:00+01:00
600;Marginal price Day Ahead market Spain;3;Spain;90.37;2025-11-21T23:30:00+01:00
600;Marginal price Day Ahead market Spain;3;Spain;86.06;2025-11-21T23:45:00+01:00
600;Marginal price Day Ahead market Spain;3;Spain;95.68;2025-11-22T00:00:00+01:00
600;Marginal price Day Ahead market Spain;3;Spain;92.23;2025-11-22T00:15:00+01:00
600;Marginal price Day Ahead market Spain;3;Spain;85.98;2025-11-22T00:30:00+01:00
600;Marginal price Day Ahead market Spain;3;Spain;84.19;2025-11-22T00:45:00+01:00
600;Marginal price Day Ahead market Spain;3;Spain;84.4;2025-11-22T01:00:00+01:00
600;Marginal price Day Ahead market Spain;3;Spain;82.98;2025-11-22T01:15:00+01:00
600;Marginal price Day Ahead market Spain;3;Spain;77;2025-11-22T01:30:00+01:00
600;Marginal price Day Ahead market Spain;3;Spain;72.26;2025-11-22T01:45:00+01:00
600;Marginal price Day Ahead market Spain;3;Spain;84.19;2025-11-22T02:00:00+01:00
600;Marginal price Day Ahead market Spain;3;Spain;77;2025-11-22T02:15:00+01:00
600;Marginal price Day Ahead market Spain;3;Spain;72.35;2025-11-22T02:30:00+01:00
600;Marginal price Day Ahead market Spain;3;Spain;68.25;2025-11-22T02:45:00+01:00
600;Marginal price Day Ahead market Spain;3;Spain;74;2025-11-22T03:00:00+01:00
600;Marginal price Day Ahead market Spain;3;Spain;70;2025-11-22T03:15:00+01:00
600;Marginal price Day Ahead market Spain;3;Spain;68.05;2025-11-22T03:30:00+01:00
600;Marginal price Day Ahead market Spain;3;Spain;68.05;2025-11-22T03:45:00+01:00
600;Marginal price Day Ahead market Spain;3;Spain;67.22;2025-11-22T04:00:00+01:00
600;Marginal price Day Ahead market Spain;3;Spain;67.22;2025-11-22T04:15:00+01:00
600;Marginal price Day Ahead market Spain;3;Spain;67.22;2025-11-22T04:30:00+01:00
600;Marginal price Day Ahead market Spain;3;Spain;67.22;2025-11-22T04:45:00+01:00
600;Marginal price Day Ahead market Spain;3;Spain;67.22;2025-11-22T05:00:00+01:00
600;Marginal price Day Ahead market Spain;3;Spain;67.22;2025-11-22T05:15:00+01:00
600;Marginal price Day Ahead market Spain;3;Spain;67.22;2025-11-22T05:30:00+01:00
600;Marginal price Day Ahead market Spain;3;Spain;67.22;2025-11-22T05:45:00+01:00
600;Marginal price Day Ahead market Spain;3;Spain;70.6;2025-11-22T06:00:00+01:00
600;Marginal price Day Ahead market Spain;3;Spain;73.25;2025-11-22T06:15:00+01:00
600;Marginal price Day Ahead market Spain;3;Spain;74.9;2025-11-22T06:30:00+01:00
600;Marginal price Day Ahead market Spain;3;Spain;79.13;2025-11-22T06:45:00+01:00
600;Marginal price Day Ahead market Spain;3;Spain;81.82;2025-11-22T07:00:00+01:00
600;Marginal price Day Ahead market Spain;3;Spain;84.19;2025-11-22T07:15:00+01:00
600;Marginal price Day Ahead market Spain;3;Spain;83.53;2025-11-22T07:30:00+01:00
600;Marginal price Day Ahead market Spain;3;Spain;85.52;2025-11-22T07:45:00+01:00
600;Marginal price Day Ahead market Spain;3;Spain;85.35;2025-11-22T08:00:00+01:00
600;Marginal price Day Ahead market Spain;3;Spain;82.35;2025-11-22T08:15:00+01:00
600;Marginal price Day Ahead market Spain;3;Spain;72;2025-11-22T08:30:00+01:00
600;Marginal price Day Ahead market Spain;3;Spain;68.05;2025-11-22T08:45:00+01:00
600;Marginal price Day Ahead market Spain;3;Spain;60.46;2025-11-22T09:00:00+01:00
600;Marginal price Day Ahead market Spain;3;Spain;40.82;2025-11-22T09:15:00+01:00
600;Marginal price Day Ahead market Spain;3;Spain;23.43;2025-11-22T09:30:00+01:00
600;Marginal price Day Ahead market Spain;3;Spain;14;2025-11-22T09:45:00+01:00
600;Marginal price Day Ahead market Spain;3;Spain;3.52;2025-11-22T10:00:00+01:00
600;Marginal price Day Ahead market Spain;3;Spain;3.52;2025-11-22T10:15:00+01:00
600;Marginal price Day Ahead market Spain;3;Spain;0.84;2025-11-22T10:30:00+01:00
600;Marginal price Day Ahead market Spain;3;Spain;0.65;2025-11-22T10:45:00+01:00
600;Marginal price Day Ahead market Spain;3;Spain;0.65;2025-11-22T11:00:00+01:00
600;Marginal price Day Ahead market Spain;3;Spain;0.65;2025-11-22T11:15:00+01:00
600;Marginal price Day Ahead market Spain;3;Spain;0.65;2025-11-22T11:30:00+01:00
600;Marginal price Day Ahead market Spain;3;Spain;0.16;2025-11-22T11:45:00+01:00
600;Marginal price Day Ahead market Spain;3;Spain;0.65;2025-11-22T12:00:00+01:00
600;Marginal price Day Ahead market Spain;3;Spain;0.65;2025-11-22T12:15:00+01:00
600;Marginal price Day Ahead market Spain;3;Spain;0.65;2025-11-22T12:30:00+01:00
600;Marginal price Day Ahead market Spain;3;Spain;0.65;2025-11-22T12:45:00+01:00
600;Marginal price Day Ahead market Spain;3;Spain;0.65;2025-11-22T13:00:00+01:00
600;Marginal price Day Ahead market Spain;3;Spain;0.65;2025-11-22T13:15:00+01:00
600;Marginal price Day Ahead market Spain;3;Spain;0.65;2025-11-22T13:30:00+01:00
600;Marginal price Day Ahead market Spain;3;Spain;0.66;2025-11-22T13:45:00+01:00
600;Marginal price Day Ahead market Spain;3;Spain;0.77;2025-11-22T14:00:00+01:00
600;Marginal price Day Ahead market Spain;3;Spain;0.77;2025-11-22T14:15:00+01:00
600;Marginal price Day Ahead market Spain;3;Spain;0.8;2025-11-22T14:30:00+01:00
600;Marginal price Day Ahead market Spain;3;Spain;0.83;2025-11-22T14:45:00+01:00
600;Marginal price Day Ahead market Spain;3;Spain;0.77;2025-11-22T15:00:00+01:00
600;Marginal price Day Ahead market Spain;3;Spain;1.72;2025-11-22T15:15:00+01:00
600;Marginal price Day Ahead market Spain;3;Spain;3.52;2025-11-22T15:30:00+01:00
600;Marginal price Day Ahead market Spain;3;Spain;5.11;2025-11-22T15:45:00+01:00
600;Marginal price Day Ahead market Spain;3;Spain;15;2025-11-22T16:00:00+01:00
600;Marginal price Day Ahead market Spain;3;Spain;39.72;2025-11-22T16:15:00+01:00
600;Marginal price Day Ahead market Spain;3;Spain;44.9;2025-11-22T16:30:00+01:00
600;Marginal price Day Ahead market Spain;3;Spain;72;2025-11-22T16:45:00+01:00
600;Marginal price Day Ahead market Spain;3;Spain;76.45;2025-11-22T17:00:00+01:00
600;Marginal price Day Ahead market Spain;3;Spain;87.05;2025-11-22T17:15:00+01:00
600;Marginal price Day Ahead market Spain;3;Spain;95.2;2025-11-22T17:30:00+01:00
600;Marginal price Day Ahead market Spain;3;Spain;102.3;2025-11-22T17:45:00+01:00
600;Marginal price Day Ahead market Spain;3;Spain;93.58;2025-11-22T18:00:00+01:00
600;Marginal price Day Ahead market Spain;3;Spain;98.02;2025-11-22T18:15:00+01:00
600;Marginal price Day Ahead market Spain;3;Spain;102.3;2025-11-22T18:30:00+01:00
600;Marginal price Day Ahead market Spain;3;Spain;101.51;2025-11-22T18:45:00+01:00
600;Marginal price Day Ahead market Spain;3;Spain;105.96;2025-11-22T19:00:00+01:00
600;Marginal price Day Ahead market Spain;3;Spain;105;2025-11-22T19:15:00+01:00
600;Marginal price Day Ahead market Spain;3;Spain;102.18;2025-11-22T19:30:00+01:00
600;Marginal price Day Ahead market Spain;3;Spain;98.18;2025-11-22T19:45:00+01:00
600;Marginal price Day Ahead market Spain;3;Spain;95;2025-11-22T20:00:00+01:00
600;Marginal price Day Ahead market Spain;3;Spain;90.64;2025-11-22T20:15:00+01:00
600;Marginal price Day Ahead market Spain;3;Spain;90.88;2025-11-22T20:30:00+01:00
600;Marginal price Day Ahead market Spain;3;Spain;88.01;2025-11-22T20:45:00+01:00
600;Marginal price Day Ahead market Spain;3;Spain;98.7;2025-11-22T21:00:00+01:00
600;Marginal price Day Ahead market Spain;3;Spain;94.79;2025-11-22T21:15:00+01:00
600;Marginal price Day Ahead market Spain;3;Spain;90.2;2025-11-22T21:30:00+01:00
600;Marginal price Day Ahead market Spain;3;Spain;85;2025-11-22T21:45:00+01:00
600;Marginal price Day Ahead market Spain;3;Spain;95.42;2025-11-22T22:00:00+01:00
600;Marginal price Day Ahead market Spain;3;Spain;90.97;2025-11-22T22:15:00+01:00
600;Marginal price Day Ahead market Spain;3;Spain;90.01;2025-11-22T22:30:00+01:00
600;Marginal price Day Ahead market Spain;3;Spain;84.5;2025-11-22T22:45:00+01:00
600;Marginal price Day Ahead market Spain;3;Spain;88;2025-11-22T23:00:00+01:00
600;Marginal price Day Ahead market Spain;3;Spain;83.9;2025-11-22T23:15:00+01:00
600;Marginal price Day Ahead market Spain;3;Spain;81.4;2025-11-22T23:30:00+01:00
600;Marginal price Day Ahead market Spain;3;Spain;80;2025-11-22T23:45:00+01:00
600;Marginal price Day Ahead market Spain;3;Spain;76.4;2025-11-23T00:00:00+01:00
600;Marginal price Day Ahead market Spain;3;Spain;75.58;2025-11-23T00:15:00+01:00
600;Marginal price Day Ahead market Spain;3;Spain;73.91;2025-11-23T00:30:00+01:00
600;Marginal price Day Ahead market Spain;3;Spain;67.22;2025-11-23T00:45:00+01:00
600;Marginal price Day Ahead market Spain;3;Spain;69.8;2025-11-23T01:00:00+01:00
600;Marginal price Day Ahead market Spain;3;Spain;67.22;2025-11-23T01:15:00+01:00
600;Marginal price Day Ahead market Spain;3;Spain;62.07;2025-11-23T01:30:00+01:00
600;Marginal price Day Ahead market Spain;3;Spain;50.03;2025-11-23T01:45:00+01:00
600;Marginal price Day Ahead market Spain;3;Spain;49;2025-11-23T02:00:00+01:00
600;Marginal price Day Ahead market Spain;3;Spain;43.96;2025-11-23T02:15:00+01:00
600;Marginal price Day Ahead market Spain;3;Spain;38.5;2025-11-23T02:30:00+01:00
600;Marginal price Day Ahead market Spain;3;Spain;36;2025-11-23T02:45:00+01:00
600;Marginal price Day Ahead market Spain;3;Spain;43.96;2025-11-23T03:00:00+01:00
600;Marginal price Day Ahead market Spain;3;Spain;41.35;2025-11-23T03:15:00+01:00
600;Marginal price Day Ahead market Spain;3;Spain;37;2025-11-23T03:30:00+01:00
600;Marginal price Day Ahead market Spain;3;Spain;35.25;2025-11-23T03:45:00+01:00
600;Marginal price Day Ahead market Spain;3;Spain;34.9;2025-11-23T04:00:00+01:00
600;Marginal price Day Ahead market Spain;3;Spain;34.6;2025-11-23T04:15:00+01:00
600;Marginal price Day Ahead market Spain;3;Spain;34.5;2025-11-23T04:30:00+01:00
600;Marginal price Day Ahead market Spain;3;Spain;34.5;2025-11-23T04:45:00+01:00
600;Marginal price Day Ahead market Spain;3;Spain;42;2025-11-23T05:00:00+01:00
600;Marginal price Day Ahead market Spain;3;Spain;41.35;2025-11-23T05:15:00+01:00
600;Marginal price Day Ahead market Spain;3;Spain;42;2025-11-23T05:30:00+01:00
600;Marginal price Day Ahead market Spain;3;Spain;43.02;2025-11-23T05:45:00+01:00
600;Marginal price Day Ahead market Spain;3;Spain;44.3;2025-11-23T06:00:00+01:00
600;Marginal price Day Ahead market Spain;3;Spain;46.58;2025-11-23T06:15:00+01:00
600;Marginal price Day Ahead market Spain;3;Spain;49;2025-11-23T06:30:00+01:00
600;Marginal price Day Ahead market Spain;3;Spain;49.82;2025-11-23T06:45:00+01:00
600;Marginal price Day Ahead market Spain;3;Spain;60.46;2025-11-23T07:00:00+01:00
600;Marginal price Day Ahead market Spain;3;Spain;64.06;2025-11-23T07:15:00+01:00
600;Marginal price Day Ahead market Spain;3;Spain;65.53;2025-11-23T07:30:00+01:00
600;Marginal price Day Ahead market Spain;3;Spain;66.78;2025-11-23T07:45:00+01:00
600;Marginal price Day Ahead market Spain;3;Spain;71.98;2025-11-23T08:00:00+01:00
600;Marginal price Day Ahead market Spain;3;Spain;67.22;2025-11-23T08:15:00+01:00
600;Marginal price Day Ahead market Spain;3;Spain;50.03;2025-11-23T08:30:00+01:00
600;Marginal price Day Ahead market Spain;3;Spain;43.02;2025-11-23T08:45:00+01:00
600;Marginal price Day Ahead market Spain;3;Spain;34.25;2025-11-23T09:00:00+01:00
600;Marginal price Day Ahead market Spain;3;Spain;22;2025-11-23T09:15:00+01:00
600;Marginal price Day Ahead market Spain;3;Spain;6;2025-11-23T09:30:00+01:00
600;Marginal price Day Ahead market Spain;3;Spain;3.52;2025-11-23T09:45:00+01:00
600;Marginal price Day Ahead market Spain;3;Spain;3.52;2025-11-23T10:00:00+01:00
600;Marginal price Day Ahead market Spain;3;Spain;1.72;2025-11-23T10:15:00+01:00
600;Marginal price Day Ahead market Spain;3;Spain;0.66;2025-11-23T10:30:00+01:00
600;Marginal price Day Ahead market Spain;3;Spain;0.65;2025-11-23T10:45:00+01:00
600;Marginal price Day Ahead market Spain;3;Spain;0.09;2025-11-23T11:00:00+01:00
600;Marginal price Day Ahead market Spain;3;Spain;0.01;2025-11-23T11:15:00+01:00
600;Marginal price Day Ahead market Spain;3;Spain;0;2025-11-23T11:30:00+01:00
600;Marginal price Day Ahead market Spain;3;Spain;0;2025-11-23T11:45:00+01:00
600;Marginal price Day Ahead market Spain;3;Spain;0;2025-11-23T12:00:00+01:00
600;Marginal price Day Ahead market Spain;3;Spain;0;2025-11-23T12:15:00+01:00
600;Marginal price Day Ahead market Spain;3;Spain;0;2025-11-23T12:30:00+01:00
600;Marginal price Day Ahead market Spain;3;Spain;0;2025-11-23T12:45:00+01:00
600;Marginal price Day Ahead market Spain;3;Spain;0;2025-11-23T13:00:00+01:00
600;Marginal price Day Ahead market Spain;3;Spain;0;2025-11-23T13:15:00+01:00
600;Marginal price Day Ahead market Spain;3;Spain;0;2025-11-23T13:30:00+01:00
600;Marginal price Day Ahead market Spain;3;Spain;0;2025-11-23T13:45:00+01:00
600;Marginal price Day Ahead market Spain;3;Spain;0;2025-11-23T14:00:00+01:00
600;Marginal price Day Ahead market Spain;3;Spain;0;2025-11-23T14:15:00+01:00
600;Marginal price Day Ahead market Spain;3;Spain;0;2025-11-23T14:30:00+01:00
600;Marginal price Day Ahead market Spain;3;Spain;0;2025-11-23T14:45:00+01:00
600;Marginal price Day Ahead market Spain;3;Spain;0;2025-11-23T15:00:00+01:00
600;Marginal price Day Ahead market Spain;3;Spain;0;2025-11-23T15:15:00+01:00
600;Marginal price Day Ahead market Spain;3;Spain;0.47;2025-11-23T15:30:00+01:00
600;Marginal price Day Ahead market Spain;3;Spain;0.66;2025-11-23T15:45:00+01:00
600;Marginal price Day Ahead market Spain;3;Spain;1.72;2025-11-23T16:00:00+01:00
600;Marginal price Day Ahead market Spain;3;Spain;3.52;2025-11-23T16:15:00+01:00
600;Marginal price Day Ahead market Spain;3;Spain;16.9;2025-11-23T16:30:00+01:00
600;Marginal price Day Ahead market Spain;3;Spain;34.25;2025-11-23T16:45:00+01:00
600;Marginal price Day Ahead market Spain;3;Spain;43.96;2025-11-23T17:00:00+01:00
600;Marginal price Day Ahead market Spain;3;Spain;50.2;2025-11-23T17:15:00+01:00
600;Marginal price Day Ahead market Spain;3;Spain;67.82;2025-11-23T17:30:00+01:00
600;Marginal price Day Ahead market Spain;3;Spain;73.25;2025-11-23T17:45:00+01:00
600;Marginal price Day Ahead market Spain;3;Spain;67.22;2025-11-23T18:00:00+01:00
600;Marginal price Day Ahead market Spain;3;Spain;68.06;2025-11-23T18:15:00+01:00
600;Marginal price Day Ahead market Spain;3;Spain;69.74;2025-11-23T18:30:00+01:00
600;Marginal price Day Ahead market Spain;3;Spain;70;2025-11-23T18:45:00+01:00
600;Marginal price Day Ahead market Spain;3;Spain;72.98;2025-11-23T19:00:00+01:00
600;Marginal price Day Ahead market Spain;3;Spain;73.25;2025-11-23T19:15:00+01:00
600;Marginal price Day Ahead market Spain;3;Spain;73.25;2025-11-23T19:30:00+01:00
600;Marginal price Day Ahead market Spain;3;Spain;74.56;2025-11-23T19:45:00+01:00
600;Marginal price Day Ahead market Spain;3;Spain;80.75;2025-11-23T20:00:00+01:00
600;Marginal price Day Ahead market Spain;3;Spain;80.85;2025-11-23T20:15:00+01:00
600;Marginal price Day Ahead market Spain;3;Spain;80;2025-11-23T20:30:00+01:00
600;Marginal price Day Ahead market Spain;3;Spain;75;2025-11-23T20:45:00+01:00
600;Marginal price Day Ahead market Spain;3;Spain;78.21;2025-11-23T21:00:00+01:00
600;Marginal price Day Ahead market Spain;3;Spain;74.56;2025-11-23T21:15:00+01:00
600;Marginal price Day Ahead market Spain;3;Spain;70;2025-11-23T21:30:00+01:00
600;Marginal price Day Ahead market Spain;3;Spain;67.82;2025-11-23T21:45:00+01:00
600;Marginal price Day Ahead market Spain;3;Spain;68.06;2025-11-23T22:00:00+01:00
600;Marginal price Day Ahead market Spain;3;Spain;67.58;2025-11-23T22:15:00+01:00
600;Marginal price Day Ahead market Spain;3;Spain;67.1;2025-11-23T22:30:00+01:00
600;Marginal price Day Ahead market Spain;3;Spain;58;2025-11-23T22:45:00+01:00
600;Marginal price Day Ahead market Spain;3;Spain;50.2;2025-11-23T23:00:00+01:00
600;Marginal price Day Ahead market Spain;3;Spain;48;2025-11-23T23:15:00+01:00
600;Marginal price Day Ahead market Spain;3;Spain;40.32;2025-11-23T23:30:00+01:00
600;Marginal price Day Ahead market Spain;3;Spain;34.5;2025-11-23T23:45:00+01:00
600;Marginal price Day Ahead market Spain;3;Spain;35.35;2025-11-24T00:00:00+01:00
600;Marginal price Day Ahead market Spain;3;Spain;30.54;2025-11-24T00:15:00+01:00
600;Marginal price Day Ahead market Spain;3;Spain;25;2025-11-24T00:30:00+01:00
600;Marginal price Day Ahead market Spain;3;Spain;19.5;2025-11-24T00:45:00+01:00
600;Marginal price Day Ahead market Spain;3;Spain;16.9;2025-11-24T01:00:00+01:00
600;Marginal price Day Ahead market Spain;3;Spain;14;2025-11-24T01:15:00+01:00
600;Marginal price Day Ahead market Spain;3;Spain;7.3;2025-11-24T01:30:00+01:00
600;Marginal price Day Ahead market Spain;3;Spain;5;2025-11-24T01:45:00+01:00
600;Marginal price Day Ahead market Spain;3;Spain;5;2025-11-24T02:00:00+01:00
600;Marginal price Day Ahead market Spain;3;Spain;3.6;2025-11-24T02:15:00+01:00
600;Marginal price Day Ahead market Spain;3;Spain;3.52;2025-11-24T02:30:00+01:00
600;Marginal price Day Ahead market Spain;3;Spain;3.52;2025-11-24T02:45:00+01:00
600;Marginal price Day Ahead market Spain;3;Spain;3.52;2025-11-24T03:00:00+01:00
600;Marginal price Day Ahead market Spain;3;Spain;3.52;2025-11-24T03:15:00+01:00
600;Marginal price Day Ahead market Spain;3;Spain;3.52;2025-11-24T03:30:00+01:00
600;Marginal price Day Ahead market Spain;3;Spain;3.52;2025-11-24T03:45:00+01:00
600;Marginal price Day Ahead market Spain;3;Spain;3.52;2025-11-24T04:00:00+01:00
600;Marginal price Day Ahead market Spain;3;Spain;3.52;2025-11-24T04:15:00+01:00
600;Marginal price Day Ahead market Spain;3;Spain;3.52;2025-11-24T04:30:00+01:00
600;Marginal price Day Ahead market Spain;3;Spain;3.52;2025-11-24T04:45:00+01:00
600;Marginal price Day Ahead market Spain;3;Spain;3.52;2025-11-24T05:00:00+01:00
600;Marginal price Day Ahead market Spain;3;Spain;3.52;2025-11-24T05:15:00+01:00
600;Marginal price Day Ahead market Spain;3;Spain;3.52;2025-11-24T05:30:00+01:00
600;Marginal price Day Ahead market Spain;3;Spain;3.52;2025-11-24T05:45:00+01:00
600;Marginal price Day Ahead market Spain;3;Spain;4.96;2025-11-24T06:00:00+01:00
600;Marginal price Day Ahead market Spain;3;Spain;10.1;2025-11-24T06:15:00+01:00
600;Marginal price Day Ahead market Spain;3;Spain;16.68;2025-11-24T06:30:00+01:00
600;Marginal price Day Ahead market Spain;3;Spain;32;2025-11-24T06:45:00+01:00
600;Marginal price Day Ahead market Spain;3;Spain;40.5;2025-11-24T07:00:00+01:00
600;Marginal price Day Ahead market Spain;3;Spain;46.82;2025-11-24T07:15:00+01:00
600;Marginal price Day Ahead market Spain;3;Spain;50;2025-11-24T07:30:00+01:00
600;Marginal price Day Ahead market Spain;3;Spain;51;2025-11-24T07:45:00+01:00
600;Marginal price Day Ahead market Spain;3;Spain;58.02;2025-11-24T08:00:00+01:00
600;Marginal price Day Ahead market Spain;3;Spain;63.1;2025-11-24T08:15:00+01:00
600;Marginal price Day Ahead market Spain;3;Spain;64;2025-11-24T08:30:00+01:00
600;Marginal price Day Ahead market Spain;3;Spain;60;2025-11-24T08:45:00+01:00
600;Marginal price Day Ahead market Spain;3;Spain;51.08;2025-11-24T09:00:00+01:00
600;Marginal price Day Ahead market Spain;3;Spain;50;2025-11-24T09:15:00+01:00
600;Marginal price Day Ahead market Spain;3;Spain;47.1;2025-11-24T09:30:00+01:00
600;Marginal price Day Ahead market Spain;3;Spain;43.35;2025-11-24T09:45:00+01:00
600;Marginal price Day Ahead market Spain;3;Spain;43.02;2025-11-24T10:00:00+01:00
600;Marginal price Day Ahead market Spain;3;Spain;40.1;2025-11-24T10:15:00+01:00
600;Marginal price Day Ahead market Spain;3;Spain;38.57;2025-11-24T10:30:00+01:00
600;Marginal price Day Ahead market Spain;3;Spain;35.1;2025-11-24T10:45:00+01:00
600;Marginal price Day Ahead market Spain;3;Spain;34;2025-11-24T11:00:00+01:00
600;Marginal price Day Ahead market Spain;3;Spain;31.95;2025-11-24T11:15:00+01:00
600;Marginal price Day Ahead market Spain;3;Spain;30;2025-11-24T11:30:00+01:00
600;Marginal price Day Ahead market Spain;3;Spain;30;2025-11-24T11:45:00+01:00
600;Marginal price Day Ahead market Spain;3;Spain;28;2025-11-24T12:00:00+01:00
600;Marginal price Day Ahead market Spain;3;Spain;28;2025-11-24T12:15:00+01:00
600;Marginal price Day Ahead market Spain;3;Spain;28;2025-11-24T12:30:00+01:00
600;Marginal price Day Ahead market Spain;3;Spain;28.5;2025-11-24T12:45:00+01:00
600;Marginal price Day Ahead market Spain;3;Spain;33.15;2025-11-24T13:00:00+01:00
600;Marginal price Day Ahead market Spain;3;Spain;34;2025-11-24T13:15:00+01:00
600;Marginal price Day Ahead market Spain;3;Spain;34.44;2025-11-24T13:30:00+01:00
600;Marginal price Day Ahead market Spain;3;Spain;35.1;2025-11-24T13:45:00+01:00
600;Marginal price Day Ahead market Spain;3;Spain;35;2025-11-24T14:00:00+01:00
600;Marginal price Day Ahead market Spain;3;Spain;39.32;2025-11-24T14:15:00+01:00
600;Marginal price Day Ahead market Spain;3;Spain;40;2025-11-24T14:30:00+01:00
600;Marginal price Day Ahead market Spain;3;Spain;40.37;2025-11-24T14:45:00+01:00
600;Marginal price Day Ahead market Spain;3;Spain;40.37;2025-11-24T15:00:00+01:00
600;Marginal price Day Ahead market Spain;3;Spain;42.93;2025-11-24T15:15:00+01:00
600;Marginal price Day Ahead market Spain;3;Spain;46.82;2025-11-24T15:30:00+01:00
600;Marginal price Day Ahead market Spain;3;Spain;50.9;2025-11-24T15:45:00+01:00
600;Marginal price Day Ahead market Spain;3;Spain;49;2025-11-24T16:00:00+01:00
600;Marginal price Day Ahead market Spain;3;Spain;52.97;2025-11-24T16:15:00+01:00
600;Marginal price Day Ahead market Spain;3;Spain;57.7;2025-11-24T16:30:00+01:00
600;Marginal price Day Ahead market Spain;3;Spain;63.47;2025-11-24T16:45:00+01:00
600;Marginal price Day Ahead market Spain;3;Spain;50.9;2025-11-24T17:00:00+01:00
600;Marginal price Day Ahead market Spain;3;Spain;57.93;2025-11-24T17:15:00+01:00
600;Marginal price Day Ahead market Spain;3;Spain;67.08;2025-11-24T17:30:00+01:00
600;Marginal price Day Ahead market Spain;3;Spain;70.82;2025-11-24T17:45:00+01:00
600;Marginal price Day Ahead market Spain;3;Spain;70.82;2025-11-24T18:00:00+01:00
600;Marginal price Day Ahead market Spain;3;Spain;71.54;2025-11-24T18:15:00+01:00
600;Marginal price Day Ahead market Spain;3;Spain;73.98;2025-11-24T18:30:00+01:00
600;Marginal price Day Ahead market Spain;3;Spain;75.91;2025-11-24T18:45:00+01:00
600;Marginal price Day Ahead market Spain;3;Spain;72.4;2025-11-24T19:00:00+01:00
600;Marginal price Day Ahead market Spain;3;Spain;73.98;2025-11-24T19:15:00+01:00
600;Marginal price Day Ahead market Spain;3;Spain;75.91;2025-11-24T19:30:00+01:00
600;Marginal price Day Ahead market Spain;3;Spain;77;2025-11-24T19:45:00+01:00
600;Marginal price Day Ahead market Spain;3;Spain;79.6;2025-11-24T20:00:00+01:00
600;Marginal price Day Ahead market Spain;3;Spain;83;2025-11-24T20:15:00+01:00
600;Marginal price Day Ahead market Spain;3;Spain;84.19;2025-11-24T20:30:00+01:00
600;Marginal price Day Ahead market Spain;3;Spain;81.49;2025-11-24T20:45:00+01:00
600;Marginal price Day Ahead market Spain;3;Spain;84.19;2025-11-24T21:00:00+01:00
600;Marginal price Day Ahead market Spain;3;Spain;80.69;2025-11-24T21:15:00+01:00
600;Marginal price Day Ahead market Spain;3;Spain;75.5;2025-11-24T21:30:00+01:00
600;Marginal price Day Ahead market Spain;3;Spain;70.58;2025-11-24T21:45:00+01:00
600;Marginal price Day Ahead market Spain;3;Spain;71.6;2025-11-24T22:00:00+01:00
600;Marginal price Day Ahead market Spain;3;Spain;71.3;2025-11-24T22:15:00+01:00
600;Marginal price Day Ahead market Spain;3;Spain;71.6;2025-11-24T22:30:00+01:00
600;Marginal price Day Ahead market Spain;3;Spain;70.57;2025-11-24T22:45:00+01:00
600;Marginal price Day Ahead market Spain;3;Spain;70.34;2025-11-24T23:00:00+01:00
600;Marginal price Day Ahead market Spain;3;Spain;70;2025-11-24T23:15:00+01:00
600;Marginal price Day Ahead market Spain;3;Spain;62;2025-11-24T23:30:00+01:00
600;Marginal price Day Ahead market Spain;3;Spain;54.44;2025-11-24T23:45:00+01:00
600;Marginal price Day Ahead market Spain;3;Spain;46.35;2025-11-25T00:00:00+01:00
600;Marginal price Day Ahead market Spain;3;Spain;44;2025-11-25T00:15:00+01:00
600;Marginal price Day Ahead market Spain;3;Spain;41.11;2025-11-25T00:30:00+01:00
600;Marginal price Day Ahead market Spain;3;Spain;40.2;2025-11-25T00:45:00+01:00
600;Marginal price Day Ahead market Spain;3;Spain;41.11;2025-11-25T01:00:00+01:00
600;Marginal price Day Ahead market Spain;3;Spain;39.82;2025-11-25T01:15:00+01:00
600;Marginal price Day Ahead market Spain;3;Spain;39.82;2025-11-25T01:30:00+01:00
600;Marginal price Day Ahead market Spain;3;Spain;38.25;2025-11-25T01:45:00+01:00
600;Marginal price Day Ahead market Spain;3;Spain;38.25;2025-11-25T02:00:00+01:00
600;Marginal price Day Ahead market Spain;3;Spain;34.98;2025-11-25T02:15:00+01:00
600;Marginal price Day Ahead market Spain;3;Spain;26.49;2025-11-25T02:30:00+01:00
600;Marginal price Day Ahead market Spain;3;Spain;19.63;2025-11-25T02:45:00+01:00
600;Marginal price Day Ahead market Spain;3;Spain;28.07;2025-11-25T03:00:00+01:00
600;Marginal price Day Ahead market Spain;3;Spain;25.77;2025-11-25T03:15:00+01:00
600;Marginal price Day Ahead market Spain;3;Spain;18.18;2025-11-25T03:30:00+01:00
600;Marginal price Day Ahead market Spain;3;Spain;14;2025-11-25T03:45:00+01:00
600;Marginal price Day Ahead market Spain;3;Spain;11.29;2025-11-25T04:00:00+01:00
600;Marginal price Day Ahead market Spain;3;Spain;12.84;2025-11-25T04:15:00+01:00
600;Marginal price Day Ahead market Spain;3;Spain;19.64;2025-11-25T04:30:00+01:00
600;Marginal price Day Ahead market Spain;3;Spain;23.05;2025-11-25T04:45:00+01:00
600;Marginal price Day Ahead market Spain;3;Spain;25;2025-11-25T05:00:00+01:00
600;Marginal price Day Ahead market Spain;3;Spain;26.81;2025-11-25T05:15:00+01:00
600;Marginal price Day Ahead market Spain;3;Spain;34.64;2025-11-25T05:30:00+01:00
600;Marginal price Day Ahead market Spain;3;Spain;40.85;2025-11-25T05:45:00+01:00
600;Marginal price Day Ahead market Spain;3;Spain;46.35;2025-11-25T06:00:00+01:00
600;Marginal price Day Ahead market Spain;3;Spain;58;2025-11-25T06:15:00+01:00
600;Marginal price Day Ahead market Spain;3;Spain;64.43;2025-11-25T06:30:00+01:00
600;Marginal price Day Ahead market Spain;3;Spain;70.34;2025-11-25T06:45:00+01:00
600;Marginal price Day Ahead market Spain;3;Spain;70.98;2025-11-25T07:00:00+01:00
600;Marginal price Day Ahead market Spain;3;Spain;73.25;2025-11-25T07:15:00+01:00
600;Marginal price Day Ahead market Spain;3;Spain;81.49;2025-11-25T07:30:00+01:00
600;Marginal price Day Ahead market Spain;3;Spain;85;2025-11-25T07:45:00+01:00
600;Marginal price Day Ahead market Spain;3;Spain;88.1;2025-11-25T08:00:00+01:00
600;Marginal price Day Ahead market Spain;3;Spain;87;2025-11-25T08:15:00+01:00
600;Marginal price Day Ahead market Spain;3;Spain;80.11;2025-11-25T08:30:00+01:00
600;Marginal price Day Ahead market Spain;3;Spain;73.25;2025-11-25T08:45:00+01:00
600;Marginal price Day Ahead market Spain;3;Spain;74.14;2025-11-25T09:00:00+01:00
600;Marginal price Day Ahead market Spain;3;Spain;70.58;2025-11-25T09:15:00+01:00
600;Marginal price Day Ahead market Spain;3;Spain;47.62;2025-11-25T09:30:00+01:00
600;Marginal price Day Ahead market Spain;3;Spain;39.82;2025-11-25T09:45:00+01:00
600;Marginal price Day Ahead market Spain;3;Spain;29.69;2025-11-25T10:00:00+01:00
600;Marginal price Day Ahead market Spain;3;Spain;14.35;2025-11-25T10:15:00+01:00
600;Marginal price Day Ahead market Spain;3;Spain;6;2025-11-25T10:30:00+01:00
600;Marginal price Day Ahead market Spain;3;Spain;3.8;2025-11-25T10:45:00+01:00
600;Marginal price Day Ahead market Spain;3;Spain;3.52;2025-11-25T11:00:00+01:00
600;Marginal price Day Ahead market Spain;3;Spain;3.52;2025-11-25T11:15:00+01:00
600;Marginal price Day Ahead market Spain;3;Spain;3.52;2025-11-25T11:30:00+01:00
600;Marginal price Day Ahead market Spain;3;Spain;2.4;2025-11-25T11:45:00+01:00
600;Marginal price Day Ahead market Spain;3;Spain;1.69;2025-11-25T12:00:00+01:00
600;Marginal price Day Ahead market Spain;3;Spain;0.84;2025-11-25T12:15:00+01:00
600;Marginal price Day Ahead market Spain;3;Spain;0.66;2025-11-25T12:30:00+01:00
600;Marginal price Day Ahead market Spain;3;Spain;0.66;2025-11-25T12:45:00+01:00
600;Marginal price Day Ahead market Spain;3;Spain;0.66;2025-11-25T13:00:00+01:00
600;Marginal price Day Ahead market Spain;3;Spain;0.66;2025-11-25T13:15:00+01:00
600;Marginal price Day Ahead market Spain;3;Spain;0.65;2025-11-25T13:30:00+01:00
600;Marginal price Day Ahead market Spain;3;Spain;0.65;2025-11-25T13:45:00+01:00
600;Marginal price Day Ahead market Spain;3;Spain;0.65;2025-11-25T14:00:00+01:00
600;Marginal price Day Ahead market Spain;3;Spain;0.65;2025-11-25T14:15:00+01:00
600;Marginal price Day Ahead market Spain;3;Spain;0.66;2025-11-25T14:30:00+01:00
600;Marginal price Day Ahead market Spain;3;Spain;0.66;2025-11-25T14:45:00+01:00
600;Marginal price Day Ahead market Spain;3;Spain;0.83;2025-11-25T15:00:00+01:00
600;Marginal price Day Ahead market Spain;3;Spain;2.8;2025-11-25T15:15:00+01:00
600;Marginal price Day Ahead market Spain;3;Spain;3.52;2025-11-25T15:30:00+01:00
600;Marginal price Day Ahead market Spain;3;Spain;3.6;2025-11-25T15:45:00+01:00
600;Marginal price Day Ahead market Spain;3;Spain;4.96;2025-11-25T16:00:00+01:00
600;Marginal price Day Ahead market Spain;3;Spain;14.35;2025-11-25T16:15:00+01:00
600;Marginal price Day Ahead market Spain;3;Spain;39.82;2025-11-25T16:30:00+01:00
600;Marginal price Day Ahead market Spain;3;Spain;51.09;2025-11-25T16:45:00+01:00
600;Marginal price Day Ahead market Spain;3;Spain;72;2025-11-25T17:00:00+01:00
600;Marginal price Day Ahead market Spain;3;Spain;87.58;2025-11-25T17:15:00+01:00
600;Marginal price Day Ahead market Spain;3;Spain;93.8;2025-11-25T17:30:00+01:00
600;Marginal price Day Ahead market Spain;3;Spain;103.12;2025-11-25T17:45:00+01:00
600;Marginal price Day Ahead market Spain;3;Spain;93.4;2025-11-25T18:00:00+01:00
600;Marginal price Day Ahead market Spain;3;Spain;97.03;2025-11-25T18:15:00+01:00
600;Marginal price Day Ahead market Spain;3;Spain;103.82;2025-11-25T18:30:00+01:00
600;Marginal price Day Ahead market Spain;3;Spain;105.07;2025-11-25T18:45:00+01:00
600;Marginal price Day Ahead market Spain;3;Spain;101.79;2025-11-25T19:00:00+01:00
600;Marginal price Day Ahead market Spain;3;Spain;102;2025-11-25T19:15:00+01:00
600;Marginal price Day Ahead market Spain;3;Spain;102;2025-11-25T19:30:00+01:00
600;Marginal price Day Ahead market Spain;3;Spain;102.64;2025-11-25T19:45:00+01:00
600;Marginal price Day Ahead market Spain;3;Spain;97.03;2025-11-25T20:00:00+01:00
600;Marginal price Day Ahead market Spain;3;Spain;97.03;2025-11-25T20:15:00+01:00
600;Marginal price Day Ahead market Spain;3;Spain;97.03;2025-11-25T20:30:00+01:00
600;Marginal price Day Ahead market Spain;3;Spain;94.02;2025-11-25T20:45:00+01:00
600;Marginal price Day Ahead market Spain;3;Spain;92.9;2025-11-25T21:00:00+01:00
600;Marginal price Day Ahead market Spain;3;Spain;91.14;2025-11-25T21:15:00+01:00
600;Marginal price Day Ahead market Spain;3;Spain;89.23;2025-11-25T21:30:00+01:00
600;Marginal price Day Ahead market Spain;3;Spain;87.98;2025-11-25T21:45:00+01:00
600;Marginal price Day Ahead market Spain;3;Spain;90.2;2025-11-25T22:00:00+01:00
600;Marginal price Day Ahead market Spain;3;Spain;88.06;2025-11-25T22:15:00+01:00
600;Marginal price Day Ahead market Spain;3;Spain;88.54;2025-11-25T22:30:00+01:00
600;Marginal price Day Ahead market Spain;3;Spain;87.58;2025-11-25T22:45:00+01:00
600;Marginal price Day Ahead market Spain;3;Spain;87.58;2025-11-25T23:00:00+01:00
600;Marginal price Day Ahead market Spain;3;Spain;80;2025-11-25T23:15:00+01:00
600;Marginal price Day Ahead market Spain;3;Spain;79.6;2025-11-25T23:30:00+01:00
600;Marginal price Day Ahead market Spain;3;Spain;74.33;2025-11-25T23:45:00+01:00
600;Marginal price Day Ahead market Spain;3;Spain;84.98;2025-11-26T00:00:00+01:00
600;Marginal price Day Ahead market Spain;3;Spain;83.4;2025-11-26T00:15:00+01:00
600;Marginal price Day Ahead market Spain;3;Spain;74.16;2025-11-26T00:30:00+01:00
600;Marginal price Day Ahead market Spain;3;Spain;70;2025-11-26T00:45:00+01:00
600;Marginal price Day Ahead market Spain;3;Spain;73.91;2025-11-26T01:00:00+01:00
600;Marginal price Day Ahead market Spain;3;Spain;68.05;2025-11-26T01:15:00+01:00
600;Marginal price Day Ahead market Spain;3;Spain;67.22;2025-11-26T01:30:00+01:00
600;Marginal price Day Ahead market Spain;3;Spain;66.7;2025-11-26T01:45:00+01:00
600;Marginal price Day Ahead market Spain;3;Spain;67.22;2025-11-26T02:00:00+01:00
600;Marginal price Day Ahead market Spain;3;Spain;62.05;2025-11-26T02:15:00+01:00
600;Marginal price Day Ahead market Spain;3;Spain;60.24;2025-11-26T02:30:00+01:00
600;Marginal price Day Ahead market Spain;3;Spain;60;2025-11-26T02:45:00+01:00
600;Marginal price Day Ahead market Spain;3;Spain;66.13;2025-11-26T03:00:00+01:00
600;Marginal price Day Ahead market Spain;3;Spain;64.05;2025-11-26T03:15:00+01:00
600;Marginal price Day Ahead market Spain;3;Spain;61.89;2025-11-26T03:30:00+01:00
600;Marginal price Day Ahead market Spain;3;Spain;60.25;2025-11-26T03:45:00+01:00
600;Marginal price Day Ahead market Spain;3;Spain;60.73;2025-11-26T04:00:00+01:00
600;Marginal price Day Ahead market Spain;3;Spain;60.46;2025-11-26T04:15:00+01:00
600;Marginal price Day Ahead market Spain;3;Spain;61.12;2025-11-26T04:30:00+01:00
600;Marginal price Day Ahead market Spain;3;Spain;65.65;2025-11-26T04:45:00+01:00
600;Marginal price Day Ahead market Spain;3;Spain;67.22;2025-11-26T05:00:00+01:00
600;Marginal price Day Ahead market Spain;3;Spain;67.22;2025-11-26T05:15:00+01:00
600;Marginal price Day Ahead market Spain;3;Spain;77.51;2025-11-26T05:30:00+01:00
600;Marginal price Day Ahead market Spain;3;Spain;83.7;2025-11-26T05:45:00+01:00
600;Marginal price Day Ahead market Spain;3;Spain;71.63;2025-11-26T06:00:00+01:00
600;Marginal price Day Ahead market Spain;3;Spain;80;2025-11-26T06:15:00+01:00
600;Marginal price Day Ahead market Spain;3;Spain;84.98;2025-11-26T06:30:00+01:00
600;Marginal price Day Ahead market Spain;3;Spain;87.58;2025-11-26T06:45:00+01:00
600;Marginal price Day Ahead market Spain;3;Spain;87.34;2025-11-26T07:00:00+01:00
600;Marginal price Day Ahead market Spain;3;Spain;90.8;2025-11-26T07:15:00+01:00
600;Marginal price Day Ahead market Spain;3;Spain;94.98;2025-11-26T07:30:00+01:00
600;Marginal price Day Ahead market Spain;3;Spain;105.05;2025-11-26T07:45:00+01:00
600;Marginal price Day Ahead market Spain;3;Spain;107.53;2025-11-26T08:00:00+01:00
600;Marginal price Day Ahead market Spain;3;Spain;115.29;2025-11-26T08:15:00+01:00
600;Marginal price Day Ahead market Spain;3;Spain;105.05;2025-11-26T08:30:00+01:00
600;Marginal price Day Ahead market Spain;3;Spain;90.8;2025-11-26T08:45:00+01:00
600;Marginal price Day Ahead market Spain;3;Spain;88.3;2025-11-26T09:00:00+01:00
600;Marginal price Day Ahead market Spain;3;Spain;80;2025-11-26T09:15:00+01:00
600;Marginal price Day Ahead market Spain;3;Spain;58.5;2025-11-26T09:30:00+01:00
600;Marginal price Day Ahead market Spain;3;Spain;50;2025-11-26T09:45:00+01:00
600;Marginal price Day Ahead market Spain;3;Spain;50.67;2025-11-26T10:00:00+01:00
600;Marginal price Day Ahead market Spain;3;Spain;40.81;2025-11-26T10:15:00+01:00
600;Marginal price Day Ahead market Spain;3;Spain;27.21;2025-11-26T10:30:00+01:00
600;Marginal price Day Ahead market Spain;3;Spain;16.46;2025-11-26T10:45:00+01:00
600;Marginal price Day Ahead market Spain;3;Spain;7.5;2025-11-26T11:00:00+01:00
600;Marginal price Day Ahead market Spain;3;Spain;5.11;2025-11-26T11:15:00+01:00
600;Marginal price Day Ahead market Spain;3;Spain;5;2025-11-26T11:30:00+01:00
600;Marginal price Day Ahead market Spain;3;Spain;3.6;2025-11-26T11:45:00+01:00
600;Marginal price Day Ahead market Spain;3;Spain;3.6;2025-11-26T12:00:00+01:00
600;Marginal price Day Ahead market Spain;3;Spain;3.6;2025-11-26T12:15:00+01:00
600;Marginal price Day Ahead market Spain;3;Spain;3.6;2025-11-26T12:30:00+01:00
600;Marginal price Day Ahead market Spain;3;Spain;3.52;2025-11-26T12:45:00+01:00
600;Marginal price Day Ahead market Spain;3;Spain;3.52;2025-11-26T13:00:00+01:00
600;Marginal price Day Ahead market Spain;3;Spain;3.6;2025-11-26T13:15:00+01:00
600;Marginal price Day Ahead market Spain;3;Spain;3.6;2025-11-26T13:30:00+01:00
600;Marginal price Day Ahead market Spain;3;Spain;3.52;2025-11-26T13:45:00+01:00
600;Marginal price Day Ahead market Spain;3;Spain;3.6;2025-11-26T14:00:00+01:00
600;Marginal price Day Ahead market Spain;3;Spain;3.6;2025-11-26T14:15:00+01:00
600;Marginal price Day Ahead market Spain;3;Spain;4;2025-11-26T14:30:00+01:00
600;Marginal price Day Ahead market Spain;3;Spain;5;2025-11-26T14:45:00+01:00
600;Marginal price Day Ahead market Spain;3;Spain;7.3;2025-11-26T15:00:00+01:00
600;Marginal price Day Ahead market Spain;3;Spain;10;2025-11-26T15:15:00+01:00
600;Marginal price Day Ahead market Spain;3;Spain;16.57;2025-11-26T15:30:00+01:00
600;Marginal price Day Ahead market Spain;3;Spain;35;2025-11-26T15:45:00+01:00
600;Marginal price Day Ahead market Spain;3;Spain;45.01;2025-11-26T16:00:00+01:00
600;Marginal price Day Ahead market Spain;3;Spain;57.72;2025-11-26T16:15:00+01:00
600;Marginal price Day Ahead market Spain;3;Spain;80;2025-11-26T16:30:00+01:00
600;Marginal price Day Ahead market Spain;3;Spain;97.1;2025-11-26T16:45:00+01:00
600;Marginal price Day Ahead market Spain;3;Spain;83.02;2025-11-26T17:00:00+01:00
600;Marginal price Day Ahead market Spain;3;Spain;92.23;2025-11-26T17:15:00+01:00
600;Marginal price Day Ahead market Spain;3;Spain;103.82;2025-11-26T17:30:00+01:00
600;Marginal price Day Ahead market Spain;3;Spain;110.75;2025-11-26T17:45:00+01:00
600;Marginal price Day Ahead market Spain;3;Spain;106.49;2025-11-26T18:00:00+01:00
600;Marginal price Day Ahead market Spain;3;Spain;119.46;2025-11-26T18:15:00+01:00
600;Marginal price Day Ahead market Spain;3;Spain;125.76;2025-11-26T18:30:00+01:00
600;Marginal price Day Ahead market Spain;3;Spain;130.01;2025-11-26T18:45:00+01:00
600;Marginal price Day Ahead market Spain;3;Spain;132.34;2025-11-26T19:00:00+01:00
600;Marginal price Day Ahead market Spain;3;Spain;158.18;2025-11-26T19:15:00+01:00
600;Marginal price Day Ahead market Spain;3;Spain;150;2025-11-26T19:30:00+01:00
600;Marginal price Day Ahead market Spain;3;Spain;127.52;2025-11-26T19:45:00+01:00
600;Marginal price Day Ahead market Spain;3;Spain;146.79;2025-11-26T20:00:00+01:00
600;Marginal price Day Ahead market Spain;3;Spain;130.01;2025-11-26T20:15:00+01:00
600;Marginal price Day Ahead market Spain;3;Spain;116.03;2025-11-26T20:30:00+01:00
600;Marginal price Day Ahead market Spain;3;Spain;106.49;2025-11-26T20:45:00+01:00
600;Marginal price Day Ahead market Spain;3;Spain;106.49;2025-11-26T21:00:00+01:00
600;Marginal price Day Ahead market Spain;3;Spain;103.82;2025-11-26T21:15:00+01:00
600;Marginal price Day Ahead market Spain;3;Spain;98.3;2025-11-26T21:30:00+01:00
600;Marginal price Day Ahead market Spain;3;Spain;92.23;2025-11-26T21:45:00+01:00
600;Marginal price Day Ahead market Spain;3;Spain;92.23;2025-11-26T22:00:00+01:00
600;Marginal price Day Ahead market Spain;3;Spain;90.8;2025-11-26T22:15:00+01:00
600;Marginal price Day Ahead market Spain;3;Spain;94.27;2025-11-26T22:30:00+01:00
600;Marginal price Day Ahead market Spain;3;Spain;90.26;2025-11-26T22:45:00+01:00
600;Marginal price Day Ahead market Spain;3;Spain;94.1;2025-11-26T23:00:00+01:00
600;Marginal price Day Ahead market Spain;3;Spain;90.9;2025-11-26T23:15:00+01:00
600;Marginal price Day Ahead market Spain;3;Spain;88.06;2025-11-26T23:30:00+01:00
600;Marginal price Day Ahead market Spain;3;Spain;82.5;2025-11-26T23:45:00+01:00
600;Marginal price Day Ahead market Spain;3;Spain;94.07;2025-11-27T00:00:00+01:00
600;Marginal price Day Ahead market Spain;3;Spain;91.21;2025-11-27T00:15:00+01:00
600;Marginal price Day Ahead market Spain;3;Spain;87.81;2025-11-27T00:30:00+01:00
600;Marginal price Day Ahead market Spain;3;Spain;82.47;2025-11-27T00:45:00+01:00
600;Marginal price Day Ahead market Spain;3;Spain;86;2025-11-27T01:00:00+01:00
600;Marginal price Day Ahead market Spain;3;Spain;81.18;2025-11-27T01:15:00+01:00
600;Marginal price Day Ahead market Spain;3;Spain;80;2025-11-27T01:30:00+01:00
600;Marginal price Day Ahead market Spain;3;Spain;78.66;2025-11-27T01:45:00+01:00
600;Marginal price Day Ahead market Spain;3;Spain;78.66;2025-11-27T02:00:00+01:00
600;Marginal price Day Ahead market Spain;3;Spain;74.49;2025-11-27T02:15:00+01:00
600;Marginal price Day Ahead market Spain;3;Spain;72.1;2025-11-27T02:30:00+01:00
600;Marginal price Day Ahead market Spain;3;Spain;70;2025-11-27T02:45:00+01:00
600;Marginal price Day Ahead market Spain;3;Spain;72.08;2025-11-27T03:00:00+01:00
600;Marginal price Day Ahead market Spain;3;Spain;68.59;2025-11-27T03:15:00+01:00
600;Marginal price Day Ahead market Spain;3;Spain;67.47;2025-11-27T03:30:00+01:00
600;Marginal price Day Ahead market Spain;3;Spain;65.5;2025-11-27T03:45:00+01:00
600;Marginal price Day Ahead market Spain;3;Spain;66.07;2025-11-27T04:00:00+01:00
600;Marginal price Day Ahead market Spain;3;Spain;65.38;2025-11-27T04:15:00+01:00
600;Marginal price Day Ahead market Spain;3;Spain;66.07;2025-11-27T04:30:00+01:00
600;Marginal price Day Ahead market Spain;3;Spain;68.01;2025-11-27T04:45:00+01:00
600;Marginal price Day Ahead market Spain;3;Spain;65.37;2025-11-27T05:00:00+01:00
600;Marginal price Day Ahead market Spain;3;Spain;65.5;2025-11-27T05:15:00+01:00
600;Marginal price Day Ahead market Spain;3;Spain;70;2025-11-27T05:30:00+01:00
600;Marginal price Day Ahead market Spain;3;Spain;75;2025-11-27T05:45:00+01:00
600;Marginal price Day Ahead market Spain;3;Spain;69.32;2025-11-27T06:00:00+01:00
600;Marginal price Day Ahead market Spain;3;Spain;75.01;2025-11-27T06:15:00+01:00
600;Marginal price Day Ahead market Spain;3;Spain;80.02;2025-11-27T06:30:00+01:00
600;Marginal price Day Ahead market Spain;3;Spain;85.5;2025-11-27T06:45:00+01:00
600;Marginal price Day Ahead market Spain;3;Spain;90.28;2025-11-27T07:00:00+01:00
600;Marginal price Day Ahead market Spain;3;Spain;95.46;2025-11-27T07:15:00+01:00
600;Marginal price Day Ahead market Spain;3;Spain;99.53;2025-11-27T07:30:00+01:00
600;Marginal price Day Ahead market Spain;3;Spain;101.58;2025-11-27T07:45:00+01:00
600;Marginal price Day Ahead market Spain;3;Spain;104.71;2025-11-27T08:00:00+01:00
600;Marginal price Day Ahead market Spain;3;Spain;104.34;2025-11-27T08:15:00+01:00
600;Marginal price Day Ahead market Spain;3;Spain;100.32;2025-11-27T08:30:00+01:00
600;Marginal price Day Ahead market Spain;3;Spain;90.2;2025-11-27T08:45:00+01:00
600;Marginal price Day Ahead market Spain;3;Spain;101.58;2025-11-27T09:00:00+01:00
600;Marginal price Day Ahead market Spain;3;Spain;89.98;2025-11-27T09:15:00+01:00
600;Marginal price Day Ahead market Spain;3;Spain;80;2025-11-27T09:30:00+01:00
600;Marginal price Day Ahead market Spain;3;Spain;65.1;2025-11-27T09:45:00+01:00
600;Marginal price Day Ahead market Spain;3;Spain;67;2025-11-27T10:00:00+01:00
600;Marginal price Day Ahead market Spain;3;Spain;62.28;2025-11-27T10:15:00+01:00
600;Marginal price Day Ahead market Spain;3;Spain;50.3;2025-11-27T10:30:00+01:00
600;Marginal price Day Ahead market Spain;3;Spain;41.9;2025-11-27T10:45:00+01:00
600;Marginal price Day Ahead market Spain;3;Spain;47.32;2025-11-27T11:00:00+01:00
600;Marginal price Day Ahead market Spain;3;Spain;46.3;2025-11-27T11:15:00+01:00
600;Marginal price Day Ahead market Spain;3;Spain;43.8;2025-11-27T11:30:00+01:00
600;Marginal price Day Ahead market Spain;3;Spain;43.8;2025-11-27T11:45:00+01:00
600;Marginal price Day Ahead market Spain;3;Spain;45;2025-11-27T12:00:00+01:00
600;Marginal price Day Ahead market Spain;3;Spain;45;2025-11-27T12:15:00+01:00
600;Marginal price Day Ahead market Spain;3;Spain;46.3;2025-11-27T12:30:00+01:00
600;Marginal price Day Ahead market Spain;3;Spain;47.32;2025-11-27T12:45:00+01:00
600;Marginal price Day Ahead market Spain;3;Spain;50;2025-11-27T13:00:00+01:00
600;Marginal price Day Ahead market Spain;3;Spain;51.01;2025-11-27T13:15:00+01:00
600;Marginal price Day Ahead market Spain;3;Spain;54;2025-11-27T13:30:00+01:00
600;Marginal price Day Ahead market Spain;3;Spain;51.35;2025-11-27T13:45:00+01:00
600;Marginal price Day Ahead market Spain;3;Spain;51.35;2025-11-27T14:00:00+01:00
600;Marginal price Day Ahead market Spain;3;Spain;54.96;2025-11-27T14:15:00+01:00
600;Marginal price Day Ahead market Spain;3;Spain;55.13;2025-11-27T14:30:00+01:00
600;Marginal price Day Ahead market Spain;3;Spain;60.46;2025-11-27T14:45:00+01:00
600;Marginal price Day Ahead market Spain;3;Spain;54;2025-11-27T15:00:00+01:00
600;Marginal price Day Ahead market Spain;3;Spain;62;2025-11-27T15:15:00+01:00
600;Marginal price Day Ahead market Spain;3;Spain;65;2025-11-27T15:30:00+01:00
600;Marginal price Day Ahead market Spain;3;Spain;74.33;2025-11-27T15:45:00+01:00
600;Marginal price Day Ahead market Spain;3;Spain;65.32;2025-11-27T16:00:00+01:00
600;Marginal price Day Ahead market Spain;3;Spain;80.1;2025-11-27T16:15:00+01:00
600;Marginal price Day Ahead market Spain;3;Spain;90.2;2025-11-27T16:30:00+01:00
600;Marginal price Day Ahead market Spain;3;Spain;100.78;2025-11-27T16:45:00+01:00
600;Marginal price Day Ahead market Spain;3;Spain;88.53;2025-11-27T17:00:00+01:00
600;Marginal price Day Ahead market Spain;3;Spain;98;2025-11-27T17:15:00+01:00
600;Marginal price Day Ahead market Spain;3;Spain;104.71;2025-11-27T17:30:00+01:00
600;Marginal price Day Ahead market Spain;3;Spain;114.99;2025-11-27T17:45:00+01:00
600;Marginal price Day Ahead market Spain;3;Spain;107.99;2025-11-27T18:00:00+01:00
600;Marginal price Day Ahead market Spain;3;Spain;122.85;2025-11-27T18:15:00+01:00
600;Marginal price Day Ahead market Spain;3;Spain;110;2025-11-27T18:30:00+01:00
600;Marginal price Day Ahead market Spain;3;Spain;118.02;2025-11-27T18:45:00+01:00
600;Marginal price Day Ahead market Spain;3;Spain;110;2025-11-27T19:00:00+01:00
600;Marginal price Day Ahead market Spain;3;Spain;118.02;2025-11-27T19:15:00+01:00
600;Marginal price Day Ahead market Spain;3;Spain;123;2025-11-27T19:30:00+01:00
600;Marginal price Day Ahead market Spain;3;Spain;125.01;2025-11-27T19:45:00+01:00
600;Marginal price Day Ahead market Spain;3;Spain;137;2025-11-27T20:00:00+01:00
600;Marginal price Day Ahead market Spain;3;Spain;145.56;2025-11-27T20:15:00+01:00
600;Marginal price Day Ahead market Spain;3;Spain;152.29;2025-11-27T20:30:00+01:00
600;Marginal price Day Ahead market Spain;3;Spain;154.73;2025-11-27T20:45:00+01:00
600;Marginal price Day Ahead market Spain;3;Spain;170.01;2025-11-27T21:00:00+01:00
600;Marginal price Day Ahead market Spain;3;Spain;166.6;2025-11-27T21:15:00+01:00
600;Marginal price Day Ahead market Spain;3;Spain;158.93;2025-11-27T21:30:00+01:00
600;Marginal price Day Ahead market Spain;3;Spain;128.16;2025-11-27T21:45:00+01:00
600;Marginal price Day Ahead market Spain;3;Spain;128.17;2025-11-27T22:00:00+01:00
600;Marginal price Day Ahead market Spain;3;Spain;124.58;2025-11-27T22:15:00+01:00
600;Marginal price Day Ahead market Spain;3;Spain;105.54;2025-11-27T22:30:00+01:00
600;Marginal price Day Ahead market Spain;3;Spain;104.71;2025-11-27T22:45:00+01:00
600;Marginal price Day Ahead market Spain;3;Spain;104.82;2025-11-27T23:00:00+01:00
600;Marginal price Day Ahead market Spain;3;Spain;104.1;2025-11-27T23:15:00+01:00
600;Marginal price Day Ahead market Spain;3;Spain;101.58;2025-11-27T23:30:00+01:00
600;Marginal price Day Ahead market Spain;3;Spain;98.69;2025-11-27T23:45:00+01:00
600;Marginal price Day Ahead market Spain;3;Spain;95.6;2025-11-28T00:00:00+01:00
600;Marginal price Day Ahead market Spain;3;Spain;92.9;2025-11-28T00:15:00+01:00
600;Marginal price Day Ahead market Spain;3;Spain;90.01;2025-11-28T00:30:00+01:00
600;Marginal price Day Ahead market Spain;3;Spain;88.28;2025-11-28T00:45:00+01:00
600;Marginal price Day Ahead market Spain;3;Spain;90.2;2025-11-28T01:00:00+01:00
600;Marginal price Day Ahead market Spain;3;Spain;88.4;2025-11-28T01:15:00+01:00
600;Marginal price Day Ahead market Spain;3;Spain;85.51;2025-11-28T01:30:00+01:00
600;Marginal price Day Ahead market Spain;3;Spain;84.19;2025-11-28T01:45:00+01:00
600;Marginal price Day Ahead market Spain;3;Spain;92.05;2025-11-28T02:00:00+01:00
600;Marginal price Day Ahead market Spain;3;Spain;90.8;2025-11-28T02:15:00+01:00
600;Marginal price Day Ahead market Spain;3;Spain;90;2025-11-28T02:30:00+01:00
600;Marginal price Day Ahead market Spain;3;Spain;89.98;2025-11-28T02:45:00+01:00
600;Marginal price Day Ahead market Spain;3;Spain;89.98;2025-11-28T03:00:00+01:00
600;Marginal price Day Ahead market Spain;3;Spain;88.4;2025-11-28T03:15:00+01:00
600;Marginal price Day Ahead market Spain;3;Spain;88.79;2025-11-28T03:30:00+01:00
600;Marginal price Day Ahead market Spain;3;Spain;88.4;2025-11-28T03:45:00+01:00
600;Marginal price Day Ahead market Spain;3;Spain;88.4;2025-11-28T04:00:00+01:00
600;Marginal price Day Ahead market Spain;3;Spain;88.4;2025-11-28T04:15:00+01:00
600;Marginal price Day Ahead market Spain;3;Spain;88.4;2025-11-28T04:30:00+01:00
600;Marginal price Day Ahead market Spain;3;Spain;89.98;2025-11-28T04:45:00+01:00
600;Marginal price Day Ahead market Spain;3;Spain;89.98;2025-11-28T05:00:00+01:00
600;Marginal price Day Ahead market Spain;3;Spain;90.2;2025-11-28T05:15:00+01:00
600;Marginal price Day Ahead market Spain;3;Spain;93;2025-11-28T05:30:00+01:00
600;Marginal price Day Ahead market Spain;3;Spain;95.58;2025-11-28T05:45:00+01:00
600;Marginal price Day Ahead market Spain;3;Spain;95;2025-11-28T06:00:00+01:00
600;Marginal price Day Ahead market Spain;3;Spain;95.82;2025-11-28T06:15:00+01:00
600;Marginal price Day Ahead market Spain;3;Spain;97.92;2025-11-28T06:30:00+01:00
600;Marginal price Day Ahead market Spain;3;Spain;101.17;2025-11-28T06:45:00+01:00
600;Marginal price Day Ahead market Spain;3;Spain;107;2025-11-28T07:00:00+01:00
600;Marginal price Day Ahead market Spain;3;Spain;123.14;2025-11-28T07:15:00+01:00
600;Marginal price Day Ahead market Spain;3;Spain;130.01;2025-11-28T07:30:00+01:00
600;Marginal price Day Ahead market Spain;3;Spain;154.48;2025-11-28T07:45:00+01:00
600;Marginal price Day Ahead market Spain;3;Spain;154.48;2025-11-28T08:00:00+01:00
600;Marginal price Day Ahead market Spain;3;Spain;145.56;2025-11-28T08:15:00+01:00
600;Marginal price Day Ahead market Spain;3;Spain;128.16;2025-11-28T08:30:00+01:00
600;Marginal price Day Ahead market Spain;3;Spain;109.47;2025-11-28T08:45:00+01:00
600;Marginal price Day Ahead market Spain;3;Spain;119.7;2025-11-28T09:00:00+01:00
600;Marginal price Day Ahead market Spain;3;Spain;104.26;2025-11-28T09:15:00+01:00
600;Marginal price Day Ahead market Spain;3;Spain;97.92;2025-11-28T09:30:00+01:00
600;Marginal price Day Ahead market Spain;3;Spain;86.01;2025-11-28T09:45:00+01:00
600;Marginal price Day Ahead market Spain;3;Spain;96.5;2025-11-28T10:00:00+01:00
600;Marginal price Day Ahead market Spain;3;Spain;89.98;2025-11-28T10:15:00+01:00
600;Marginal price Day Ahead market Spain;3;Spain;85.97;2025-11-28T10:30:00+01:00
600;Marginal price Day Ahead market Spain;3;Spain;79.7;2025-11-28T10:45:00+01:00
600;Marginal price Day Ahead market Spain;3;Spain;79.7;2025-11-28T11:00:00+01:00
600;Marginal price Day Ahead market Spain;3;Spain;78.66;2025-11-28T11:15:00+01:00
600;Marginal price Day Ahead market Spain;3;Spain;76.2;2025-11-28T11:30:00+01:00
600;Marginal price Day Ahead market Spain;3;Spain;77;2025-11-28T11:45:00+01:00
600;Marginal price Day Ahead market Spain;3;Spain;78.41;2025-11-28T12:00:00+01:00
600;Marginal price Day Ahead market Spain;3;Spain;77;2025-11-28T12:15:00+01:00
600;Marginal price Day Ahead market Spain;3;Spain;78.01;2025-11-28T12:30:00+01:00
600;Marginal price Day Ahead market Spain;3;Spain;75.97;2025-11-28T12:45:00+01:00
600;Marginal price Day Ahead market Spain;3;Spain;75;2025-11-28T13:00:00+01:00
600;Marginal price Day Ahead market Spain;3;Spain;73;2025-11-28T13:15:00+01:00
600;Marginal price Day Ahead market Spain;3;Spain;70;2025-11-28T13:30:00+01:00
600;Marginal price Day Ahead market Spain;3;Spain;69;2025-11-28T13:45:00+01:00
600;Marginal price Day Ahead market Spain;3;Spain;69.21;2025-11-28T14:00:00+01:00
600;Marginal price Day Ahead market Spain;3;Spain;68;2025-11-28T14:15:00+01:00
600;Marginal price Day Ahead market Spain;3;Spain;67.98;2025-11-28T14:30:00+01:00
600;Marginal price Day Ahead market Spain;3;Spain;71;2025-11-28T14:45:00+01:00
600;Marginal price Day Ahead market Spain;3;Spain;66.02;2025-11-28T15:00:00+01:00
600;Marginal price Day Ahead market Spain;3;Spain;71.6;2025-11-28T15:15:00+01:00
600;Marginal price Day Ahead market Spain;3;Spain;76.5;2025-11-28T15:30:00+01:00
600;Marginal price Day Ahead market Spain;3;Spain;84.78;2025-11-28T15:45:00+01:00
600;Marginal price Day Ahead market Spain;3;Spain;78;2025-11-28T16:00:00+01:00
600;Marginal price Day Ahead market Spain;3;Spain;84.61;2025-11-28T16:15:00+01:00
600;Marginal price Day Ahead market Spain;3;Spain;85;2025-11-28T16:30:00+01:00
600;Marginal price Day Ahead market Spain;3;Spain;100.53;2025-11-28T16:45:00+01:00
600;Marginal price Day Ahead market Spain;3;Spain;90.8;2025-11-28T17:00:00+01:00
600;Marginal price Day Ahead market Spain;3;Spain;99.71;2025-11-28T17:15:00+01:00
600;Marginal price Day Ahead market Spain;3;Spain;107.92;2025-11-28T17:30:00+01:00
600;Marginal price Day Ahead market Spain;3;Spain;123.14;2025-11-28T17:45:00+01:00
600;Marginal price Day Ahead market Spain;3;Spain;115;2025-11-28T18:00:00+01:00
600;Marginal price Day Ahead market Spain;3;Spain;118.98;2025-11-28T18:15:00+01:00
600;Marginal price Day Ahead market Spain;3;Spain;122.94;2025-11-28T18:30:00+01:00
600;Marginal price Day Ahead market Spain;3;Spain;123.14;2025-11-28T18:45:00+01:00
600;Marginal price Day Ahead market Spain;3;Spain;125.68;2025-11-28T19:00:00+01:00
600;Marginal price Day Ahead market Spain;3;Spain;127.07;2025-11-28T19:15:00+01:00
600;Marginal price Day Ahead market Spain;3;Spain;130.01;2025-11-28T19:30:00+01:00
600;Marginal price Day Ahead market Spain;3;Spain;130.01;2025-11-28T19:45:00+01:00
600;Marginal price Day Ahead market Spain;3;Spain;142.19;2025-11-28T20:00:00+01:00
600;Marginal price Day Ahead market Spain;3;Spain;147.49;2025-11-28T20:15:00+01:00
600;Marginal price Day Ahead market Spain;3;Spain;145.56;2025-11-28T20:30:00+01:00
600;Marginal price Day Ahead market Spain;3;Spain;137.02;2025-11-28T20:45:00+01:00
600;Marginal price Day Ahead market Spain;3;Spain;133;2025-11-28T21:00:00+01:00
600;Marginal price Day Ahead market Spain;3;Spain;128.16;2025-11-28T21:15:00+01:00
600;Marginal price Day Ahead market Spain;3;Spain;123.14;2025-11-28T21:30:00+01:00
600;Marginal price Day Ahead market Spain;3;Spain;109.66;2025-11-28T21:45:00+01:00
600;Marginal price Day Ahead market Spain;3;Spain;109.47;2025-11-28T22:00:00+01:00
600;Marginal price Day Ahead market Spain;3;Spain;101.17;2025-11-28T22:15:00+01:00
600;Marginal price Day Ahead market Spain;3;Spain;100;2025-11-28T22:30:00+01:00
600;Marginal price Day Ahead market Spain;3;Spain;99.71;2025-11-28T22:45:00+01:00
600;Marginal price Day Ahead market Spain;3;Spain;101.38;2025-11-28T23:00:00+01:00
600;Marginal price Day Ahead market Spain;3;Spain;100;2025-11-28T23:15:00+01:00
600;Marginal price Day Ahead market Spain;3;Spain;96.54;2025-11-28T23:30:00+01:00
600;Marginal price Day Ahead market Spain;3;Spain;98.22;2025-11-28T23:45:00+01:00